0.050,0.050,0.0010168690659040,0.0018566731401406,3.3126709943909107
0.150,0.050,0.0066884243786050,0.0020198645483984,3.3189190440387204
0.250,0.050,0.0105822544884507,0.0008032392442140,3.3222313384869597
0.350,0.050,0.0126095471131757,0.0000562679319963,3.3247811789600741
0.450,0.050,0.0137564038263666,0.0001724437207370,3.3266868643340874
0.550,0.050,0.0144063413660628,0.0001775220464400,3.3280456606545821
0.650,0.050,0.0146028292765421,0.0000961728502032,3.3291872703411007
0.750,0.050,0.0143951645704941,0.0000243586955147,3.3303327536435283
0.850,0.050,0.0138740547968011,0.0001379198553383,3.3316131156757907
0.950,0.050,0.0131063149891457,0.0001930997880116,3.3330502424306818
1.050,0.050,0.0121128172082122,0.0001561162963849,3.3346305208776652
1.150,0.050,0.0108644547582143,0.0000232656736582,3.3363201152566786
1.250,0.050,0.0093025389761460,0.0001910665735387,3.3380405030647493
1.350,0.050,0.0073517395022306,0.0004707005266598,3.3397232065671174
1.450,0.050,0.0049365125664667,0.0008096899359300,3.3412933928169366
1.550,0.050,0.0019888261093720,0.0012081103978569,3.3426528491237839
1.650,0.050,0.0015499434785374,0.0016678254628089,3.3436834233068531
1.750,0.050,0.0057390319718002,0.0021812117968142,3.3443220232517508
1.850,0.050,0.0106596788316197,0.0027294097937031,3.3444475646123681
1.950,0.050,0.0164260944260136,0.0032773545976193,3.3440190747736835
2.050,0.050,0.0231956890090915,0.0037826163127682,3.3429631116062613
2.150,0.050,0.0311547369179626,0.0042035657344005,3.3412784140839875
2.250,0.050,0.0404789289714021,0.0045195462168780,3.3389565503199146
2.350,0.050,0.0512846915029147,0.0047397406503169,3.3360389167416526
2.450,0.050,0.0635985572693280,0.0049098900252703,3.3325520793979813
2.550,0.050,0.0773332216295249,0.0050945542272456,3.3285447033968687
2.650,0.050,0.0923236298948819,0.0053590680940022,3.3240602950705060
2.750,0.050,0.1083680672162683,0.0057408850191685,3.3191509339727823
2.850,0.050,0.1252985251177245,0.0062436963288896,3.3138977611505398
2.950,0.050,0.1430490805354975,0.0068357514642026,3.3084327722577465
3.050,0.050,0.1617187614970523,0.0074704832715999,3.3030308316259989
3.150,0.050,0.1816287040225882,0.0080989389567846,3.2981179645611531
3.250,0.050,0.2033526566795563,0.0086943270107675,3.2942732396457659
3.350,0.050,0.2276561557788863,0.0092903361156751,3.2921941898333249
3.450,0.050,0.2553370789089068,0.0100773809012361,3.2925285433881877
3.550,0.050,0.2869825512156358,0.0114693066929302,3.2957479538403094
3.650,0.050,0.3230091596710281,0.0137557662803654,3.3026364169452522
3.750,0.050,0.3643048336312422,0.0161933503450060,3.3153015294586354
3.850,0.050,0.4126732654366777,0.0177524217058948,3.3385697462275390
3.950,0.050,0.4700134883919654,0.0192668612329326,3.3791931519265503
4.050,0.050,0.5363024613025622,0.0227210284986713,3.4425046502958891
4.150,0.050,0.6122171296071727,0.0257984219485070,3.5379537029094439
4.250,0.050,0.6998280576466391,0.0278922238219906,3.6749879768148448
4.350,0.050,0.7954815639324386,0.0320312590047089,3.8592736516023161
4.450,0.050,0.8922419110102304,0.0318101141753991,4.0828090445975223
4.550,0.050,0.9866544884034161,0.0307724433014948,4.3276769900594223
4.650,0.050,1.0734135422179176,0.0317376000788945,4.5526013751234586
0.050,0.150,0.0026144842937457,0.0028718218947158,3.3189270911095141
0.150,0.150,0.0025428081142262,0.0041937494082671,3.3211259995252824
0.250,0.150,0.0015561361868146,0.0033160093346461,3.3222509315406459
0.350,0.150,0.0011071338438615,0.0021573421165283,3.3245660871159197
0.450,0.150,0.0007478749618215,0.0013438807782271,3.3265582103664624
0.550,0.150,0.0003662702570699,0.0007664059676253,3.3278713246890446
0.650,0.150,0.0001994221897939,0.0003090861741467,3.3289326339871330
0.750,0.150,0.0003839957045604,0.0000599404785542,3.3300852085528891
0.850,0.150,0.0009213249580149,0.0003660511449033,3.3314107187207309
0.950,0.150,0.0017735646076229,0.0006528065000029,3.3328742110521459
1.050,0.150,0.0029105764409236,0.0009751889891329,3.3344410769017614
1.150,0.150,0.0042972927516676,0.0013791339337115,3.3360853617313140
1.250,0.150,0.0059303518691975,0.0018905953186496,3.3377682496573691
1.350,0.150,0.0078022577713237,0.0025139989168038,3.3393956294568978
1.450,0.150,0.0099417071244947,0.0032460656915168,3.3408639335473085
1.550,0.150,0.0123699826656685,0.0040788107775511,3.3420638814520558
1.650,0.150,0.0151149557677677,0.0050070282083957,3.3429023290522810
1.750,0.150,0.0182055533915724,0.0060227074030452,3.3433330475983798
1.850,0.150,0.0216797810443230,0.0071189692608219,3.3432877448293752
1.950,0.150,0.0255581146160222,0.0082836700800710,3.3427087179521706
2.050,0.150,0.0298915158366129,0.0095028852364594,3.3415439693870841
2.150,0.150,0.0347005971343413,0.0107553576834094,3.3397644696534394
2.250,0.150,0.0400512701190876,0.0120208546090501,3.3373219818996409
2.350,0.150,0.0460139305836393,0.0132788544758662,3.3342452092085644
2.450,0.150,0.0526576039874869,0.0145226270984325,3.3305625644719852
2.550,0.150,0.0600250177219872,0.0157536204261654,3.3263415801333460
2.650,0.150,0.0681758835235104,0.0169887781368234,3.3216572792464616
2.750,0.150,0.0771023847404106,0.0182441044880493,3.3166040131694681
2.850,0.150,0.0868456084233333,0.0195417008957222,3.3112969031314456
2.950,0.150,0.0974294226845356,0.0209044141698943,3.3058497287589326
3.050,0.150,0.1089116326988306,0.0223809855579546,3.3004548356073284
3.150,0.150,0.1213876950139892,0.0240499408318578,3.2953951976883120
3.250,0.150,0.1350414158481670,0.0260292720297135,3.2910872819807304
3.350,0.150,0.1501319538733363,0.0284478799938750,3.2881109106241206
3.450,0.150,0.1670006589282511,0.0314477441504434,3.2871459728170103
3.550,0.150,0.1859471201568896,0.0352249129298056,3.2889719891806579
3.650,0.150,0.2071886175882305,0.0400382937348323,3.2946890118887171
3.750,0.150,0.2312156496461673,0.0458061870232995,3.3064349572053251
3.850,0.150,0.2591904486349008,0.0520578561375862,3.3282328033707698
3.950,0.150,0.2924101290912762,0.0592330887673690,3.3665641737936336
4.050,0.150,0.3317961345314793,0.0676472700920634,3.4287858470360399
4.150,0.150,0.3774407471399190,0.0760018478928430,3.5245116025688077
4.250,0.150,0.4290350117785464,0.0827994871604286,3.6652793766967044
4.350,0.150,0.4850795871664069,0.0859924598146649,3.8607659653456756
4.450,0.150,0.5394635808026971,0.0773038961125636,4.1056520206871703
4.550,0.150,0.5824396863374366,0.0617846241345427,4.3709332082547370
4.650,0.150,0.6046244768685520,0.0353625708900539,4.6089742688376241
0.050,0.250,0.0020923841682554,0.0014782935441335,3.3221464114331480
0.150,0.250,0.0023296783736462,0.0022593811496291,3.3214185545470585
0.250,0.250,0.0024003824576264,0.0019498975586762,3.3208750697012386
0.350,0.250,0.0033168833253954,0.0013471847961311,3.3233745310207015
0.450,0.250,0.0042701753065779,0.0008230736561221,3.3258630351893155
0.550,0.250,0.0049587353072702,0.0003411288645658,3.3273786819862714
0.650,0.250,0.0055889633673289,0.0001547441076351,3.3284738300367174
0.750,0.250,0.0063335922718428,0.0006629211368643,3.3296570929407459
0.850,0.250,0.0072637575592258,0.0011724385741085,3.3310461510171674
0.950,0.250,0.0083967845335473,0.0016902594356725,3.3325123783918249
1.050,0.250,0.0097133688064379,0.0022461058020847,3.3339772144898685
1.150,0.250,0.0112368133833023,0.0028780902722287,3.3354396426765929
1.250,0.250,0.0129751803902225,0.0036133096729568,3.3369340182942739
1.350,0.250,0.0149056452258600,0.0044611954267017,3.3384075707739829
1.450,0.250,0.0170294510301801,0.0054211257081199,3.3397470378679781
1.550,0.250,0.0193257718094444,0.0064903029536904,3.3407940213453520
1.650,0.250,0.0218034191211616,0.0076676825795111,3.3414387950602054
1.750,0.250,0.0244604036309508,0.0089508859795863,3.3416124935826410
1.850,0.250,0.0273124500211523,0.0103359712501209,3.3412879051053075
1.950,0.250,0.0303721360762597,0.0118143166703238,3.3404594775783210
2.050,0.250,0.0336599895192085,0.0133749031130789,3.3390935137616182
2.150,0.250,0.0371876720772129,0.0150023967690710,3.3371696643569662
2.250,0.250,0.0409919933262619,0.0166805881560095,3.3346544977073691
2.350,0.250,0.0450980564804231,0.0183929124680535,3.3315270775777179
2.450,0.250,0.0495411649634916,0.0201292351032593,3.3277954314189726
2.550,0.250,0.0543397445118163,0.0218888041586016,3.3234621940630813
2.650,0.250,0.0595234185823124,0.0236851945389174,3.3186282099873621
2.750,0.250,0.0651391793285903,0.0255426911812180,3.3133346398235357
2.850,0.250,0.0712241484842475,0.0274953696804233,3.3077166746024380
2.950,0.250,0.0778691747945155,0.0295853349868923,3.3018744943692919
3.050,0.250,0.0851686946449854,0.0318767213480051,3.2959887617259147
3.150,0.250,0.0932010478963037,0.0344725359370119,3.2902376822422372
3.250,0.250,0.1021046597385407,0.0375310776307882,3.2849291726972130
3.350,0.250,0.1120170043286133,0.0412519852341231,3.2804657367166588
3.450,0.250,0.1231423872088482,0.0458376931717587,3.2774733008796617
3.550,0.250,0.1357867953174952,0.0514780107116376,3.2767456562195378
3.650,0.250,0.1502729288452656,0.0584282994025395,3.2795890604716833
3.750,0.250,0.1670409163912068,0.0670315703445981,3.2883411131686899
3.850,0.250,0.1870580399151880,0.0774459640103514,3.3070171037629290
3.950,0.250,0.2116805234765473,0.0899132622186151,3.3416584922619874
4.050,0.250,0.2421511106312728,0.1047479674720192,3.4011622149312886
4.150,0.250,0.2803950612990480,0.1204553469137326,3.4983440169983453
4.250,0.250,0.3281608246946099,0.1352975780685058,3.6510934913150126
4.350,0.250,0.3870891862128860,0.1450262678844889,3.8771411712973620
4.450,0.250,0.4506866009407120,0.1359482313158225,4.1799409757338166
4.550,0.250,0.5122205334913876,0.1105320003002137,4.5188166781647272
4.650,0.250,0.5454741533516740,0.0470540982710540,4.8177037905385678
0.050,0.350,0.0027426834324653,0.0007145628338829,3.3240093484047311
0.150,0.350,0.0026624343422088,0.0011237772921579,3.3219222874342220
0.250,0.350,0.0025201560365278,0.0009386690341092,3.3200147585713955
0.350,0.350,0.0033786690264730,0.0004653676788236,3.3221931676982921
0.450,0.350,0.0044751821200379,0.0000396949813684,3.3248121669314346
0.550,0.350,0.0053866632715720,0.0005504410183359,3.3263845765049380
0.650,0.350,0.0062527187013393,0.0011015974853652,3.3274179119747815
0.750,0.350,0.0072045364289486,0.0017012870798319,3.3285541049104834
0.850,0.350,0.0083069157635789,0.0023414523307880,3.3299709644226931
0.950,0.350,0.0095453805303021,0.0030205219539800,3.3314354135182818
1.050,0.350,0.0109416433675493,0.0037529888503452,3.3327381926788791
1.150,0.350,0.0125000254383676,0.0045649108995424,3.3338894585898426
1.250,0.350,0.0142261977691556,0.0054755186569218,3.3350447013258915
1.350,0.350,0.0161384758504464,0.0064919854899289,3.3362705301117579
1.450,0.350,0.0182210846990736,0.0076108926872767,3.3374600234327048
1.550,0.350,0.0204483337841346,0.0088306763911715,3.3383974489796939
1.650,0.350,0.0227884975474906,0.0101506378521089,3.3389022202129768
1.750,0.350,0.0252464237081416,0.0115738977968721,3.3388619820279324
1.850,0.350,0.0278045028083787,0.0130993293763207,3.3382547361861850
1.950,0.350,0.0304725006974893,0.0147249482299977,3.3371099643075643
2.050,0.350,0.0332475267663956,0.0164427132629321,3.3354488155138391
2.150,0.350,0.0361455729901659,0.0182454810276635,3.3332936041334928
2.250,0.350,0.0391652362898567,0.0201213451264272,3.3306170604158032
2.350,0.350,0.0423326345539405,0.0220618316444059,3.3274118757707720
2.450,0.350,0.0456752038934334,0.0240558977423430,3.3236209461390356
2.550,0.350,0.0492125313036089,0.0261027027295928,3.3192483139517366
2.650,0.350,0.0529953006125905,0.0282082947852374,3.3143003607849462
2.750,0.350,0.0570372236588299,0.0304006222570320,3.3088267756687184
2.850,0.350,0.0613558848197586,0.0327213592003678,3.3028616833008870
2.950,0.350,0.0659941286961505,0.0352358192651957,3.2965171685838852
3.050,0.350,0.0709963296318810,0.0380234031259134,3.2898738776610275
3.150,0.350,0.0764213484978509,0.0412000847781484,3.2830956945854233
3.250,0.350,0.0823532266094191,0.0449292768486738,3.2763770209205134
3.350,0.350,0.0888984938653676,0.0494461276499205,3.2700122732934016
3.450,0.350,0.0961872973722402,0.0550318376086732,3.2644634266889581
3.550,0.350,0.1044801612431567,0.0619807201493869,3.2604344421511309
3.650,0.350,0.1141673093273554,0.0706006638172297,3.2590829586319048
3.750,0.350,0.1257300605781739,0.0813675924801717,3.2625952347683005
3.850,0.350,0.1398228369007861,0.0949839492514441,3.2750395031984620
3.950,0.350,0.1576856673376037,0.1120306481411239,3.3028200568064476
4.050,0.350,0.1812395535245059,0.1328438964381800,3.3556233846109320
4.150,0.350,0.2127812815365990,0.1571035286543273,3.4501400225001979
4.250,0.350,0.2567762633088546,0.1841059732262859,3.6134472775472850
4.350,0.350,0.3189486408349573,0.2071235702444765,3.8820989661634204
4.450,0.350,0.3970359170118853,0.2114531489254947,4.2903505296443161
4.550,0.350,0.5022704286776860,0.1952534841717586,4.8338578480913341
4.650,0.350,0.5582278497281798,0.0810766868574850,5.4025395263656950
0.050,0.450,0.0017398805815425,0.0002907286615520,3.3252700177155106
0.150,0.450,0.0016790000820976,0.0004180874466570,3.3223477361494487
0.250,0.450,0.0014771606534345,0.0001595047199956,3.3192732961866618
0.350,0.450,0.0022171936554387,0.0003380417726323,3.3208478701233943
0.450,0.450,0.0032674526130925,0.0008983352928385,3.3232921718934554
0.550,0.450,0.0042081566426728,0.0014774851250377,3.3247527016588982
0.650,0.450,0.0050992982324325,0.0021010197302769,3.3256529787837126
0.750,0.450,0.0060885310001315,0.0027869274296082,3.3267008851947075
0.850,0.450,0.0071948576248055,0.0035364412409459,3.3281084672659533
0.950,0.450,0.0084283757680415,0.0043476918804942,3.3295435466239249
1.050,0.450,0.0097679450151587,0.0052288426377911,3.3306427187760512
1.150,0.450,0.0112086179156523,0.0061947378642768,3.3314152103137875
1.250,0.450,0.0127800147498585,0.0072575092494467,3.3321470755309015
1.350,0.450,0.0145061013107552,0.0084173797513178,3.3330353278275497
1.450,0.450,0.0163563072378663,0.0096691349353044,3.3340217437375230
1.550,0.450,0.0183276303240740,0.0110072943684828,3.3348561962949939
1.650,0.450,0.0203972301990398,0.0124329398765492,3.3352494492148290
1.750,0.450,0.0225449398658206,0.0139494258920333,3.3350353740224818
1.850,0.450,0.0247551077570858,0.0155613514645824,3.3341625486128352
1.950,0.450,0.0270373116748179,0.0172685491380248,3.3327051695653376
2.050,0.450,0.0293858712372073,0.0190686231810887,3.3307131718729046
2.150,0.450,0.0318187262759340,0.0209546467619480,3.3282714062074801
2.250,0.450,0.0343168940697356,0.0229215935710290,3.3253576818924220
2.350,0.450,0.0368858702511554,0.0249638492757049,3.3219694489389138
2.450,0.450,0.0395295262703987,0.0270816825647874,3.3180488696485346
2.550,0.450,0.0422453636799962,0.0292770920072068,3.3135460315251466
2.650,0.450,0.0450684715136154,0.0315616666398017,3.3084201258218728
2.750,0.450,0.0480118913473260,0.0339551715020157,3.3026686845114437
2.850,0.450,0.0510941607799769,0.0364975174163462,3.2962756429260551
2.950,0.450,0.0543388069328228,0.0392490813332894,3.2892702739903639
3.050,0.450,0.0577614468348369,0.0423019374375483,3.2816609122024545
3.150,0.450,0.0613655859156776,0.0457814350683996,3.2734895213885444
3.250,0.450,0.0651725515418380,0.0498669917120871,3.2648251976998326
3.350,0.450,0.0692143836016381,0.0548094039864221,3.2558272819110234
3.450,0.450,0.0735356255213961,0.0609514898384349,3.2467662200463092
3.550,0.450,0.0782556380061390,0.0687106374811402,3.2381474080007377
3.650,0.450,0.0836248124420922,0.0785545082561223,3.2307955389986125
3.750,0.450,0.0900929798924412,0.0910526301321457,3.2264049815966134
3.850,0.450,0.0982490189917260,0.1070617262160084,3.2283864890553033
3.950,0.450,0.1088655316007059,0.1277387857116696,3.2433288775191125
4.050,0.450,0.1236975572855963,0.1541432761576225,3.2818456338453856
4.150,0.450,0.1452454906563250,0.1866856863083737,3.3631494337361452
4.250,0.450,0.1801771861074561,0.2260619881483963,3.5201231494924672
4.350,0.450,0.2319709530004652,0.2648132927179093,3.8120060370531892
4.450,0.450,0.3248323166963285,0.2957402279361421,4.3129128937429284
4.550,0.450,0.4799163610187884,0.3033835189339007,5.1903393072083182
4.650,0.450,0.5935427050861195,0.0514975472911297,6.3604401797207650
0.050,0.550,0.0003647091156722,0.0001554265386276,3.3257642153260880
0.150,0.550,0.0003320942532414,0.0002156303363766,3.3222031883546492
0.250,0.550,0.0000837755855123,0.0005650540178313,3.3181943935947471
0.350,0.550,0.0006946723604888,0.0011097605764249,3.3191872052845453
0.450,0.550,0.0016484009043447,0.0017277358270685,3.3213735684058330
0.550,0.550,0.0025328677467962,0.0023759488140560,3.3226545432218124
0.650,0.550,0.0033817326473256,0.0030713432379202,3.3233483536273702
0.750,0.550,0.0043102882951973,0.0038344878803135,3.3242563791374149
0.850,0.550,0.0053603896008343,0.0046716884353825,3.3256217925619200
0.950,0.550,0.0065228950913969,0.0055831284071852,3.3269898281974051
1.050,0.550,0.0077479772007436,0.0065734789255188,3.3278693072005501
1.150,0.550,0.0090443062363232,0.0076516102182601,3.3282450017985497
1.250,0.550,0.0104080705414971,0.0088234456397944,3.3285003887176376
1.350,0.550,0.0118824545125862,0.0100862260734807,3.3289904076085106
1.450,0.550,0.0134478089142460,0.0114325655655739,3.3297339525846121
1.550,0.550,0.0150924509248944,0.0128560219326414,3.3304259316944709
1.650,0.550,0.0167938685505420,0.0143565841891575,3.3307088008368426
1.750,0.550,0.0185400522743731,0.0159384163182132,3.3303235072278010
1.850,0.550,0.0203106761571337,0.0176078656360609,3.3291997683822032
1.950,0.550,0.0221178437974654,0.0193682631360036,3.3274055761902153
2.050,0.550,0.0239560916019705,0.0212196206030454,3.3250657603223468
2.150,0.550,0.0258413690308044,0.0231570273140568,3.3222693709048379
2.250,0.550,0.0277589129959694,0.0251744448984008,3.3190855358223237
2.350,0.550,0.0297103759436870,0.0272654646981768,3.3154672931750966
2.450,0.550,0.0317011365724968,0.0294290921438153,3.3113626786916077
2.550,0.550,0.0337090292395179,0.0316700725510620,3.3066620771760986
2.650,0.550,0.0357252655018163,0.0340041071960540,3.3013006161381711
2.750,0.550,0.0377369189079260,0.0364569929888321,3.2951843989330314
2.850,0.550,0.0397286764030298,0.0390702588490564,3.2882699904123758
2.950,0.550,0.0417110750159511,0.0419027309075329,3.2804781783582033
3.050,0.550,0.0436742067714260,0.0450406553274674,3.2717558327652485
3.150,0.550,0.0456189787877994,0.0486060767333014,3.2619832742686823
3.250,0.550,0.0475297200600977,0.0527762213137316,3.2510577812528219
3.350,0.550,0.0493711140555155,0.0578029427983740,3.2388856609776893
3.450,0.550,0.0510934587966188,0.0640415588510109,3.2254879633363522
3.550,0.550,0.0526598378072984,0.0719649373498786,3.2110110741915650
3.650,0.550,0.0540539958223705,0.0821719016917785,3.1959368645500934
3.750,0.550,0.0553716397406818,0.0954159873179919,3.1813662392466320
3.850,0.550,0.0569516525913007,0.1127478190290691,3.1697968421657707
3.950,0.550,0.0593875115370341,0.1356834972546418,3.1670630799902995
4.050,0.550,0.0642466088359779,0.1661048872957383,3.1844462066073422
4.150,0.550,0.0731846474589291,0.2059633735192830,3.2438913056170460
4.250,0.550,0.0947499575635851,0.2576740394533518,3.3822432958126845
4.350,0.550,0.1266818188123486,0.3176571671205692,3.6812684086460004
4.450,0.550,0.2388615469985713,0.3901690810423977,4.2338503347146208
4.550,0.550,0.3736810982020060,0.4270544464545365,5.5714525327875100
4.650,0.550,0.7584130163982232,0.1725948662195620,7.4045474408679963
0.050,0.650,0.0009207240174760,0.0004573873594131,3.3254705515067826
0.150,0.650,0.0006689801450555,0.0006593717386461,3.3213985122035785
0.250,0.650,0.0002102087994271,0.0010928407807385,3.3166826968708616
0.350,0.650,0.0005633691528169,0.0016977293251535,3.3172025737630504
0.450,0.650,0.0012733688758586,0.0023863535469743,3.3191031178680630
0.550,0.650,0.0019376573668914,0.0031183691679572,3.3201158021743256
0.650,0.650,0.0025805220248816,0.0039005748021403,3.3205357501280321
0.750,0.650,0.0033150755846845,0.0047482400912575,3.3212477399640132
0.850,0.650,0.0041774589805939,0.0056673893762642,3.3225145610029321
0.950,0.650,0.0051206040438077,0.0066596875159014,3.3238165385279244
1.050,0.650,0.0061265770454351,0.0077290353993330,3.3244919990620847
1.150,0.650,0.0071474668116638,0.0088822180046130,3.3244884300594313
1.250,0.650,0.0082252317390492,0.0101222610327494,3.3242739989476240
1.350,0.650,0.0093510442187696,0.0114461653460005,3.3243490984743138
1.450,0.650,0.0105445988386501,0.0128460970748302,3.3247976525420873
1.550,0.650,0.0117836839308305,0.0143162662728103,3.3253079980499471
1.650,0.650,0.0130541274244775,0.0158553307505722,3.3254432178172957
1.750,0.650,0.0143300639501023,0.0174677770274995,3.3248808205459515
1.850,0.650,0.0156043543996032,0.0191596400963062,3.3235016425584130
1.950,0.650,0.0168789242628251,0.0209368064366958,3.3213777866428265
2.050,0.650,0.0181347557677132,0.0228009635047539,3.3186693219550900
2.150,0.650,0.0193812425155486,0.0247507396750692,3.3155193497377802
2.250,0.650,0.0206245768048263,0.0267801810041992,3.3120068901383242
2.350,0.650,0.0218548152742577,0.0288830501537977,3.3081268521152492
2.450,0.650,0.0230813410574546,0.0310531076091023,3.3037960856110153
2.550,0.650,0.0242767079103747,0.0332906090656830,3.2988741543992068
2.650,0.650,0.0254493110814371,0.0356036686401918,3.2932370094593422
2.750,0.650,0.0265457472760571,0.0380154339174176,3.2867412797428726
2.850,0.650,0.0275536302425494,0.0405650500831256,3.2792667106651958
2.950,0.650,0.0284145711505257,0.0433142968048756,3.2706749152251433
3.050,0.650,0.0290950872451177,0.0463481988031148,3.2608047947152521
3.150,0.650,0.0295313514224209,0.0497847119981771,3.2494092405295874
3.250,0.650,0.0296636243898174,0.0537853813391471,3.2361734556019268
3.350,0.650,0.0293893787311608,0.0585802163838382,3.2207300125801899
3.450,0.650,0.0285805630192728,0.0644961080141275,3.2026868341621597
3.550,0.650,0.0270577100309044,0.0719922494407780,3.1817361953771677
3.650,0.650,0.0245767591019517,0.0816912607031898,3.1577742583064090
3.750,0.650,0.0209429408497259,0.0944565465657892,3.1311220217656039
3.850,0.650,0.0160115793650526,0.1115862099933182,3.1032317036876744
3.950,0.650,0.0098865837260949,0.1351367013363612,3.0784431193281376
4.050,0.650,0.0036248893273050,0.1681224065147488,3.0672901473039182
4.150,0.650,0.0011085240942750,0.2150199680348588,3.0937758740816550
4.250,0.650,0.0049937261775108,0.2820389868006519,3.2039150998249317
4.350,0.650,0.0212619410946133,0.3821004650131778,3.5217992630336248
4.450,0.650,0.1389608043746713,0.5343140749170006,4.2519513090445660
4.550,0.650,0.1578645704802368,0.6774211183206025,6.3648410199906715
4.650,0.650,0.3044092446496887,1.8611723941991227,9.4612070926569540
0.050,0.750,0.0015123110054205,0.0004388727537908,3.3244072072571811
0.150,0.750,0.0010174374968188,0.0008266546075523,3.3199255722119867
0.250,0.750,0.0003807467634149,0.0013756372049942,3.3146573237316677
0.350,0.750,0.0005377629754668,0.0020675858925592,3.3147801559757148
0.450,0.750,0.0010769109736946,0.0028440805935407,3.3164047148578373
0.550,0.750,0.0015822634439955,0.0036690053737999,3.3171013957309805
0.650,0.750,0.0020619117738669,0.0045406778454738,3.3171873850049014
0.750,0.750,0.0026249628596831,0.0054668884259134,3.3176733841149950
0.850,0.750,0.0033029003083023,0.0064520581304716,3.3188423819033428
0.950,0.750,0.0040526207609610,0.0074996044383741,3.3200590717550282
1.050,0.750,0.0048194975771625,0.0086154589320840,3.3205497831917485
1.150,0.750,0.0055795927268627,0.0098065718667152,3.3202028424470758
1.250,0.750,0.0063307044785055,0.0110766362481930,3.3195591582325630
1.350,0.750,0.0070923202648645,0.0124236412185895,3.3192227793089506
1.450,0.750,0.0078847591755213,0.0138417846974543,3.3193411896600091
1.550,0.750,0.0086978668699831,0.0153256549662718,3.3196251519190820
1.650,0.750,0.0094996026561489,0.0168734813422641,3.3195879454757584
1.750,0.750,0.0102847673288458,0.0184876242286782,3.3188438534400531
1.850,0.750,0.0110339896612834,0.0201729075041735,3.3172257244016476
1.950,0.750,0.0117529437459369,0.0219341732224726,3.3147913675507858
2.050,0.750,0.0124316296804836,0.0237743301949106,3.3117384305338540
2.150,0.750,0.0130634309432787,0.0256932061487828,3.3082472537762673
2.250,0.750,0.0136535657515862,0.0276876042745560,3.3044209850485249
2.350,0.750,0.0141764645944704,0.0297520884251017,3.3002719614895986
2.450,0.750,0.0146415139047060,0.0318807506607824,3.2956930053138072
2.550,0.750,0.0150265068597983,0.0340696877855357,3.2905318118135432
2.650,0.750,0.0153280837368963,0.0363203991454574,3.2846160173205030
2.750,0.750,0.0155085187543733,0.0386440694620251,3.2777558401787301
2.850,0.750,0.0155384832925605,0.0410666113976124,3.2697605135502501
2.950,0.750,0.0153757710785167,0.0436339875363560,3.2604244133814291
3.050,0.750,0.0149199569528307,0.0464170677104307,3.2494894847794678
3.150,0.750,0.0140618372501979,0.0495170983812028,3.2365931826246044
3.250,0.750,0.0126737961010206,0.0530728862685241,3.2212361930404132
3.350,0.750,0.0105440047937648,0.0572750535891343,3.2027503954236733
3.450,0.750,0.0074374322616984,0.0623945721439777,3.1803502503726744
3.550,0.750,0.0029949848783430,0.0688289665825932,3.1531447461266398
3.650,0.750,0.0032150154672936,0.0771664849243696,3.1202518904128205
3.750,0.750,0.0117173000000883,0.0882894074623783,3.0808932948434151
3.850,0.750,0.0230807422230721,0.1035861757207137,3.0347500804647352
3.950,0.750,0.0379956599796900,0.1253940762257329,2.9832240623271371
4.050,0.750,0.0570858802696654,0.1575783223950059,2.9326734383102568
4.150,0.750,0.0809861407962171,0.2070006733475392,2.9016312754345321
4.250,0.750,0.1064268640956074,0.2852235535590842,2.9323527590899578
4.350,0.750,0.1326585451213851,0.4208570300949710,3.1454195079375236
4.450,0.750,0.1209882895039591,0.6645766891446925,3.8544575808353159
4.550,0.750,0.1387772637920448,0.9402918318573597,5.9696805097505621
4.650,0.750,0.7294929949773828,4.8236758386468743,12.7681394268827901
0.050,0.850,0.0006257317272196,0.0001833706008111,3.3223673298630549
0.150,0.850,0.0000514887242273,0.0008277217959417,3.3176254285518176
0.250,0.850,0.0006349503585659,0.0015343953773990,3.3119982293622545
0.350,0.850,0.0005300185316037,0.0023334252693221,3.3118424706408502
0.450,0.850,0.0000512984630814,0.0031998952573189,3.3132366186009419
0.550,0.850,0.0003899819677589,0.0041082141703504,3.3136611842128829
0.650,0.850,0.0007756845657898,0.0050532385330915,3.3134443082643159
0.750,0.850,0.0012240055025825,0.0060377793939877,3.3137088063805500
0.850,0.850,0.0017572629373648,0.0070653130006700,3.3147515648366541
0.950,0.850,0.0023425322812591,0.0081408899012544,3.3158533443109430
1.050,0.850,0.0029236832516659,0.0092717917179757,3.3161587484756785
1.150,0.850,0.0034636978850422,0.0104654647942694,3.3155063222920500
1.250,0.850,0.0039565187935651,0.0117267525351236,3.3144786674733604
1.350,0.850,0.0044180325889385,0.0130564529050478,3.3137524020403051
1.450,0.850,0.0048760861726640,0.0144524848633926,3.3135577801118199
1.550,0.850,0.0053096384645070,0.0159122967450473,3.3135977991446666
1.650,0.850,0.0056972634999455,0.0174349604689969,3.3133566272895498
1.750,0.850,0.0060352529904275,0.0190215688107461,3.3124171678730363
1.850,0.850,0.0063155338052745,0.0206745084187386,3.3105675343618923
1.950,0.850,0.0065335353745462,0.0223959763985434,3.3078761334102067
2.050,0.850,0.0066860287339967,0.0241868751699255,3.3045349398277324
2.150,0.850,0.0067788254239103,0.0260459531426337,3.3007603851111949
2.250,0.850,0.0067940807027860,0.0279698125652341,3.2966710541797148
2.350,0.850,0.0067267971737457,0.0299532157453472,3.2922810702290670
2.450,0.850,0.0065499694181579,0.0319901289656025,3.2875076158538628
2.550,0.850,0.0062476338538198,0.0340749864674063,3.2821504560312214
2.650,0.850,0.0057948701330610,0.0362048570679876,3.2760205638036126
2.750,0.850,0.0051635320421011,0.0383818496316245,3.2688639916670468
2.850,0.850,0.0043022007250979,0.0406165059432177,3.2604660315187095
2.950,0.850,0.0031586449183241,0.0429316124892394,3.2505496533324356
3.050,0.850,0.0016430420800964,0.0453668769248253,3.2387816472362259
3.150,0.850,0.0003997275959251,0.0479843211532177,3.2247205750991661
3.250,0.850,0.0031308652345046,0.0508746826284131,3.2077034174923362
3.350,0.850,0.0068359647201528,0.0541679333282873,3.1868225530713721
3.450,0.850,0.0118706594327427,0.0580518125473616,3.1608978966739327
3.550,0.850,0.0187002742216551,0.0628133152310050,3.1284912976370300
3.650,0.850,0.0280020543667332,0.0689147677097354,3.0878522303694886
3.750,0.850,0.0406554036629849,0.0771176959103368,3.0369498702405249
3.850,0.850,0.0579175785914918,0.0886519204300764,2.9732938756768634
3.950,0.850,0.0815870651096233,0.1055232436635869,2.8943429696835778
4.050,0.850,0.1144339748226395,0.1311969734455491,2.7993094306388198
4.150,0.850,0.1611111798792413,0.1723995430415907,2.6936938243018691
4.250,0.850,0.2290583382647871,0.2408937876126663,2.5948632357572965
4.350,0.850,0.3375439070707440,0.3633889072738425,2.5629118538132492
4.450,0.850,0.5239832636462991,0.5600140471444780,2.7544713506005678
4.550,0.850,0.9948043990969728,0.8113096884461579,3.5084053663025241
4.650,0.850,0.7538869632746000,2.8421733701199097,6.5885662978976036
0.050,0.950,0.0003065086220313,0.0000903336575610,3.3192029709263666
0.150,0.950,0.0008135373757754,0.0008144000686493,3.3144287871664506
0.250,0.950,0.0014587511445328,0.0016815980427669,3.3086838522619244
0.350,0.950,0.0013573989334104,0.0025763903094587,3.3084117075153898
0.450,0.950,0.0009070791041421,0.0035077010438378,3.3097004275857618
0.550,0.950,0.0005375389447320,0.0044677939102514,3.3099433156075690
0.650,0.950,0.0002597234749784,0.0054533686639908,3.3095207302121468
0.750,0.950,0.0000372426223345,0.0064657081411980,3.3096063626588750
0.850,0.950,0.0003917365423862,0.0075087573268614,3.3104970489702907
0.950,0.950,0.0007577991015006,0.0085883196092419,3.3114632536130362
1.050,0.950,0.0011051455410724,0.0097108379435655,3.3115695926821092
1.150,0.950,0.0013802498177315,0.0108821322093424,3.3106552472549051
1.250,0.950,0.0015977870441777,0.0121066717942085,3.3093341637668505
1.350,0.950,0.0017718901039880,0.0133875170561457,3.3082949199199039
1.450,0.950,0.0019068839609031,0.0147267710289574,3.3078101249157799
1.550,0.950,0.0019973510871094,0.0161262104622641,3.3075952162633016
1.650,0.950,0.0020075217342561,0.0175876554861970,3.3071364970528148
1.750,0.950,0.0019400610876095,0.0191128612427787,3.3059682186349519
1.850,0.950,0.0017743441251423,0.0207030279565137,3.3038984504834064
1.950,0.950,0.0015142792576128,0.0223581365943505,3.3009733888260087
2.050,0.950,0.0011656772178501,0.0240763968013506,3.2973896326808454
2.150,0.950,0.0007230742708160,0.0258539131321648,3.2933737893294808
2.250,0.950,0.0001758167972206,0.0276846628227672,3.2890785433763829
2.350,0.950,0.0004768991805633,0.0295607323970735,3.2845140087240798
2.450,0.950,0.0012624679726088,0.0314729007278554,3.2795827461532276
2.550,0.950,0.0022133824364636,0.0334114757052815,3.2741062262677545
2.650,0.950,0.0033386039382823,0.0353674181365500,3.2678396968514338
2.750,0.950,0.0046988817098015,0.0373335625936560,3.2605413264047227
2.850,0.950,0.0063375411832096,0.0393059349708727,3.2519301205243467
2.950,0.950,0.0083388677078284,0.0412849553010569,3.2417255023756342
3.050,0.950,0.0108069820269185,0.0432769949093274,3.2295298359437794
3.150,0.950,0.0138889496381291,0.0452963921005440,3.2148440426973748
3.250,0.950,0.0177867035634613,0.0473695045236909,3.1969065753829780
3.350,0.950,0.0227934907690179,0.0495418157063328,3.1746779035456720
3.450,0.950,0.0293235593341987,0.0518913093251913,3.1467049219661014
3.550,0.950,0.0379425715116701,0.0545510390589936,3.1110653487874034
3.650,0.950,0.0494354807969062,0.0577520049281299,3.0653060781848227
3.750,0.950,0.0649848257315289,0.0618956327417839,3.0062635366721029
3.850,0.950,0.0863846844141194,0.0676526013987578,2.9296578041639396
3.950,0.950,0.1164553061302760,0.0760834682025505,2.8296824731695898
4.050,0.950,0.1596735544548449,0.0890605240181750,2.6995274094232986
4.150,0.950,0.2238170061377098,0.1103546056944928,2.5339257170504270
4.250,0.950,0.3222155403018099,0.1447797530249997,2.3311212863911752
4.350,0.950,0.4830299573993857,0.2035745692850923,2.1192546227339513
4.450,0.950,0.7514810235737546,0.2699909586769783,2.0066061285588681
4.550,0.950,1.3171920148620966,0.0487498401509312,2.2422098909219468
4.650,0.950,0.6408102342317941,1.0256423306262374,3.9842821520747975
0.050,1.050,0.0000840476977624,0.0002260412537963,3.3150901499109828
0.150,1.050,0.0004862306271192,0.0008605994330290,3.3105091956805683
0.250,1.050,0.0011019897562123,0.0018453443930376,3.3048874969608146
0.350,1.050,0.0010180542114848,0.0027987412426620,3.3046672233195586
0.450,1.050,0.0006254057792909,0.0037533221500865,3.3059468016369307
0.550,1.050,0.0003551928709458,0.0047204567811302,3.3061327747398810
0.650,1.050,0.0002202840324794,0.0057019776119326,3.3056170100868290
0.750,1.050,0.0001090917361171,0.0067012830875529,3.3055815006775449
0.850,1.050,0.0000206322112755,0.0077254423128345,3.3063283577991989
0.950,1.050,0.0001290795080271,0.0087816917881082,3.3071211167415537
1.050,1.050,0.0001929650192052,0.0098746702621175,3.3070461742631059
1.150,1.050,0.0001651778854694,0.0110065480372562,3.3059439679606726
1.250,1.050,0.0000651039043786,0.0121790097393500,3.3044097271337609
1.350,1.050,0.0000907872820948,0.0133949164301823,3.3031636899930845
1.450,1.050,0.0002984113701188,0.0146585895803767,3.3024307026269124
1.550,1.050,0.0005657985378793,0.0159748566034261,3.3019691100132338
1.650,1.050,0.0009331795928782,0.0173479227822812,3.3012388190440740
1.750,1.050,0.0014034573175645,0.0187805905086771,3.2998183584942788
1.850,1.050,0.0020030708183456,0.0202739597267550,3.2974906825663135
1.950,1.050,0.0027332870592311,0.0218272309333701,3.2943373626221861
2.050,1.050,0.0035920178116950,0.0234375980988073,3.2905406812507536
2.150,1.050,0.0045863502813295,0.0250999702198818,3.2863329736257025
2.250,1.050,0.0057260846843934,0.0268067686820799,3.2818623365180901
2.350,1.050,0.0070086834074425,0.0285476576458409,3.2771635213283981
2.450,1.050,0.0084561486628321,0.0303095677556282,3.2721224114080867
2.550,1.050,0.0100944580250997,0.0320768093928837,3.2665619130492125
2.650,1.050,0.0119263077157372,0.0338314927228646,3.2602563110017515
2.750,1.050,0.0140080659008990,0.0355537811485407,3.2529400939535824
2.850,1.050,0.0163820739764962,0.0372220992446727,3.2443458896237054
2.950,1.050,0.0191358446347865,0.0388126322615313,3.2341644439533663
3.050,1.050,0.0223804320732728,0.0402981493099417,3.2220176040037254
3.150,1.050,0.0262714773847277,0.0416462196085096,3.2073532592603726
3.250,1.050,0.0310183753135553,0.0428173623599794,3.1894296398743496
3.350,1.050,0.0369199285813737,0.0437648185638805,3.1671458771488421
3.450,1.050,0.0443992703498535,0.0444356071428544,3.1389463590310944
3.550,1.050,0.0540481700787265,0.0447736153459866,3.1027257151296714
3.650,1.050,0.0667141527243280,0.0447143068076264,3.0556813246622863
3.750,1.050,0.0836951483845292,0.0441728821212324,2.9941205970507099
3.850,1.050,0.1069650152603998,0.0430241930273577,2.9130976737027261
3.950,1.050,0.1395910386208743,0.0410787940398249,2.8058882977222623
4.050,1.050,0.1863745635759249,0.0379614477814299,2.6640143106247756
4.150,1.050,0.2558315265326980,0.0328689666853217,2.4797757851697941
4.250,1.050,0.3621930151798800,0.0233756754944012,2.2512200572400456
4.350,1.050,0.5318686983084442,0.0044052463980365,2.0100412136379067
4.450,1.050,0.7964163859119735,0.0466557330473624,1.8695431711815029
4.550,1.050,1.2299445754107174,0.7326939790439956,2.1026353538217872
4.650,1.050,0.6257890181314349,0.6108531740855989,4.1766273299137904
0.050,1.150,0.0007224967848560,0.0002251868262884,3.3105097296592421
0.150,1.150,0.0003599524005131,0.0009410602614359,3.3062358691034266
0.250,1.150,0.0002918523254074,0.0019868064517953,3.3008842362381126
0.350,1.150,0.0002653307047558,0.0029611016140672,3.3008157351341998
0.450,1.150,0.0000342183269058,0.0039063936080386,3.3021386454626365
0.550,1.150,0.0001904086175784,0.0048463556314244,3.3023582751984177
0.650,1.150,0.0001798383381617,0.0057877877681813,3.3018716713726697
0.750,1.150,0.0001218755577135,0.0067381599385546,3.3017715529697043
0.850,1.150,0.0000468831695222,0.0077097641721138,3.3023766983091729
0.950,1.150,0.0000656109117734,0.0087130680172616,3.3029742570493958
1.050,1.150,0.0002581867282130,0.0097518674645987,3.3027323371206947
1.150,1.150,0.0005661637051673,0.0108245291140756,3.3015122249223543
1.250,1.150,0.0009577630359185,0.0119288367456301,3.2998799723916488
1.350,1.150,0.0014440528944926,0.0130657968386581,3.2984972421690344
1.450,1.150,0.0019888999197946,0.0142399228967037,3.2975813684679993
1.550,1.150,0.0026190699837128,0.0154570391327885,3.2968646025575428
1.650,1.150,0.0033645335843917,0.0167218763192328,3.2958424817127359
1.750,1.150,0.0042389684863058,0.0180369756540434,3.2941311987384534
1.850,1.150,0.0052604324550796,0.0194026717140153,3.2915437630355928
1.950,1.150,0.0064422070866854,0.0208176323781888,3.2881646367402455
2.050,1.150,0.0077938856053197,0.0222790759869506,3.2841823981981628
2.150,1.150,0.0093128844153094,0.0237826733661831,3.2798298214254453
2.250,1.150,0.0110166906845865,0.0253218735553487,3.2752405497310813
2.350,1.150,0.0129063078686120,0.0268870968983302,3.2704312635231352
2.450,1.150,0.0150015202873472,0.0284646534806952,3.2653178686175277
2.550,1.150,0.0173087587382614,0.0300358084429786,3.2597237262854453
2.650,1.150,0.0198425026364726,0.0315756376039545,3.2534472659806761
2.750,1.150,0.0226212920664741,0.0330519484426535,3.2462454172012745
2.850,1.150,0.0256895457122965,0.0344238163735869,3.2378681234842608
2.950,1.150,0.0290965145713740,0.0356396090052764,3.2280477403202790
3.050,1.150,0.0329339321355042,0.0366341807217191,3.2164154196462418
3.150,1.150,0.0373644443275980,0.0373247252892950,3.2024748366904152
3.250,1.150,0.0425640900010644,0.0376058778880155,3.1855122486238470
3.350,1.150,0.0488445809050444,0.0373415381021630,3.1645016363460208
3.450,1.150,0.0566058070021729,0.0363534365079402,3.1379855734504645
3.550,1.150,0.0663868697988654,0.0343956348444791,3.1039473429621625
3.650,1.150,0.0789852191308125,0.0311059977442839,3.0597179150357094
3.750,1.150,0.0955652720702749,0.0259214863072760,3.0018352053228163
3.850,1.150,0.1178332633188113,0.0179829476723568,2.9259390546519377
3.950,1.150,0.1483819446233809,0.0060039554406701,2.8269260156888558
4.050,1.150,0.1909781652329290,0.0122463860059601,2.6996806026287210
4.150,1.150,0.2518867811040559,0.0414916171921654,2.5430849546597774
4.250,1.150,0.3409021485645072,0.0894163198766754,2.3668302401220052
4.350,1.150,0.4772807315757128,0.1732674692206089,2.2188303964567115
4.450,1.150,0.6864833702613444,0.3116537157172353,2.2327427408174358
4.550,1.150,0.9882215227033702,1.0412498869413240,2.8546614419770169
4.650,1.150,0.6473845140959211,2.1280564986189279,6.0490059773287603
0.050,1.250,0.0013380612730138,0.0001580542523585,3.3059632904132457
0.150,1.250,0.0009638043631663,0.0010110438170800,3.3019805948634371
0.250,1.250,0.0002594472877910,0.0020705456756130,3.2969598153981892
0.350,1.250,0.0002155413202476,0.0030354588809043,3.2970539746661363
0.450,1.250,0.0004236611161503,0.0039505529815408,3.2984390108322463
0.550,1.250,0.0004578655258118,0.0048450635585428,3.2987701794996251
0.650,1.250,0.0003195537398950,0.0057281037122016,3.2983782490348830
0.750,1.250,0.0001284727072828,0.0066097570159031,3.2982742551796944
0.850,1.250,0.0001077337826794,0.0075065112684092,3.2987309819706745
0.950,1.250,0.0003940852359481,0.0084320975076195,3.2991265893955077
1.050,1.250,0.0007883991042794,0.0093902030125631,3.2987485284882432
1.150,1.250,0.0013209564634162,0.0103762914335126,3.2974769490719336
1.250,1.250,0.0019638971333675,0.0113851744599601,3.2958472667657217
1.350,1.250,0.0027306151430979,0.0124167926438044,3.2944217802204170
1.450,1.250,0.0035853901731087,0.0134762649506098,3.2933603370790694
1.550,1.250,0.0045733973042443,0.0145702995644328,3.2923900796536838
1.650,1.250,0.0057011284195623,0.0157035918163135,3.2910742800338957
1.750,1.250,0.0069971677078104,0.0168776111038759,3.2890602154031683
1.850,1.250,0.0084532131889921,0.0180910971323105,3.2862159498094377
1.950,1.250,0.0101052360566558,0.0193414338412676,3.2826457849600237
2.050,1.250,0.0119347198926496,0.0206253635511470,3.2785440198554694
2.150,1.250,0.0139500163866964,0.0219392186969464,3.2740965113141023
2.250,1.250,0.0161679849323906,0.0232780787870157,3.2694393434791627
2.350,1.250,0.0186062427285174,0.0246346034360782,3.2645736782251920
2.450,1.250,0.0212565332085095,0.0259971059493685,3.2594355491458851
2.550,1.250,0.0241399167235063,0.0273475524108627,3.2538589537765725
2.650,1.250,0.0272546878509794,0.0286587555010161,3.2476900622910261
2.750,1.250,0.0306281109258948,0.0298914461828989,3.2407196669466014
2.850,1.250,0.0342732137226101,0.0309902182037201,3.2327701278073917
2.950,1.250,0.0382119617016801,0.0318795396777369,3.2235920470222847
3.050,1.250,0.0425261479072252,0.0324579180803471,3.2129048344154301
3.150,1.250,0.0473173487728236,0.0325924764997177,3.2002944986197326
3.250,1.250,0.0527275472045994,0.0321110715861559,3.1851620273943162
3.350,1.250,0.0590029844966753,0.0307919729472981,3.1666177842742371
3.450,1.250,0.0664861231882448,0.0283436413279288,3.1434335172937651
3.550,1.250,0.0756146590468849,0.0243639655070399,3.1139273901704163
3.650,1.250,0.0870514969280825,0.0182610449636839,3.0759054577266536
3.750,1.250,0.1016934990468155,0.0091282981229232,3.0266602167912069
3.850,1.250,0.1208009347937740,0.0043917252741380,2.9632141832631902
3.950,1.250,0.1461794183340426,0.0242676709546158,2.8830481762438165
4.050,1.250,0.1801787706262901,0.0535674616853777,2.7860492069923808
4.150,1.250,0.2261455606910578,0.0982980866706412,2.6799980337999507
4.250,1.250,0.2858232159900589,0.1677378902292883,2.5893703028505417
4.350,1.250,0.3680879962823762,0.2826051043174379,2.5976089715095885
4.450,1.250,0.4545052156631755,0.4655123985188550,2.8897118845158465
4.550,1.250,0.6037414235382497,0.8792615862988962,4.1681033744720821
4.650,1.250,0.5841436696323412,3.0750250445705873,8.7997930000597631
0.050,1.350,0.0017134149158857,0.0000347096352299,3.3017785518303997
0.150,1.350,0.0013714048752598,0.0010981107494366,3.2980238808767615
0.250,1.350,0.0006614084172050,0.0021280874960436,3.2933220893881741
0.350,1.350,0.0006179520709453,0.0030426335102092,3.2936030206888827
0.450,1.350,0.0007732858381555,0.0038964765343852,3.2950735479975197
0.550,1.350,0.0007130957093304,0.0047252740321248,3.2955269416099267
0.650,1.350,0.0004581424288181,0.0055372872997925,3.2952738235069701
0.750,1.350,0.0001238076020993,0.0063408399563057,3.2951993051422912
0.850,1.350,0.0002506495451482,0.0071520093125156,3.2955162185072915
0.950,1.350,0.0007121917389665,0.0079842064413044,3.2957302818927490
1.050,1.350,0.0012932252901634,0.0088391921177739,3.2952353857109404
1.150,1.350,0.0020201194151217,0.0097093914902376,3.2939881781134304
1.250,1.350,0.0028913820638428,0.0105880522252567,3.2924416076270351
1.350,1.350,0.0039158829139230,0.0114760909313611,3.2910473345667697
1.450,1.350,0.0050814515611046,0.0123816124522023,3.2898670544990702
1.550,1.350,0.0064140646968873,0.0133140731941926,3.2886728246742463
1.650,1.350,0.0079277054241373,0.0142799127987497,3.2870464722381820
1.750,1.350,0.0096448595039029,0.0152807289525054,3.2847481111667118
1.850,1.350,0.0115675276622778,0.0163148985255051,3.2816937187483042
1.950,1.350,0.0136985911614551,0.0173788532233978,3.2779916311978612
2.050,1.350,0.0160233723294496,0.0184690000562875,3.2738177139466362
2.150,1.350,0.0185612795726477,0.0195813699822357,3.2693388418452640
2.250,1.350,0.0212975117452960,0.0207117229178749,3.2646541801365654
2.350,1.350,0.0242449133646212,0.0218533507345525,3.2597735777328216
2.450,1.350,0.0273962142986113,0.0229959237712183,3.2546221569841371
2.550,1.350,0.0307770492613768,0.0241218447234521,3.2490998943368368
2.650,1.350,0.0343703249615914,0.0252036267272505,3.2430746203855385
2.750,1.350,0.0382126700187504,0.0261982876318125,3.2364164184478152
2.850,1.350,0.0422938359997280,0.0270427600848374,3.2289808802485371
2.950,1.350,0.0466499725773502,0.0276457819205708,3.2206281469557485
3.050,1.350,0.0513016235528574,0.0278816058649597,3.2111542941556497
3.150,1.350,0.0563170564442732,0.0275806538182546,3.2002418065418041
3.250,1.350,0.0617812105236193,0.0265209910925207,3.1874574709293571
3.350,1.350,0.0678303302176011,0.0244151738727242,3.1721506721474242
3.450,1.350,0.0746724184587162,0.0208872838428316,3.1533860587310016
3.550,1.350,0.0825734069443307,0.0154258079076895,3.1299381582665315
3.650,1.350,0.0918958794146429,0.0072935219267582,3.1002542911921092
3.750,1.350,0.1031379983045335,0.0046027745433033,3.0626311180971983
3.850,1.350,0.1169193937040087,0.0218603525611329,3.0156439209237771
3.950,1.350,0.1340908364396078,0.0467515757777061,2.9594065615140401
4.050,1.350,0.1553813613590944,0.0825918436503335,2.8976163316374697
4.150,1.350,0.1826078702131886,0.1349199414584559,2.8429800543300603
4.250,1.350,0.2130133313710947,0.2116375956076278,2.8220115887736306
4.350,1.350,0.2613285475274347,0.3281539367502644,2.9226617013961000
4.450,1.350,0.2768024698241032,0.5140529939198721,3.2554098998761187
4.550,1.350,0.4963561304576731,0.6304052504786943,4.4467286704517477
4.650,1.350,0.4302214127033421,0.8420399225459136,6.3572711138640923
0.050,1.450,0.0019978301759469,0.0001669412292898,3.2980414274682852
0.150,1.450,0.0016984319303295,0.0012731757246556,3.2944636665094098
0.250,1.450,0.0010299218535366,0.0022353079132768,3.2901789284293397
0.350,1.450,0.0010432574906489,0.0030406495165326,3.2907038370236519
0.450,1.450,0.0011998804909390,0.0037802182094748,3.2922531871681349
0.550,1.450,0.0010805593552878,0.0045032691594979,3.2927939895416998
0.650,1.450,0.0007226748689226,0.0052156632469890,3.2926724380196335
0.750,1.450,0.0002473192676677,0.0059214207823745,3.2926240643958824
0.850,1.450,0.0003025614716745,0.0066322115248622,3.2928289115852589
0.950,1.450,0.0009425038720163,0.0073564657620163,3.2928881803605590
1.050,1.450,0.0017354518360162,0.0080901774351600,3.2923407184532083
1.150,1.450,0.0026996913868755,0.0088210252285519,3.2911885916289618
1.250,1.450,0.0038263140143568,0.0095404668299506,3.2897814309290565
1.350,1.450,0.0051166930636946,0.0102515702575761,3.2884395099366177
1.450,1.450,0.0065903522039954,0.0109665763466457,3.2871656467057360
1.550,1.450,0.0082634690228454,0.0116993480927638,3.2857360799042761
1.650,1.450,0.0101581180162640,0.0124595630847174,3.2838504621253275
1.750,1.450,0.0122922350858330,0.0132512826203418,3.2813110675275787
1.850,1.450,0.0146501922930260,0.0140744138035370,3.2781112442009137
1.950,1.450,0.0172438124547005,0.0149267853775891,3.2743430656236150
2.050,1.450,0.0200636280533790,0.0158055007363976,3.2701640550287534
2.150,1.450,0.0230901942401602,0.0167072096791996,3.2656927705589753
2.250,1.450,0.0263352964769816,0.0176275058994246,3.2610129433156603
2.350,1.450,0.0297929450567462,0.0185595762740946,3.2561057487527698
2.450,1.450,0.0334501181315696,0.0194924319132334,3.2509396582965451
2.550,1.450,0.0373172999671656,0.0204081240294990,3.2454371581557115
2.650,1.450,0.0413889596384140,0.0212782636959141,3.2395274356178607
2.750,1.450,0.0456642208323195,0.0220588098363280,3.2331439284364567
2.850,1.450,0.0501480675543071,0.0226839005213737,3.2262154396180964
2.950,1.450,0.0548234716330178,0.0230573747901515,3.2186694141843981
3.050,1.450,0.0596947414831082,0.0230445309897633,3.2104061372305761
3.150,1.450,0.0647420851177838,0.0224614845138360,3.2012434566711461
3.250,1.450,0.0699968205129879,0.0210655073417121,3.1909440769768196
3.350,1.450,0.0754460092309408,0.0185406579279218,3.1791035019206726
3.450,1.450,0.0811247714459133,0.0144716262026736,3.1651705194418529
3.550,1.450,0.0871032026550878,0.0082907372767738,3.1484222231210017
3.650,1.450,0.0934871013014726,0.0008106026559630,3.1279980776829861
3.750,1.450,0.1004452577647177,0.0140065554288187,3.1031789287183109
3.850,1.450,0.1081637026338216,0.0329345179063586,3.0739067979219801
3.950,1.450,0.1167451485716247,0.0597796212014249,3.0422342474612591
4.050,1.450,0.1255836529329075,0.0975706590344007,3.0141729575723186
4.150,1.450,0.1345435752260955,0.1507993213183209,3.0046902276844447
4.250,1.450,0.1378328434847789,0.2268611389458276,3.0416053909577929
4.350,1.450,0.1435965616701234,0.3353556881374604,3.2103633563497764
4.450,1.450,0.0905232097240258,0.5104968009395487,3.6367796051848855
4.550,1.450,0.0642911624851541,0.5200571185401972,5.0225665614330364
4.650,1.450,0.3116970692503278,0.0517746861591610,6.9218124890586408
0.050,1.550,0.0021695271226641,0.0003997469600568,3.2946221035906378
0.150,1.550,0.0018365658806809,0.0015506522689607,3.2912797910696883
0.250,1.550,0.0011962975052660,0.0024254299971318,3.2876527470017587
0.350,1.550,0.0012833226187876,0.0030660936962275,3.2885442484029612
0.450,1.550,0.0014406151094688,0.0036381405003914,3.2902102525554673
0.550,1.550,0.0012450610670851,0.0042072455354173,3.2908165753400533
0.650,1.550,0.0007624876789123,0.0047758406431363,3.2907814825168353
0.750,1.550,0.0001434901025190,0.0053457900812168,3.2907286772470146
0.850,1.550,0.0005989789616869,0.0059248863296753,3.2908242036069293
0.950,1.550,0.0014700587346748,0.0065146025890572,3.2907543160979307
1.050,1.550,0.0025218175241193,0.0071028227418391,3.2902028973460880
1.150,1.550,0.0037510682551178,0.0076711667913730,3.2891677519592433
1.250,1.550,0.0051767718669651,0.0082088377629730,3.2879155237144504
1.350,1.550,0.0067775335747475,0.0087210332429855,3.2866252370820046
1.450,1.550,0.0085895424940285,0.0092235205294380,3.2852606075825710
1.550,1.550,0.0106151445605014,0.0097342393570925,3.2836313248806084
1.650,1.550,0.0128720952015384,0.0102655707360898,3.2815135107509876
1.750,1.550,0.0153834222737270,0.0108247210395702,3.2788195142010998
1.850,1.550,0.0181277440126766,0.0114136221846110,3.2755471481498892
1.950,1.550,0.0211198288585295,0.0120329830574130,3.2717884102550849
2.050,1.550,0.0243511489821451,0.0126811439135781,3.2676576722383386
2.150,1.550,0.0278001614512204,0.0133565426194392,3.2632292696374403
2.250,1.550,0.0314820459468690,0.0140546002761154,3.2585543765972211
2.350,1.550,0.0353876347717850,0.0147693879537610,3.2536170066854835
2.450,1.550,0.0395112935464592,0.0154895638432063,3.2483989405723088
2.550,1.550,0.0438575594079191,0.0161992923385726,3.2428733470836608
2.650,1.550,0.0483964323488020,0.0168722164952001,3.2370168415889111
2.750,1.550,0.0531173562327742,0.0174699968314466,3.2308197257508855
2.850,1.550,0.0579921061003539,0.0179327544381347,3.2242841946751186
2.950,1.550,0.0629669370906636,0.0181732359841050,3.2174004223623056
3.050,1.550,0.0679742436735729,0.0180643263793475,3.2101707515180227
3.150,1.550,0.0729432944748516,0.0174301881195559,3.2025630284083455
3.250,1.550,0.0777780881481780,0.0160325807689287,3.1945163041964131
3.350,1.550,0.0823683148959247,0.0135576931785268,3.1858978959867379
3.450,1.550,0.0865877360985809,0.0095866773189172,3.1765152262650078
3.550,1.550,0.0903120275476188,0.0035407085620271,3.1661088444762813
3.650,1.550,0.0933567185990944,0.0054061851848961,3.1544504661611530
3.750,1.550,0.0954837029959230,0.0183979621220527,3.1416201459197328
3.850,1.550,0.0962336403156385,0.0369068755831682,3.1286971294849248
3.950,1.550,0.0947914772759129,0.0627392095621552,3.1192103980306474
4.050,1.550,0.0895676626503952,0.0983920382296569,3.1213892053396490
4.150,1.550,0.0784381835393804,0.1472061300677748,3.1531650096376413
4.250,1.550,0.0536746175183787,0.2145049108202022,3.2496574458427068
4.350,1.550,0.0061220601022423,0.3029680535920907,3.4991315741158986
4.450,1.550,0.1055914482538474,0.4311527917666234,4.0793758076188533
4.550,1.550,0.3309479862150968,0.4233272916995756,5.4322947869913740
4.650,1.550,0.4332664466638327,0.0195125027493279,6.7093815142148268
0.050,1.650,0.0022101588080194,0.0006244439637746,3.2912658630938614
0.150,1.650,0.0018382009289843,0.0019146846251742,3.2884426473013448
0.250,1.650,0.0012220410642634,0.0026577108524107,3.2858004650184967
0.350,1.650,0.0013693925343290,0.0030766381480198,3.2871966353477946
0.450,1.650,0.0014901044907831,0.0034440733963432,3.2889717217389229
0.550,1.650,0.0011549429253015,0.0038236644230039,3.2896467310849724
0.650,1.650,0.0005026052867381,0.0042088802510399,3.2896800797885568
0.750,1.650,0.0003430675159581,0.0046037206178986,3.2896328027887449
0.850,1.650,0.0013344900523311,0.0050146776991661,3.2896268010107708
0.950,1.650,0.0025100924306356,0.0054362245797266,3.2894536442733351
1.050,1.650,0.0038727999469965,0.0058485894356224,3.2889026889850097
1.150,1.650,0.0054378285764147,0.0062279685150277,3.2880079132655728
1.250,1.650,0.0072103734728923,0.0065632775354740,3.2868932566704645
1.350,1.650,0.0091736189756935,0.0068616861579973,3.2856364966371130
1.450,1.650,0.0113373127193692,0.0071422699881935,3.2841718391250740
1.550,1.650,0.0137269747107114,0.0074243808564389,3.2823714668585353
1.650,1.650,0.0163336752930463,0.0077224394748525,3.2800862951499017
1.750,1.650,0.0191742160922082,0.0080443926929038,3.2773061545238722
1.850,1.650,0.0222514787578127,0.0083946113626887,3.2740295717999448
1.950,1.650,0.0255546579831054,0.0087745481758680,3.2703232727565341
2.050,1.650,0.0290890588679629,0.0091845973665077,3.2662614901744753
2.150,1.650,0.0328451082657049,0.0096229059077174,3.2618651365308438
2.250,1.650,0.0368362049156761,0.0100864152816536,3.2571708939533384
2.350,1.650,0.0410550216022854,0.0105693613079917,3.2521902878648072
2.450,1.650,0.0454978925806038,0.0110645661305790,3.2468988485573034
2.550,1.650,0.0501670004194130,0.0115612242375735,3.2413155309649948
2.650,1.650,0.0550202516775600,0.0120444758071298,3.2354626594569993
2.750,1.650,0.0600390122659111,0.0124897840608178,3.2293667856698098
2.850,1.650,0.0651341904009723,0.0128572206780849,3.2230809703002228
2.950,1.650,0.0702312537755718,0.0130802712604728,3.2166690834032874
3.050,1.650,0.0752041290874574,0.0130543391230413,3.2102127504120057
3.150,1.650,0.0799159314027444,0.0126234145919289,3.2037917738079766
3.250,1.650,0.0841811428795305,0.0115713896690802,3.1974902509587011
3.350,1.650,0.0878011250630077,0.0096120033545900,3.1913961246844451
3.450,1.650,0.0905158534309014,0.0063685346762653,3.1855977773027924
3.550,1.650,0.0919673678282122,0.0013243562037415,3.1801669911798429
3.650,1.650,0.0916612612040795,0.0062410214892857,3.1753416590988603
3.750,1.650,0.0889101090059161,0.0172792904950635,3.1718634081468888
3.850,1.650,0.0826541915086998,0.0329423447556270,3.1717400739214732
3.950,1.650,0.0714003673770951,0.0546084401446939,3.1796065545670444
4.050,1.650,0.0528777136855276,0.0840746951991793,3.2049509855787144
4.150,1.650,0.0234392418940521,0.1229449575272378,3.2658070196066427
4.250,1.650,0.0239917262025164,0.1722193282172726,3.3951137418992783
4.350,1.650,0.1018174372010368,0.2278417936425814,3.6570911683067191
4.450,1.650,0.2263096919183463,0.2886926772914690,4.1645449072590131
4.550,1.650,0.4263013668977789,0.2523460318674779,5.0226535340837479
4.650,1.650,0.4994736325812568,0.0538143812003293,5.6416095373513002
0.050,1.750,0.0022434346688947,0.0010939705328592,3.2877071472358788
0.150,1.750,0.0020424902907967,0.0025891927416618,3.2861842611092111
0.250,1.750,0.0014677919203252,0.0029917383757349,3.2849318526897324
0.350,1.750,0.0015037352712428,0.0030267320987794,3.2867106006621851
0.450,1.750,0.0013142602271994,0.0031030155225200,3.2884314994556485
0.550,1.750,0.0005811547622676,0.0032328571373480,3.2890994462202805
0.650,1.750,0.0005026042833365,0.0033858438131025,3.2891929661756860
0.750,1.750,0.0017713678769642,0.0035678477613645,3.2891708440952323
0.850,1.750,0.0031953753717671,0.0037819079756655,3.2890812799195146
0.950,1.750,0.0047787565968436,0.0040126837320477,3.2888213808759019
1.050,1.750,0.0065371172066551,0.0042317191093735,3.2882958553738222
1.150,1.750,0.0084651385281305,0.0044118470704600,3.2875143456852749
1.250,1.750,0.0105546073218876,0.0045436627981136,3.2865071929898608
1.350,1.750,0.0128231282441482,0.0046366486352443,3.2852796655868080
1.450,1.750,0.0152635773014307,0.0047106913462983,3.2837448307419077
1.550,1.750,0.0178941902083221,0.0047839914111255,3.2818253279440475
1.650,1.750,0.0207090657155902,0.0048702228578214,3.2794643221221813
1.750,1.750,0.0237187963556484,0.0049768333203267,3.2766458986183755
1.850,1.750,0.0269209027531920,0.0051090437054385,3.2733851267887619
1.950,1.750,0.0303197264412542,0.0052683985078895,3.2697279826509797
2.050,1.750,0.0339154177460756,0.0054558471795420,3.2656912955644763
2.150,1.750,0.0377216346441749,0.0056688136439826,3.2612828784117598
2.250,1.750,0.0417315501695177,0.0059051325461356,3.2565420217980989
2.350,1.750,0.0459517668542635,0.0061609426700024,3.2514705861871143
2.450,1.750,0.0503737872937295,0.0064356665989721,3.2460850166905821
2.550,1.750,0.0550028297603662,0.0067293269117727,3.2404097351224666
2.650,1.750,0.0597740348149156,0.0070450018170252,3.2345125237154697
2.750,1.750,0.0646464461568950,0.0073807704805754,3.2284426702129769
2.850,1.750,0.0695353662548324,0.0077245717091190,3.2222927174029650
2.950,1.750,0.0743033117680487,0.0080376989252935,3.2161445323516320
3.050,1.750,0.0787981347343432,0.0082431299621778,3.2101500163474874
3.150,1.750,0.0828536211452271,0.0082122092972686,3.2044664579436066
3.250,1.750,0.0862444380003689,0.0077653427300120,3.1992778426436859
3.350,1.750,0.0886874604359482,0.0066735278717167,3.1947802032201320
3.450,1.750,0.0898172553954883,0.0046515241075446,3.1912272720237063
3.550,1.750,0.0891061430292959,0.0013178052363824,3.1889262664075524
3.650,1.750,0.0858267498392726,0.0038451565356939,3.1884176272493363
3.750,1.750,0.0789606176613011,0.0114789958252374,3.1908853132442556
3.850,1.750,0.0670490905369616,0.0223282840388291,3.1987578708964000
3.950,1.750,0.0481100465799074,0.0372739519864294,3.2169235260543698
4.050,1.750,0.0195481716741011,0.0572667478925933,3.2542702613566825
4.150,1.750,0.0221601235269033,0.0824311217992330,3.3259091120722259
4.250,1.750,0.0812130881375794,0.1110078698101502,3.4558542669261185
4.350,1.750,0.1626143286009158,0.1355263382702242,3.6764197987255796
4.450,1.750,0.2670437023408225,0.1504836027263533,4.0295803989000234
4.550,1.750,0.3920075355045851,0.1094455144840349,4.5128506569966031
4.650,1.750,0.4538276731011601,0.0049114945101693,4.8719099083577007
0.050,1.850,0.0024492641605343,0.0023072117955956,3.2831325839489516
0.150,1.850,0.0022252300706429,0.0040329670573747,3.2847920187902577
0.250,1.850,0.0007157735734671,0.0036255756259536,3.2853968401438287
0.350,1.850,0.0005174033560227,0.0028565949047854,3.2871440955995350
0.450,1.850,0.0019177981717593,0.0023726237140781,3.2884742011744539
0.550,1.850,0.0036225837860620,0.0021134800377308,3.2889873125411659
0.650,1.850,0.0054100401179038,0.0019922385294077,3.2890740987284497
0.750,1.850,0.0071916268688492,0.0019824684705921,3.2890129354740054
0.850,1.850,0.0089461376424769,0.0020533321957234,3.2888595343185694
0.950,1.850,0.0107148594222344,0.0021584716109723,3.2885469345824978
1.050,1.850,0.0125575612092657,0.0022507496868232,3.2880647417727360
1.150,1.850,0.0144794978517060,0.0022987427294843,3.2873770283384687
1.250,1.850,0.0164996187757207,0.0022938564378019,3.2864586511962051
1.350,1.850,0.0186400044711648,0.0022462573915506,3.2852499742223795
1.450,1.850,0.0208963551704091,0.0021734248242065,3.2837001428759960
1.550,1.850,0.0232792020317032,0.0020930261150135,3.2817591535847050
1.650,1.850,0.0257954250732486,0.0020187553324662,3.2793890027442192
1.750,1.850,0.0284496358768054,0.0019612522413722,3.2765942030557316
1.850,1.850,0.0312349950397932,0.0019264940122626,3.2733719349401369
1.950,1.850,0.0341530622749233,0.0019171799382476,3.2697220743725044
2.050,1.850,0.0372223054265746,0.0019312630750648,3.2656673202601301
2.150,1.850,0.0404449184311733,0.0019653633245263,3.2612236466652007
2.250,1.850,0.0438316248333612,0.0020156872653823,3.2564113380598378
2.350,1.850,0.0473841936320882,0.0020836620134575,3.2512369381685442
2.450,1.850,0.0510954993939825,0.0021772566149235,3.2457565608172274
2.550,1.850,0.0549571481868030,0.0023148991345864,3.2400111728075753
2.650,1.850,0.0589049577899208,0.0025219909956007,3.2340646430428199
2.750,1.850,0.0629028112737526,0.0028268407110041,3.2279754991154119
2.850,1.850,0.0668352808606563,0.0032467185009635,3.2218633255718521
2.950,1.850,0.0705883894805477,0.0037737213755226,3.2158504268240646
3.050,1.850,0.0740154178967356,0.0043576920718058,3.2100887504188629
3.150,1.850,0.0769411540045932,0.0049029253713870,3.2047917420314604
3.250,1.850,0.0791657630975651,0.0052777504530599,3.2002028602216539
3.350,1.850,0.0804117156708868,0.0053346177024544,3.1965807976870053
3.450,1.850,0.0802920183406257,0.0049139285594858,3.1942493723613632
3.550,1.850,0.0782651174952596,0.0038229527971587,3.1936444591620710
3.650,1.850,0.0735119116464364,0.0018334521539170,3.1954809917209346
3.750,1.850,0.0648162283821179,0.0012822247796822,3.2010433289564175
3.850,1.850,0.0504235804562474,0.0057474598896168,3.2128095668991308
3.950,1.850,0.0279450243349826,0.0118720967369638,3.2353404593954811
4.050,1.850,0.0055068330361097,0.0199989121864046,3.2767118154468813
4.150,1.850,0.0533069590036614,0.0296832382779543,3.3497694562289215
4.250,1.850,0.1178772812779045,0.0402509386411854,3.4721352932110618
4.350,1.850,0.1985368943366259,0.0449142007002169,3.6596610358544557
4.450,1.850,0.2886627760230098,0.0441456654922429,3.9249630821886567
4.550,1.850,0.3793056161144976,0.0178474979771217,4.2605649723512373
4.650,1.850,0.4311405008545988,0.0333213652509942,4.5535425383998120
0.050,1.950,0.0009567511552204,0.0020039986698067,3.2766620193440108
0.150,1.950,0.0059629684434299,0.0016736195656509,3.2827128413049156
0.250,1.950,0.0101779186209849,0.0005020357892118,3.2855959557531147
0.350,1.950,0.0129369023537120,0.0001143305653742,3.2875229811237805
0.450,1.950,0.0150048872113705,0.0002427524578822,3.2886468837130725
0.550,1.950,0.0167029663504210,0.0001683694353808,3.2890878655597415
0.650,1.950,0.0180723652492366,0.0000052426131452,3.2891335717487316
0.750,1.950,0.0191737880197327,0.0002063605116317,3.2890160324688278
0.850,1.950,0.0201179451906306,0.0004195429056497,3.2888013847053204
0.950,1.950,0.0210027943281766,0.0005821921043673,3.2884902435118768
1.050,1.950,0.0218970538569336,0.0006613499908122,3.2880475320347529
1.150,1.950,0.0228389738747845,0.0006527313034290,3.2874311027924987
1.250,1.950,0.0238483612029411,0.0005729966314744,3.2865688148457890
1.350,1.950,0.0249366711986694,0.0004446309627370,3.2854239685278062
1.450,1.950,0.0261047591019059,0.0002878766384828,3.2839291747493480
1.550,1.950,0.0273447224752306,0.0001184645416196,3.2820688578890600
1.650,1.950,0.0286481957915528,0.0000499303208664,3.2797906632803464
1.750,1.950,0.0300024703642672,0.0002065377966519,3.2770760692021970
1.850,1.950,0.0313978813576356,0.0003439121218210,3.2739205010615615
1.950,1.950,0.0328290006566798,0.0004608447926943,3.2703132275086659
2.050,1.950,0.0342992801334017,0.0005608751388334,3.2662773009986505
2.150,1.950,0.0358188972308547,0.0006510311482175,3.2618198046567732
2.250,1.950,0.0374026706249787,0.0007356258685076,3.2569726977230156
2.350,1.950,0.0390640570261569,0.0008122252973899,3.2517646258015036
2.450,1.950,0.0408154349694737,0.0008651793004070,3.2462341876313339
2.550,1.950,0.0426581377145915,0.0008650013989487,3.2404353238779171
2.650,1.950,0.0445819707955276,0.0007692053859940,3.2344256867371950
2.750,1.950,0.0465620761429168,0.0005329180678070,3.2282789861578216
2.850,1.950,0.0485646373783289,0.0001229927337783,3.2220922528513718
2.950,1.950,0.0505495788847301,0.0004608780723837,3.2159885622732585
3.050,1.950,0.0524838394910100,0.0011725586370037,3.2101251011140048
3.150,1.950,0.0543407094402882,0.0019190656699081,3.2047063685096218
3.250,1.950,0.0561021310195744,0.0025850642319299,3.1999850396863607
3.350,1.950,0.0577391492595695,0.0030656483934529,3.1962217653752232
3.450,1.950,0.0591794921545035,0.0032881012057391,3.1937406180041199
3.550,1.950,0.0602561774217298,0.0032222301570086,3.1929932106100587
3.650,1.950,0.0606120047530710,0.0029223156511348,3.1946577529761018
3.750,1.950,0.0595856673983506,0.0025889728934094,3.1999436829107353
3.850,1.950,0.0561694530033330,0.0025072692930853,3.2111150205065466
3.950,1.950,0.0491541949862540,0.0027986388096062,3.2324895758372847
4.050,1.950,0.0372903443539232,0.0035486956296026,3.2716538250532059
4.150,1.950,0.0184684688534810,0.0059944594306471,3.3405694879197037
4.250,1.950,0.0097458083542026,0.0080334491409203,3.4567414474546512
4.350,1.950,0.0454231725523864,0.0109987833359035,3.6369769911518004
4.450,1.950,0.0776021876917730,0.0097628313241990,3.8729340438956150
4.550,1.950,0.1040855204999669,0.0150950414179821,4.1628197289851245
4.650,1.950,0.0966629284062424,0.0183201544886360,4.4494600380980360
4.750,0.050,1.1416856788746821,0.0379765000408068,4.6776206317287521
4.850,0.050,1.2003838517114125,0.0502712118795945,4.6596251255966639
4.950,0.050,1.2638938783974645,0.0595073133682596,4.5388161921739627
5.050,0.050,1.3354936631867216,0.0751977652947427,4.3703502665879999
5.150,0.050,1.4187719042041280,0.0867784885246900,4.1402387919196606
5.250,0.050,1.5266930116568771,0.0943853695191645,3.8800816229573263
4.750,0.150,0.5906046636326199,0.0148155262069931,4.7198605196284289
4.850,0.150,0.5506831347456882,0.0171055785745097,4.6776304755629488
4.950,0.150,0.5030564537623530,0.0317354812298085,4.5326090193017121
5.050,0.150,0.4616011152978556,0.0528747561978828,4.3333265070790796
5.150,0.150,0.4267685733450541,0.0807694021597546,4.0732729513288408
5.250,0.150,0.4024889483099710,0.1137374258701478,3.7848423413977175
4.750,0.250,0.5115456375751588,0.0152115603336831,4.8642873071674178
4.850,0.250,0.4283349038380821,0.0348422625780789,4.6865897378612278
4.950,0.250,0.3317308045768943,0.0314720550084821,4.4626597141928475
5.050,0.250,0.2393941039812510,0.0135464348822598,4.2271655417005416
5.150,0.250,0.1546748680784713,0.0191037763929662,3.9305070663386790
5.250,0.250,0.0885782751146236,0.0646003082028252,3.6045568471553331
4.750,0.350,0.4643859157985863,0.0480717616406225,5.3366007679305181
4.850,0.350,0.2890718473053502,0.1194427326369977,4.8126292458544766
4.950,0.350,0.1439801848797995,0.1443525791898811,4.4068815545296154
5.050,0.350,0.0286074764995634,0.1353318929770272,4.0461904769404811
5.150,0.350,0.0570070262933653,0.0828650514808967,3.6395021172315509
5.250,0.350,0.1229829090966943,0.0101370890374438,3.2587979382310603
4.750,0.450,0.4254258587223747,0.1912131144675480,5.9908547705381689
4.850,0.450,0.2584974724159004,0.3221653977843699,4.9048599055468411
4.950,0.450,0.0873174119754658,0.3989385818421335,4.1260148824422700
5.050,0.450,0.0410364132003833,0.3525404625107115,3.5253441401285044
5.150,0.450,0.1501762105360633,0.2502777695310323,2.9648256708468508
5.250,0.450,0.2311868176780187,0.1311709741445049,2.5602422528606521
4.750,0.550,0.1925164916217090,0.8255220809646004,5.4165411574617419
4.850,0.550,0.6313987795536917,1.0458105777442346,3.8575400835206652
4.950,0.550,0.7259770847347649,0.7696351135561998,3.1193174051494816
5.050,0.550,0.6182686046741410,0.4825372826702941,2.5649851899831937
5.150,0.550,0.5165691498752847,0.2443597621112142,2.1419173477734512
5.250,0.550,0.4269475795569906,0.0550320845893770,1.9456239820450154
4.750,0.650,2.6593030591428137,2.0904975314658136,1.9164811992959763
4.850,0.650,1.4517260015329665,0.6212823156415636,2.0337898439460140
4.950,0.650,0.2867571733878354,0.1238623742602445,2.5970147393933116
5.050,0.650,0.0804162297501645,0.1940658444872360,2.2459263687429010
5.150,0.650,0.0290665558798360,0.1317272408199649,1.8512117643618264
5.250,0.650,0.0009862583995643,0.1258999021165495,1.7181112190924672
4.750,1.350,3.1189078016247107,1.9575562973421228,2.4321446186125311
4.850,1.350,2.1749641408513805,0.5671687580033484,4.3594058677354885
4.950,1.350,0.9306409353913981,0.0596546345236849,4.5326899971681129
5.050,1.350,0.5190913919879910,0.1299045520302504,3.3516108880008222
5.150,1.350,0.2449850161415772,0.0941546829977967,2.4122547763321291
5.250,1.350,0.0143751634589209,0.0689388335547616,1.9650081234243908
4.750,1.450,0.4214365601378542,0.4479009849500768,6.4919125366462964
4.850,1.450,0.2840514646383827,0.9627206971563574,6.0159251359961496
4.950,1.450,0.4992576012384862,0.9346743505020949,5.0195922447441097
5.050,1.450,0.4198401941148986,0.7119386865038975,3.7653016675441924
5.150,1.450,0.2523135773743412,0.4733656329759248,2.7765098807983621
5.250,1.450,0.0682792342335001,0.2752442007285490,2.2492938510758194
4.750,1.550,0.2377659457240595,0.2209621114818898,6.3708590079055840
4.850,1.550,0.2019278301016412,0.3803881640480573,5.7978151196093650
4.950,1.550,0.1661723153712611,0.5416359261806042,5.1306380144956645
5.050,1.550,0.0820768124226108,0.5789423768173472,4.3102661282667265
5.150,1.550,0.0100188312033698,0.5099277992552729,3.4683055539914571
5.250,1.550,0.0741287382196516,0.3962462186802850,2.8523648192595781
4.750,1.650,0.4099859201767879,0.0961489914040883,5.5982654527108080
4.850,1.650,0.2557633129957821,0.2163279427180754,5.2870732751893783
4.950,1.650,0.0956013378299225,0.3149692560238602,4.9496391738644432
5.050,1.650,0.0461810510183929,0.3585577908919890,4.5361143563129529
5.150,1.650,0.1647309752038311,0.3408611370735331,4.0090831882478399
5.250,1.650,0.2513276264505713,0.2817060699408393,3.5029186152922271
4.750,1.750,0.4404273719100322,0.0854692327852321,4.9876717976741887
4.850,1.750,0.3774304064207046,0.1433681915253197,4.9213353236064012
4.950,1.750,0.2858524802524718,0.1842669598385913,4.7634117752869027
5.050,1.750,0.1786517393436080,0.2074789339855542,4.5223169799498253
5.150,1.750,0.0665512971390569,0.2048780358051244,4.1790788046771619
5.250,1.750,0.0352644914908886,0.1776092507504054,3.7909866213882442
4.750,1.850,0.4382126192298914,0.0748073712454404,4.7415041297926841
4.850,1.850,0.4022175959313512,0.0983789103910786,4.7868642438833211
4.950,1.850,0.3321913963161212,0.1068638543680831,4.7026756181396632
5.050,1.850,0.2380229798132376,0.1060973546207536,4.5153767619704093
5.150,1.850,0.1278950107049983,0.0935506502074567,4.2428769104631812
5.250,1.850,0.0100188810619395,0.0678763040473604,3.9269869573947380
4.750,1.950,0.0605411752102820,0.0208147553835096,4.6692577607431591
4.850,1.950,0.0010915900624244,0.0086756247270978,4.7660127332209790
4.950,1.950,0.0676515714241726,0.0096329770252491,4.7169581615861542
5.050,1.950,0.1349241494404039,0.0274079023054555,4.5530200237190250
5.150,1.950,0.1935303921163922,0.0428271679626929,4.3155773124789576
5.250,1.950,0.2322560148718584,0.0552277620704101,4.0326575452942945
5.350,0.050,1.6500406513189754,0.0991399245102810,3.5978488677352791
5.450,0.050,1.7808945713129773,0.0973801004048519,3.3151027205715864
5.550,0.050,1.9137063947996067,0.0882963398921413,3.0556476052905062
5.650,0.050,2.0431352427928724,0.0742764669522638,2.8324767505882580
5.750,0.050,2.1642076663223992,0.0578427490042992,2.6491146608241394
5.850,0.050,2.2729536370969115,0.0406730150122297,2.5039679643724613
5.950,0.050,2.3664387324751406,0.0240130226028629,2.3928912180238524
6.050,0.050,2.4426738231778087,0.0088345069743677,2.3106589415289096
6.150,0.050,2.5005415977315519,0.0042580290682179,2.2518765231090505
6.250,0.050,2.5396488377670918,0.0150415649791522,2.2112410135543414
6.350,0.050,2.5601726181647719,0.0235666429464197,2.1837301888919378
6.450,0.050,2.5627992381856357,0.0300310253999719,2.1647278801808869
6.550,0.050,2.5486285916861702,0.0346936293454057,2.1502489567006120
6.650,0.050,2.5191172656272136,0.0378324051109387,2.1371557451026582
6.750,0.050,2.4759927171198997,0.0397262078454237,2.1232939075864210
6.850,0.050,2.4211544765007873,0.0406493602699464,2.1075618085190846
6.950,0.050,2.3565747714588356,0.0408628159806572,2.0898367879737174
7.050,0.050,2.2841978377318215,0.0406031149871775,2.0708214363373676
7.150,0.050,2.2058541156746854,0.0400633107145849,2.0517702980875074
7.250,0.050,2.1231978813206265,0.0393825248164636,2.0342101976619178
7.350,0.050,2.0376770801944746,0.0386404559089814,2.0196346008847801
7.450,0.050,1.9505279512787363,0.0378676610239902,2.0093049606862081
7.550,0.050,1.8627824504467656,0.0370585990134034,2.0041222587034655
7.650,0.050,1.7752906829853738,0.0361913312597017,2.0045728728650443
7.750,0.050,1.6887467580688098,0.0352393534366769,2.0107257339046729
7.850,0.050,1.6037068671446870,0.0341831941208028,2.0223443730791542
7.950,0.050,1.5206040623343375,0.0330137680624308,2.0389224636946448
8.050,0.050,1.4397831818953502,0.0317275646908949,2.0597905822236253
8.150,0.050,1.3615245811576626,0.0303235059731955,2.0841757868265463
8.250,0.050,1.2860276847170660,0.0288173145197620,2.1112871804058506
8.350,0.050,1.2134147782030580,0.0272393877779624,2.1403773268443023
8.450,0.050,1.1437638234350209,0.0256191428832014,2.1707390846189734
8.550,0.050,1.0771223591390608,0.0239732079517153,2.2017052424786732
8.650,0.050,1.0135167237829692,0.0223226089108226,2.2326835308797230
8.750,0.050,0.9529459162960201,0.0206917035627412,2.2631863883693413
8.850,0.050,0.8953784176650960,0.0190993745217534,2.2928114823639341
8.950,0.050,0.8407612588236877,0.0175580194014792,2.3212355529783730
9.050,0.050,0.7890265619375381,0.0160777002815001,2.3482047441695566
9.150,0.050,0.7400917206683975,0.0146658950210891,2.3735342444503740
9.250,0.050,0.6938663307614844,0.0133279198097034,2.3970919896124983
9.350,0.050,0.6502459400154426,0.0120659442745189,2.4187979778314861
9.450,0.050,0.6091196569988266,0.0108808060027335,2.4386128025492000
9.550,0.050,0.5703676391499177,0.0097701589480938,2.4565283084692795
9.650,0.050,0.5338704705796719,0.0087287585457849,2.4725649096031503
9.750,0.050,0.4994744353607095,0.0077688744513476,2.4867753661879113
9.850,0.050,0.4672626910845921,0.0067171089945254,2.4991846121452825
9.950,0.050,0.4348723483079962,0.0067012853584760,2.5103691421005365
5.350,0.150,0.4000394243146355,0.1472120296329099,3.5002093822647877
5.450,0.150,0.4249344766849843,0.1761427154584444,3.2383759021620486
5.550,0.150,0.4781311498668028,0.1966659536245546,3.0079094106270543
5.650,0.150,0.5581724327722029,0.2081188198991838,2.8127971556531208
5.750,0.150,0.6620217571565830,0.2108447387538901,2.6541110140256974
5.850,0.150,0.7855791385208333,0.2054994966467954,2.5294254804293330
5.950,0.150,0.9241926842699693,0.1931606726805910,2.4340090048388099
6.050,0.150,1.0731095859943842,0.1752198726763260,2.3628697507706353
6.150,0.150,1.2277075106558963,0.1531200614066475,2.3113664074051403
6.250,0.150,1.3834900320313053,0.1281865170556207,2.2750118845279546
6.350,0.150,1.5361499780574355,0.1015660863331995,2.2493138566365625
6.450,0.150,1.6816740467003966,0.0742389344871361,2.2299857159922540
6.550,0.150,1.8163806984607662,0.0470446141663578,2.2133255418580786
6.650,0.150,1.9371180461506055,0.0207113258177442,2.1965084493364535
6.750,0.150,2.0413083724221739,0.0041244003151736,2.1777189999795126
6.850,0.150,2.1270839443425773,0.0269288264095736,2.1562275594721818
6.950,0.150,2.1933769328100672,0.0472886552338164,2.1323027949848536
7.050,0.150,2.2399352327276798,0.0649372539611301,2.1070104039202042
7.150,0.150,2.2672658201019251,0.0797655420041474,2.0818842779082676
7.250,0.150,2.2765376264387136,0.0918107239006216,2.0586591091392838
7.350,0.150,2.2694063277176273,0.1012273695680849,2.0389519835654015
7.450,0.150,2.2478535918849456,0.1082486752780014,2.0240650554498427
7.550,0.150,2.2139830365505406,0.1131490813184351,2.0148935454942993
7.650,0.150,2.1698944324374079,0.1162137421130458,2.0119023374283858
7.750,0.150,2.1175767016083324,0.1177181824754131,2.0151174323038221
7.850,0.150,2.0588292232180838,0.1179172955253358,2.0242555805661118
7.950,0.150,1.9952400881219847,0.1170348600586495,2.0387655346877822
8.050,0.150,1.9281793879178581,0.1152649656395394,2.0579296954457629
8.150,0.150,1.8587854402659743,0.1127844817613871,2.0809302930448763
8.250,0.150,1.7879920038314820,0.1097550000018818,2.1069446222250159
8.350,0.150,1.7165449211103401,0.1063055065611830,2.1352065889491612
8.450,0.150,1.6451671197735362,0.1025214877457890,2.1649836747830595
8.550,0.150,1.5744313902629938,0.0984675975478005,2.1955554242568707
8.650,0.150,1.5048007624347854,0.0942242687180683,2.2263039017466060
8.750,0.150,1.4366165918806986,0.0898866737619174,2.2567094766127376
8.850,0.150,1.3701246363188895,0.0855254305061282,2.2863389781056096
8.950,0.150,1.3055394745888771,0.0811864437127925,2.3148378593330463
9.050,0.150,1.2430276242539209,0.0769048912883261,2.3419326115882120
9.150,0.150,1.1826996767460609,0.0727114668863733,2.3674173223077708
9.250,0.150,1.1246317137585500,0.0686308866610189,2.3911507884988716
9.350,0.150,1.0688562103543953,0.0646824617110786,2.4130388823832725
9.450,0.150,1.0153825776627847,0.0608840324715167,2.4330342088365793
9.550,0.150,0.9641974548490146,0.0572439582783786,2.4511200837773517
9.650,0.150,0.9152648269146693,0.0537917546683101,2.4672954879951341
9.750,0.150,0.8684360207726001,0.0504863721422800,2.4816709025108912
9.850,0.150,0.8244096152206266,0.0474565123868031,2.4939365618440839
9.950,0.150,0.7784712891011942,0.0443243806200749,2.5063150477330804
5.350,0.250,0.0422327343038678,0.1140174961289996,3.3050438615205637
5.450,0.250,0.0132883793251857,0.1605010715698407,3.0539973053982163
5.550,0.250,0.0003984640876240,0.2010299585025904,2.8464811023410017
5.650,0.250,0.0041337088792384,0.2342956427590567,2.6788214750566532
5.750,0.250,0.0252570412470483,0.2593903416998377,2.5508643935640278
5.850,0.250,0.0638944124048741,0.2761658106995893,2.4581620792332872
5.950,0.250,0.1197556378595790,0.2849924552819491,2.3928932695214495
6.050,0.250,0.1923394022007825,0.2864023707772779,2.3481284119901864
6.150,0.250,0.2808178258792058,0.2809364781238729,2.3188159688747687
6.250,0.250,0.3838348049161038,0.2691343137248374,2.3006815125399109
6.350,0.250,0.4994024656031790,0.2515542079322376,2.2896104513898115
6.450,0.250,0.6249049456497984,0.2287995566014911,2.2816945040629721
6.550,0.250,0.7571987298815399,0.2015503494609406,2.2735432324209426
6.650,0.250,0.8927955169301649,0.1706006317387893,2.2625309998700471
6.750,0.250,1.0279681975739203,0.1368837696763398,2.2469973916826929
6.850,0.250,1.1590320478071203,0.1014594103125101,2.2263063046529985
6.950,0.250,1.2825829142668206,0.0654583481926251,2.2009351149150858
7.050,0.250,1.3956532798370698,0.0300121680291729,2.1722110290400356
7.150,0.250,1.4958964372848542,0.0038356940548644,2.1420664829262459
7.250,0.250,1.5816788689200609,0.0352059042259658,2.1126581434103540
7.350,0.250,1.6521012744776424,0.0634354625431981,2.0860536490023311
7.450,0.250,1.7069292557691740,0.0880969175092043,2.0639564919913189
7.550,0.250,1.7465451541399384,0.1090011087320275,2.0476333079512345
7.650,0.250,1.7717827113233873,0.1261599326873405,2.0378130286377796
7.750,0.250,1.7838059901464574,0.1397483856603281,2.0347517086138471
7.850,0.250,1.7839934074208075,0.1500503911987179,2.0382816027350876
7.950,0.250,1.7738069714083884,0.1574142107892442,2.0479215627698637
8.050,0.250,1.7547160940580966,0.1622144723464747,2.0629655153774706
8.150,0.250,1.7281348370318232,0.1648258336918128,2.0825857185351229
8.250,0.250,1.6954012325452985,0.1656043913449890,2.1059026970034411
8.350,0.250,1.6577573796918399,0.1648600619727757,2.1320205295195476
8.450,0.250,1.6162292706937542,0.1628580135017074,2.1600761590899746
8.550,0.250,1.5717356424073761,0.1598437683826411,2.1892945801080099
8.650,0.250,1.5249454835737501,0.1560286193919874,2.2190392593978974
8.750,0.250,1.4765940989790820,0.1515851948878094,2.2487731776891073
8.850,0.250,1.4273178151268457,0.1466600727067223,2.2779926304271094
8.950,0.250,1.3776575124188548,0.1413784032956098,2.3062795550830355
9.050,0.250,1.3280512048101709,0.1358538580203006,2.3333107573253846
9.150,0.250,1.2788258818929137,0.1301908753563881,2.3588440474032164
9.250,0.250,1.2302788001020402,0.1244758580423178,2.3827007960314872
9.350,0.250,1.1826183734932540,0.1187772699535181,2.4047610814557063
9.450,0.250,1.1360147790210395,0.1131558711987097,2.4249581211718714
9.550,0.250,1.0906003607295456,0.1076497191288410,2.4432565534788160
9.650,0.250,1.0464198931187747,0.1023526541891570,2.4596691451884594
9.750,0.250,1.0035907458841762,0.0971418835798721,2.4742341427996788
9.850,0.250,0.9622229792461403,0.0927325722502213,2.4868141771962766
9.950,0.250,0.9206693900146670,0.0865454491568084,2.4987424400899587
5.350,0.350,0.1676235486162367,0.0656552571636986,2.9744683522206747
5.450,0.350,0.1976161915931511,0.1326126885243193,2.7719864436853712
5.550,0.350,0.2192384884925929,0.1896008627023942,2.6122224611293587
5.650,0.350,0.2348050595736053,0.2360744002469028,2.4857766388748006
5.750,0.350,0.2442737538722568,0.2720676001409930,2.3943586123970610
5.850,0.350,0.2473154811116611,0.2989509073501780,2.3328170211285562
5.950,0.350,0.2432270603041298,0.3184189044185411,2.2938874602920118
6.050,0.350,0.2307334456621515,0.3316010467389823,2.2729677875291934
6.150,0.350,0.2084428920291996,0.3389575777721537,2.2668491092818410
6.250,0.350,0.1751869717944325,0.3405302565283559,2.2717439177791219
6.350,0.350,0.1302622622083547,0.3361666319727445,2.2833437298297872
6.450,0.350,0.0735432614420111,0.3256760373734007,2.2974632851373089
6.550,0.350,0.0054862300415301,0.3089608006074115,2.3103421123173429
6.650,0.350,0.0728121959449473,0.2861426779431507,2.3187491732607550
6.750,0.350,0.1596466990649512,0.2576405580516359,2.3201079036078465
6.850,0.350,0.2528666374204649,0.2242044520654674,2.3128850863718560
6.950,0.350,0.3499751391260171,0.1868919847644556,2.2967818506211417
7.050,0.350,0.4483180777842248,0.1469813031631220,2.2728400892234286
7.150,0.350,0.5453257629981376,0.1058620188780733,2.2431024349845194
7.250,0.350,0.6385685674730510,0.0649081318278460,2.2102574386438141
7.350,0.350,0.7259864800480065,0.0253695761774824,2.1771524831656297
7.450,0.350,0.8059519838128599,0.0117110368285584,2.1463946255834880
7.550,0.350,0.8772656295094525,0.0455546416590085,2.1201084420492964
7.650,0.350,0.9392339339979654,0.0756511761870514,2.0998065099161431
7.750,0.350,0.9915594884277965,0.1017446020323808,2.0863382395633030
7.850,0.350,1.0343032288842617,0.1237934537455736,2.0799848734111563
7.950,0.350,1.0678286819713834,0.1419239218533947,2.0805532566435669
8.050,0.350,1.0927177507314347,0.1563786771715022,2.0875001977473255
8.150,0.350,1.1096473927988559,0.1674750515422862,2.1000560191207711
8.250,0.350,1.1194264626410835,0.1755646936007031,2.1173262335007923
8.350,0.350,1.1228620663653182,0.1810112360427824,2.1383703510086614
8.450,0.350,1.1207649680147691,0.1841737326517358,2.1622731571154423
8.550,0.350,1.1139138182537769,0.1853979202199480,2.1881962728652300
8.650,0.350,1.1031081845612412,0.1849966065901883,2.2153335119366959
8.750,0.350,1.0889605085354539,0.1832339238441830,2.2429606862473563
8.850,0.350,1.0720571921903055,0.1803496828575400,2.2704932974806038
8.950,0.350,1.0528690331674686,0.1765652274715467,2.2974641636200963
9.050,0.350,1.0318012091101862,0.1720728017988960,2.3235185912280381
9.150,0.350,1.0092629738781858,0.1670370816537772,2.3483752898554036
9.250,0.350,0.9856171873059543,0.1616025981303455,2.3718055708157584
9.350,0.350,0.9611897640191565,0.1558942153105150,2.3936375899447637
9.450,0.350,0.9362090985825544,0.1500265782626573,2.4137740800886065
9.550,0.350,0.9109655039545372,0.1440806802232606,2.4321364643931211
9.650,0.350,0.8854706863901773,0.1382176832777949,2.4488210343697188
9.750,0.350,0.8604372707358698,0.1322747162911999,2.4635510059683501
9.850,0.350,0.8339883839046824,0.1273266670350656,2.4774390028059359
9.950,0.350,0.8126673000634406,0.1199052815238073,2.4856040904848364
5.350,0.450,0.2868029347642311,0.0246314112994068,2.3686700757964054
5.450,0.450,0.3307021788822295,0.0629187250389240,2.2797490567744929
5.550,0.450,0.3742112717351933,0.1346363127774610,2.2088223134321603
5.650,0.450,0.4174079636318080,0.1929502705518690,2.1621315942908157
5.750,0.450,0.4586532984082030,0.2393327311199915,2.1425830582225935
5.850,0.450,0.4974241753987201,0.2758442520793094,2.1367005262479797
5.950,0.450,0.5325219063515441,0.3046764033109985,2.1378799529569470
6.050,0.450,0.5619337323698161,0.3273525167681376,2.1485662895054305
6.150,0.450,0.5838034587575329,0.3445791111411438,2.1711988595440377
6.250,0.450,0.5968359582585183,0.3564614317663386,2.2044515486561713
6.350,0.450,0.6002281050812073,0.3627279851195288,2.2446653872886042
6.450,0.450,0.5935143076005938,0.3629464200988797,2.2877585343488755
6.550,0.450,0.5765915995813096,0.3566997162160882,2.3298142722809256
6.650,0.450,0.5496395233636235,0.3437400507063807,2.3669389836293169
6.750,0.450,0.5131852564256008,0.3240991994870606,2.3954752072097825
6.850,0.450,0.4680645196497517,0.2981538879202252,2.4124611657973709
6.950,0.450,0.4153731724114094,0.2666367734373876,2.4162635070023089
7.050,0.450,0.3564423062583852,0.2305926785721429,2.4068956184558292
7.150,0.450,0.2927701782098540,0.1912928987298074,2.3859293829278538
7.250,0.450,0.2259663903494342,0.1501243551653626,2.3560924851135057
7.350,0.450,0.1576362407222636,0.1084724459645699,2.3207550227374698
7.450,0.450,0.0893053050531698,0.0676121228008210,2.2834063428704434
7.550,0.450,0.0223556382502581,0.0286336932170150,2.2472059087041329
7.650,0.450,0.0420244955828970,0.0076118172852507,2.2147249525410073
7.750,0.450,0.1029054848561612,0.0405258373492164,2.1878167103923758
7.850,0.450,0.1596042040808632,0.0697457626485616,2.1676000349027955
7.950,0.450,0.2116534735225466,0.0951227752444925,2.1545401717643591
8.050,0.450,0.2588020185690700,0.1166734894368037,2.1485664087516803
8.150,0.450,0.3010139988598333,0.1345431081676755,2.1492152952715271
8.250,0.450,0.3383374009596376,0.1489638808640533,2.1557609993098188
8.350,0.450,0.3709808533970920,0.1602255860711034,2.1673350803539368
8.450,0.450,0.3991986990262575,0.1686448527350433,2.1830098674817280
8.550,0.450,0.4232843977649390,0.1745444599721478,2.2018685144278956
8.650,0.450,0.4435824947744162,0.1782435994699963,2.2230307347885017
8.750,0.450,0.4604194638631021,0.1800551100888343,2.2457024314590450
8.850,0.450,0.4741437371783257,0.1802715954026109,2.2692111887402335
8.950,0.450,0.4850751872302781,0.1791622569366507,2.2929841191406473
9.050,0.450,0.4935442637726095,0.1769658177489996,2.3165120109490811
9.150,0.450,0.4998109265506563,0.1738846683612563,2.3393784049480550
9.250,0.450,0.5041134662962747,0.1700977851082148,2.3612725875383989
9.350,0.450,0.5066672733926936,0.1657626934014043,2.3819631383902786
9.450,0.450,0.5076635941799696,0.1610217122627385,2.4013097098646359
9.550,0.450,0.5073783047410632,0.1559850816463745,2.4191764301739416
9.650,0.450,0.5057007270395162,0.1508151747469538,2.4357687970983499
9.750,0.450,0.5038825093315920,0.1454339443721798,2.4503826491945193
9.850,0.450,0.4978965899714063,0.1406346944842888,2.4659392941441900
9.950,0.450,0.5026862602603104,0.1341659736063023,2.4684998491077867
5.350,0.550,0.3587072604971100,0.0642655804464300,1.9627801628809243
5.450,0.550,0.3428336299640695,0.1353396750660824,1.9969769494625895
5.550,0.550,0.3812424532196759,0.1783671106060979,1.9713180821577669
5.650,0.550,0.4457961187550614,0.2074093226674440,1.9560144961038031
5.750,0.550,0.5206367544433705,0.2312403734294412,1.9664067670239702
5.850,0.550,0.6002192015632835,0.2538263590118205,1.9837428758203477
5.950,0.550,0.6803903047323221,0.2761131459926873,2.0016560761637860
6.050,0.550,0.7569341396263543,0.2977987417791515,2.0267798038691871
6.150,0.550,0.8265470546111082,0.3180886459012449,2.0653275384873577
6.250,0.550,0.8871338847994221,0.3358710932094743,2.1179363740077433
6.350,0.550,0.9374383570448090,0.3498633804806542,2.1816581928708390
6.450,0.550,0.9768271650757838,0.3588223038827792,2.2521609813079411
6.550,0.550,1.0050825750130410,0.3617343925934820,2.3246325926818079
6.650,0.550,1.0223180919560968,0.3579351003320808,2.3938188654391599
6.750,0.550,1.0289068724458224,0.3471627213028590,2.4544016100820207
6.850,0.550,1.0253774932346476,0.3295655878336825,2.5016333464833753
6.950,0.550,1.0124267061464898,0.3056827720077062,2.5321787602422940
7.050,0.550,0.9908150291917961,0.2763828344855179,2.5446875484080311
7.150,0.550,0.9614291369291545,0.2427751040597652,2.5397986306759295
7.250,0.550,0.9252250696601698,0.2061264177751733,2.5198581412792533
7.350,0.550,0.8832577634720913,0.1677567893570063,2.4883385481097351
7.450,0.550,0.8366044929220893,0.1289354271905135,2.4492674650750703
7.550,0.550,0.7863817470580545,0.0908022285153872,2.4066681363871254
7.650,0.550,0.7336663721493020,0.0543129906032219,2.3641414585022482
7.750,0.550,0.6794424318658434,0.0202092062211049,2.3246000133116680
7.850,0.550,0.6246353352493701,0.0109821363798453,2.2901662108816896
7.950,0.550,0.5700246103292539,0.0389374235457087,2.2621727189534839
8.050,0.550,0.5162664338786613,0.0635061941509278,2.2412550478421212
8.150,0.550,0.4638867412766872,0.0846812295023672,2.2274825401478009
8.250,0.550,0.4133054504328006,0.1025644525086410,2.2205026613583287
8.350,0.550,0.3648120496184268,0.1173364655532401,2.2196790739414545
8.450,0.550,0.3186025473713436,0.1292302853353243,2.2242086350950618
8.550,0.550,0.2748275977269690,0.1385095354086539,2.2332098467776338
8.650,0.550,0.2335315174046970,0.1454541941367154,2.2457944710520343
8.750,0.550,0.1947519003257736,0.1503467033245443,2.2611132858625438
8.850,0.550,0.1584695849542337,0.1534593980177969,2.2783926327774937
8.950,0.550,0.1246388086870236,0.1550455622631251,2.2969407919142051
9.050,0.550,0.0931774618381613,0.1553398448101201,2.3161495201436080
9.150,0.550,0.0640274134150403,0.1545585094500732,2.3355051332761994
9.250,0.550,0.0370949153785785,0.1528931823103671,2.3545947622827486
9.350,0.550,0.0122511036951054,0.1505107232814087,2.3730855852048500
9.450,0.550,0.0105873899476459,0.1475538108305475,2.3907551230987423
9.550,0.550,0.0316077146144593,0.1441450987536854,2.4073765717276574
9.650,0.550,0.0506499782011507,0.1403814827893760,2.4231821994117122
9.750,0.550,0.0691163526693508,0.1363686033560873,2.4371804555443504
9.850,0.550,0.0821201396241822,0.1321082053190264,2.4532875071896765
9.950,0.550,0.1078348321529199,0.1279689739368031,2.4524562300083499
5.350,0.650,0.0148511947945737,0.0435747250310151,1.8576354641897703
5.450,0.650,0.0787743822715435,0.0418073386893158,1.9329916355881109
5.550,0.650,0.1653582926363328,0.0500803652925628,1.9438885437112794
5.650,0.650,0.2561241529324838,0.0631838896890589,1.9455427421707645
5.750,0.650,0.3493126343262636,0.0846002846005721,1.9526806579342666
5.850,0.650,0.4485964251657020,0.1121550832094342,1.9599073738483757
5.950,0.650,0.5531027981050041,0.1427582444582356,1.9687365237709771
6.050,0.650,0.6597705886925294,0.1745238583020525,1.9870046811842355
6.150,0.650,0.7653854151033332,0.2062521258526634,2.0213521764999305
6.250,0.650,0.8671615463385114,0.2365918629307110,2.0741576106793564
6.350,0.650,0.9626749673633264,0.2639068992923545,2.1441839512256355
6.450,0.650,1.0500174788678265,0.2865477837222876,2.2275867186054068
6.550,0.650,1.1277220386086000,0.3031214854348644,2.3187186177941221
6.650,0.650,1.1947848119818221,0.3126661715727495,2.4108109950809564
6.750,0.650,1.2506154903638258,0.3147192241604988,2.4966323767041185
6.850,0.650,1.2949403824045409,0.3093030358672967,2.5694890045285090
6.950,0.650,1.3277720481422168,0.2968719320258287,2.6242613105392572
7.050,0.650,1.3492875211094160,0.2782274726536728,2.6580924823931245
7.150,0.650,1.3598752980030429,0.2544031919679300,2.6704894007588740
7.250,0.650,1.3600697906487365,0.2265879525651089,2.6630255605896229
7.350,0.650,1.3506011749871831,0.1960375610853929,2.6388560783921324
7.450,0.650,1.3322885814146632,0.1639747167860696,2.6021248084318045
7.550,0.650,1.3060551058470251,0.1315151002412064,2.5573273412143425
7.650,0.650,1.2729338166597683,0.0996189109640969,2.5087672145286102
7.750,0.650,1.2339444995439921,0.0690662598876013,2.4601923078187027
7.850,0.650,1.1901512038155784,0.0404477352835559,2.4145877516614940
7.950,0.650,1.1425507590506769,0.0141745613573785,2.3741006689750801
8.050,0.650,1.0920924046715466,0.0095027161613322,2.3400781880641537
8.150,0.650,1.0396585855595033,0.0304692218264878,2.3131686106199014
8.250,0.650,0.9860168488985188,0.0487207072467983,2.2934658179711209
8.350,0.650,0.9318526519320054,0.0643341026950048,2.2806533660764550
8.450,0.650,0.8777427819829033,0.0774530636467078,2.2741361304914238
8.550,0.650,0.8241990273655020,0.0882590846004824,2.2731543147765798
8.650,0.650,0.7716217395035310,0.0969621686712760,2.2768691416986746
8.750,0.650,0.7203429913869983,0.1037835141052998,2.2844259152340007
8.850,0.650,0.6706491449407106,0.1089448699388917,2.2950030749932382
8.950,0.650,0.6227227601128464,0.1126597617299444,2.3078352256821191
9.050,0.650,0.5767438841053432,0.1151291985281402,2.3222313771920722
9.150,0.650,0.5328108328392154,0.1165375828693899,2.3375843368532561
9.250,0.650,0.4909906131388602,0.1170484029012548,2.3533764319963124
9.350,0.650,0.4513291374208879,0.1168043270245119,2.3691737301298605
9.450,0.650,0.4138213623449678,0.1159198692887657,2.3846488559810619
9.550,0.650,0.3783814496607465,0.1145087576640660,2.3994982553835307
9.650,0.650,0.3451930106729582,0.1125725178644505,2.4137910980799875
9.750,0.650,0.3132094619526922,0.1104071788470647,2.4266835496658383
9.850,0.650,0.2861444929009815,0.1071235074682309,2.4411686808640902
9.950,0.650,0.2502126268910714,0.1058643846582118,2.4423066292356670
5.350,0.750,0.0798383018211223,0.1033967629070876,1.9858433492387451
5.450,0.750,0.0652710157973868,0.0526307247227105,1.9731903945206217
5.550,0.750,0.0859193167519743,0.0405911250214772,1.9746464250054339
5.650,0.750,0.1297858452172534,0.0326665941651756,1.9675638912253532
5.750,0.750,0.1851099532806887,0.0161038790755686,1.9612321283221008
5.850,0.750,0.2507903575938645,0.0052239983889786,1.9584783468935210
5.950,0.750,0.3283438906266341,0.0288076242405990,1.9617755078147820
6.050,0.750,0.4168540920115270,0.0549990530375225,1.9762145326777403
6.150,0.750,0.5138908301625359,0.0841227718784723,2.0070582936862071
6.250,0.750,0.6165111705933536,0.1151163112456229,2.0578220001935699
6.350,0.750,0.7220016607620920,0.1459986554123154,2.1288243961188074
6.450,0.750,0.8278153451730138,0.1747511998917215,2.2170335705330162
6.550,0.750,0.9314591543452471,0.1995343152410368,2.3169089782125054
6.650,0.750,1.0305710029024704,0.2189252083437968,2.4211679321633772
6.750,0.750,1.1230636676417032,0.2320660086677082,2.5216132904508450
6.850,0.750,1.2071016561236190,0.2386105943541134,2.6103870713168771
6.950,0.750,1.2811864258334476,0.2386735476440998,2.6811520524606274
7.050,0.750,1.3441412589954418,0.2327497130083536,2.7299516900397145
7.150,0.750,1.3951499395680365,0.2215848861564187,2.7554120239565405
7.250,0.750,1.4338336208326090,0.2061099091136395,2.7583661835533038
7.350,0.750,1.4601691548355862,0.1873418524481717,2.7414499595724462
7.450,0.750,1.4744807733915020,0.1662889403313323,2.7086245953299883
7.550,0.750,1.4773559806082004,0.1438981409949324,2.6644811425508461
7.650,0.750,1.4696459785887628,0.1210125816589536,2.6136435950057311
7.750,0.750,1.4523507478219337,0.0983370080497032,2.5603482542793343
7.850,0.750,1.4266388186550112,0.0764345147973886,2.5081428826116223
7.950,0.750,1.3936916552324090,0.0557299847725559,2.4597493262490642
8.050,0.750,1.3547223949303633,0.0365172618367971,2.4170434378131271
8.150,0.750,1.3108884788214916,0.0189839707038128,2.3811318854243275
8.250,0.750,1.2633075186458234,0.0032218137924694,2.3524764363576565
8.350,0.750,1.2129856049527836,0.0107511891038196,2.3310418027524840
8.450,0.750,1.1608171863230354,0.0229748660796220,2.3164315226131200
8.550,0.750,1.1076156496125438,0.0335320451643071,2.3080137127185956
8.650,0.750,1.0540638077004272,0.0425367585668071,2.3050176413781545
8.750,0.750,1.0007336452012985,0.0501220920394227,2.3066114808844294
8.850,0.750,0.9481248624718659,0.0564269914411475,2.3119587238597030
8.950,0.750,0.8966119639992551,0.0615934843872954,2.3202566899816586
9.050,0.750,0.8465398284305659,0.0657558569128876,2.3307611235633403
9.150,0.750,0.7981278507766150,0.0690392934885511,2.3428005888752561
9.250,0.750,0.7515828506969422,0.0715546016110185,2.3557850121002364
9.350,0.750,0.7070209935379901,0.0733990455735383,2.3692052308232698
9.450,0.750,0.6645289805874914,0.0746433350463626,2.3826417877061568
9.550,0.750,0.6241347437946465,0.0753717629741143,2.3957328188319891
9.650,0.750,0.5859178406797887,0.0755104629330101,2.4082700677891062
9.750,0.750,0.5496296983046793,0.0754483518499408,2.4199123343327487
9.850,0.750,0.5159838090991626,0.0737493319176340,2.4310993738611568
9.950,0.750,0.4825059410956625,0.0752212387799040,2.4389239221766204
5.350,0.850,0.0013819926837103,0.0993205948265637,1.9780441445418471
5.450,0.850,0.0122086197428397,0.0292038122812067,1.9816493632116741
5.550,0.850,0.0055340337610337,0.0301182197346494,1.9751016654403943
5.650,0.850,0.0245401590945032,0.0375737304370547,1.9687948321520774
5.750,0.850,0.0477744734131737,0.0364248457438615,1.9637316170330643
5.850,0.850,0.0794768293517327,0.0306996190745841,1.9622977477468360
5.950,0.850,0.1199933895543422,0.0215733904523170,1.9674452727401017
6.050,0.850,0.1690384987031752,0.0082064207387739,1.9832935859774237
6.150,0.850,0.2275828512872899,0.0097645934254365,2.0148235301684774
6.250,0.850,0.2957429362562223,0.0315945073452339,2.0663059062490632
6.350,0.850,0.3735794883256287,0.0551930005065752,2.1387988666186413
6.450,0.850,0.4591573810505775,0.0788412377254997,2.2290146267783015
6.550,0.850,0.5498171281656089,0.1010880015753108,2.3316827362958601
6.650,0.850,0.6435597247301612,0.1207517839119909,2.4398219594167605
6.750,0.850,0.7379427260977852,0.1369525362846323,2.5451268889555339
6.850,0.850,0.8302170985820221,0.1491977572427625,2.6395248384874086
6.950,0.850,0.9177076752879402,0.1573395433848055,2.7163388221726206
7.050,0.850,0.9980576623980352,0.1611777907474090,2.7711085042063783
7.150,0.850,1.0692549426306135,0.1608569687377147,2.8020105559812079
7.250,0.850,1.1298752948292217,0.1570903994857842,2.8094667018672959
7.350,0.850,1.1789958357394044,0.1504963997748567,2.7958768004168180
7.450,0.850,1.2162189943540305,0.1416335440748157,2.7650353345543355
7.550,0.850,1.2416108198413291,0.1310500464408968,2.7214242675791027
7.650,0.850,1.2556545236762804,0.1192649850382042,2.6697237770989291
7.750,0.850,1.2591106551595845,0.1067388879111157,2.6143285636995226
7.850,0.850,1.2530149049589741,0.0938671797345660,2.5590378569453134
7.950,0.850,1.2385040262339833,0.0809802848957694,2.5068354886193358
8.050,0.850,1.2167997429377060,0.0683428257593272,2.4598646033735396
8.150,0.850,1.1891498996935179,0.0561652125409327,2.4194631916482630
8.250,0.850,1.1567156391993765,0.0446017311030139,2.3862913696838381
8.350,0.850,1.1206031466919313,0.0337637371067222,2.3604617456291650
8.450,0.850,1.0818184642989395,0.0237186285384344,2.3416876307567658
8.550,0.850,1.0412339862082363,0.0144969376918828,2.3294043493190459
8.650,0.850,0.9996054294494290,0.0061037285535155,2.3228792641008633
8.750,0.850,0.9575682899463744,0.0014814918213203,2.3212927773099685
8.850,0.850,0.9156530200502802,0.0082943866324602,2.3238031241925232
8.950,0.850,0.8742883946666518,0.0143802160929580,2.3295888396605067
9.050,0.850,0.8338227601827031,0.0197894286775996,2.3378791807777048
9.150,0.850,0.7945030702851685,0.0245726970925968,2.3479705644651876
9.250,0.850,0.7565317897855968,0.0287770415579152,2.3592358645800480
9.350,0.850,0.7200718793889194,0.0324451339783712,2.3711277622348330
9.450,0.850,0.6852001557916072,0.0356034512360095,2.3831671642109162
9.550,0.850,0.6520393553081956,0.0382960592270979,2.3949729460829028
9.650,0.850,0.6204592241141755,0.0404334618896862,2.4060725583165814
9.750,0.850,0.5911969258302419,0.0423396337312292,2.4166864536287647
9.850,0.850,0.5611870093528770,0.0427035598945321,2.4245108850075323
9.950,0.850,0.5421711265465929,0.0459104248176526,2.4396180845325413
5.350,0.950,0.0271231500926761,0.0632948877789356,1.9754490539739002
5.450,0.950,0.0655794299294814,0.0312409628479016,1.9930631457758436
5.550,0.950,0.0660423323214201,0.0326099596976817,1.9854566888602312
5.650,0.950,0.0690588274257067,0.0379897131374769,1.9819064935889790
5.750,0.950,0.0736542534920654,0.0410530830999429,1.9803331252331478
5.850,0.950,0.0771929149437104,0.0407987633048354,1.9819679571752045
5.950,0.950,0.0780979283071057,0.0368825414108766,1.9896006727090318
6.050,0.950,0.0742360264434232,0.0297554945315489,2.0071119500387025
6.150,0.950,0.0627527064797729,0.0201233714063482,2.0392361211810637
6.250,0.950,0.0408364098421122,0.0088044008699839,2.0903182529535980
6.350,0.950,0.0075946629282473,0.0036459037007225,2.1621106445025493
6.450,0.950,0.0369368362149608,0.0166960087358398,2.2522608286456425
6.550,0.950,0.0915511005101000,0.0300830686461729,2.3553893126951868
6.650,0.950,0.1543718970265751,0.0434831717833550,2.4639952691836897
6.750,0.950,0.2229737485370019,0.0564261679223160,2.5695775810353165
6.850,0.950,0.2944795881376449,0.0685048560541073,2.6638645246869928
6.950,0.950,0.3655789749135399,0.0793211967742211,2.7402063919740023
7.050,0.950,0.4336354678228234,0.0880330258615142,2.7952201097558036
7.150,0.950,0.4975328622700677,0.0944161318407941,2.8269470042416005
7.250,0.950,0.5560436097681871,0.0990143139651392,2.8346991946445024
7.350,0.950,0.6073055774934973,0.1018727159247059,2.8210907217410144
7.450,0.950,0.6503662766992805,0.1029940211732716,2.7899737506793567
7.550,0.950,0.6849008312226081,0.1024485999296989,2.7458095613767002
7.650,0.950,0.7109882292276839,0.1003562483673575,2.6932607002941120
7.750,0.950,0.7290111389826048,0.0968698758125616,2.6367608735806214
7.850,0.950,0.7396225965913722,0.0921680328651604,2.5801542898455354
7.950,0.950,0.7435936552400643,0.0864479628349167,2.5264984326813114
8.050,0.950,0.7418187929208352,0.0799174364546953,2.4779967564004224
8.150,0.950,0.7352078092390181,0.0727857849108157,2.4360517343117003
8.250,0.950,0.7246443665354649,0.0652550890097121,2.4013677717804565
8.350,0.950,0.7109683347334268,0.0575121046600735,2.3740937046003383
8.450,0.950,0.6949295645107090,0.0497217063145008,2.3539603894169980
8.550,0.950,0.6772013953349070,0.0420232000196176,2.3404124519237888
8.650,0.950,0.6583528604357654,0.0345283299276474,2.3327150492745257
8.750,0.950,0.6388590321096932,0.0273221058625485,2.3300422233561275
8.850,0.950,0.6191192286600640,0.0204654064683529,2.3315411939330177
8.950,0.950,0.5994429324697552,0.0139985038580135,2.3363788805103440
9.050,0.950,0.5800733271880245,0.0079455067853192,2.3437722536633383
9.150,0.950,0.5611984133595957,0.0023183939515570,2.3530065372805624
9.250,0.950,0.5429497338679348,0.0028787429401607,2.3634427651461181
9.350,0.950,0.5254388311038165,0.0076472539371501,2.3745236161953462
9.450,0.950,0.5087016491745553,0.0119872304684022,2.3857483759326263
9.550,0.950,0.4928911677021568,0.0159095707781998,2.3967398171975285
9.650,0.950,0.4777185966712763,0.0193750481164709,2.4068838160770358
9.750,0.950,0.4645834713595840,0.0225104743810294,2.4167392671967241
9.850,0.950,0.4477029669641528,0.0247890390994220,2.4224259888274360
9.950,0.950,0.4490507125640506,0.0280049121094671,2.4414653440895204
5.350,1.050,0.0349818380351945,0.0176630849499344,1.9862159810194653
5.450,1.050,0.0847278311740838,0.0179575935218302,1.9965066188795766
5.550,1.050,0.0971598811219942,0.0212388103606921,1.9913650848948921
5.650,1.050,0.1123161971112192,0.0205118286095315,1.9881549324796794
5.750,1.050,0.1340493220810289,0.0200620465825705,1.9863604319049193
5.850,1.050,0.1587494173931279,0.0202280748956964,1.9884512587084084
5.950,1.050,0.1828158496834981,0.0204225625106256,1.9970397257068782
6.050,1.050,0.2034675049857120,0.0207834492466707,2.0156368165213236
6.150,1.050,0.2180111292343555,0.0212996870148223,2.0487414198226879
6.250,1.050,0.2237809242227610,0.0214142113509176,2.1006699171269592
6.350,1.050,0.2196711321313081,0.0205765397305516,2.1732096539543142
6.450,1.050,0.2052536848764943,0.0182554371548928,2.2640572250239663
6.550,1.050,0.1811153487051682,0.0143324533781533,2.3677838845431611
6.650,1.050,0.1484835402672959,0.0088387562933140,2.4768102210931926
6.750,1.050,0.1091629900184641,0.0018491005365996,2.5825645135285615
6.850,1.050,0.0654658222003133,0.0063688661926406,2.6767509686857895
6.950,1.050,0.0201870886046075,0.0154817484438954,2.7527770336800472
7.050,1.050,0.0245149449505974,0.0255771417752273,2.8073371109185485
7.150,1.050,0.0678967051189925,0.0362038920406640,2.8385784549440998
7.250,1.050,0.1090374267704285,0.0462602018594155,2.8459148615172265
7.350,1.050,0.1463206310796470,0.0552591508770249,2.8320358107002281
7.450,1.050,0.1789542984567822,0.0628756333119121,2.8008224952987235
7.550,1.050,0.2066786348086257,0.0688588896009992,2.7567163142615865
7.650,1.050,0.2295349064052070,0.0730536885894357,2.7043356408858328
7.750,1.050,0.2477935107892808,0.0754084205668567,2.6480563443720491
7.850,1.050,0.2618577481901159,0.0759669546073487,2.5916685668640893
7.950,1.050,0.2722593529971002,0.0748525390205184,2.5381833585563953
8.050,1.050,0.2795500558889084,0.0722484347704978,2.4897765704076393
8.150,1.050,0.2843034877388153,0.0683766857840632,2.4478342484068065
8.250,1.050,0.2870516599547792,0.0634785180195306,2.4130575582595255
8.350,1.050,0.2882819292667111,0.0577970343668435,2.3855978909785400
8.450,1.050,0.2884414954476064,0.0515636061966039,2.3651931098125769
8.550,1.050,0.2878877477270108,0.0449881915548160,2.3512960469761031
8.650,1.050,0.2869438765748835,0.0382531912601553,2.3431807066707537
8.750,1.050,0.2858399291674427,0.0315111749824629,2.3400289277968800
8.850,1.050,0.2847698745154259,0.0248846284652828,2.3409951842007635
8.950,1.050,0.2838653299244962,0.0184680551668602,2.3452532912275683
9.050,1.050,0.2832165063161094,0.0123313937266999,2.3520264825393382
9.150,1.050,0.2828807746388171,0.0065235816157043,2.3606061164457373
9.250,1.050,0.2828791213245094,0.0010768000782047,2.3703591026495592
9.350,1.050,0.2832306844584904,0.0039894354398790,2.3807334858433955
9.450,1.050,0.2839055446384413,0.0086692389593475,2.3912352723575578
9.550,1.050,0.2849759657752600,0.0129543459336335,2.4014881184949859
9.650,1.050,0.2861163165676119,0.0168909069026799,2.4108902749897481
9.750,1.050,0.2887019329140483,0.0203649868366469,2.4199933998854308
9.850,1.050,0.2869071935675658,0.0239100362842582,2.4249335856509742
9.950,1.050,0.3027030726830064,0.0257690892503917,2.4432127976977540
5.350,1.150,0.0145580530015359,0.0439986574105694,1.9748836239391538
5.450,1.150,0.0571644821689450,0.0022538550959514,1.9894149294871686
5.550,1.150,0.0740197105019037,0.0015143256490622,1.9844314631112523
5.650,1.150,0.0978452981056214,0.0086990046827684,1.9774753575349755
5.750,1.150,0.1232197136458483,0.0115479358754198,1.9738990525845446
5.850,1.150,0.1477916202007543,0.0114131083445653,1.9749764972705988
5.950,1.150,0.1702742167658082,0.0097635335321878,1.9824483449965591
6.050,1.150,0.1888869714132520,0.0059879246849956,2.0001929818653541
6.150,1.150,0.2011245207048280,0.0004264888404179,2.0333293978141080
6.250,1.150,0.2058689256839302,0.0089919315323978,2.0863375205723504
6.350,1.150,0.2022690789315892,0.0178628029692053,2.1604723627233908
6.450,1.150,0.1913414640748060,0.0255250644173988,2.2525085332129287
6.550,1.150,0.1746720293478528,0.0308343107669083,2.3570633288630432
6.650,1.150,0.1530771183552792,0.0330179050530985,2.4668748948796528
6.750,1.150,0.1277544761216016,0.0317116841086612,2.5733905612526016
6.850,1.150,0.1002048311484077,0.0270313765330077,2.6684689479312720
6.950,1.150,0.0719280104128849,0.0194790966431468,2.7455684002874778
7.050,1.150,0.0442195669965502,0.0094768309277940,2.8005001194805859
7.150,1.150,0.0181871153788977,0.0022828745921285,2.8316712625208953
7.250,1.150,0.0053876004299664,0.0146606124071668,2.8397202191529880
7.350,1.150,0.0260572907967975,0.0267504621516304,2.8271763464482547
7.450,1.150,0.0435982288155672,0.0378519775112455,2.7978220066839290
7.550,1.150,0.0580427690777257,0.0474162979108411,2.7560261936670791
7.650,1.150,0.0695936351712958,0.0550593711530883,2.7062709521478983
7.750,1.150,0.0785581956251948,0.0605681889377386,2.6527552073658263
7.850,1.150,0.0853288029711128,0.0638845901039954,2.5990857423301903
7.950,1.150,0.0903343010715818,0.0650786969464124,2.5481172550132318
8.050,1.150,0.0940078480459143,0.0643214066989601,2.5019060532942530
8.150,1.150,0.0967769065504940,0.0618505527467799,2.4617629503999603
8.250,1.150,0.0990122490359084,0.0579434523832374,2.4283539214561070
8.350,1.150,0.1010638343401342,0.0528907192637691,2.4018296325597031
8.450,1.150,0.1032022858637340,0.0469795905631927,2.3819520719361913
8.550,1.150,0.1056653981549616,0.0404766810616374,2.3682150667719934
8.650,1.150,0.1085996272078127,0.0336226104435962,2.3599418421051932
8.750,1.150,0.1121368973638730,0.0266229660953472,2.3563675904862600
8.850,1.150,0.1163372941397069,0.0196485539130527,2.3566986947882005
8.950,1.150,0.1212283166045540,0.0128353739398993,2.3601578851909384
9.050,1.150,0.1268013551605747,0.0062870011677160,2.3660119877637795
9.150,1.150,0.1330259752156877,0.0000788566831045,2.3735913696374924
9.250,1.150,0.1398524661418401,0.0057389606330748,2.3822968953646040
9.350,1.150,0.1472129957268651,0.0111359289039980,2.3916065317257340
9.450,1.150,0.1550216175943997,0.0161078038543274,2.4010605924432755
9.550,1.150,0.1632733215722593,0.0206384347321733,2.4102970056146198
9.650,1.150,0.1717122908040944,0.0248483818363522,2.4188526174187932
9.750,1.150,0.1810095236635121,0.0284464540477696,2.4269620624856869
9.850,1.150,0.1880499810999021,0.0327734378723132,2.4323334708173214
9.950,1.150,0.2045594212768922,0.0334876649020646,2.4450028628631091
5.350,1.250,0.0501447046645637,0.0961943638274487,1.9972823438083953
5.450,1.250,0.0178344056194091,0.0598434173248608,1.9778243521510128
5.550,1.250,0.0562172345980229,0.0653543247592453,1.9740843373705985
5.650,1.250,0.0872047028593510,0.0655186997341208,1.9654752998083245
5.750,1.250,0.1136483994965848,0.0594858354968653,1.9624999406183559
5.850,1.250,0.1341348595479644,0.0503545646131293,1.9637290364621469
5.950,1.250,0.1460437819125819,0.0391816195973878,1.9696062513064190
6.050,1.250,0.1489337592573141,0.0256308333393757,1.9854670707294937
6.150,1.250,0.1439402900317003,0.0096811536762549,2.0174383736346204
6.250,1.250,0.1328443392687466,0.0075160300424713,2.0696655325506002
6.350,1.250,0.1172198454673405,0.0241392108566081,2.1427395297550058
6.450,1.250,0.0984690285690322,0.0384896058579053,2.2336928355740682
6.550,1.250,0.0778331481618557,0.0491472356999131,2.3368078774844370
6.650,1.250,0.0563235848401979,0.0551754830034678,2.4444727276237921
6.750,1.250,0.0347013708625354,0.0562539937454688,2.5483561485472066
6.850,1.250,0.0135600709631958,0.0525813753512550,2.6406257329314280
6.950,1.250,0.0066569727724572,0.0447773019997447,2.7151547301986421
7.050,1.250,0.0255515693016251,0.0337486462089882,2.7682519961199530
7.150,1.250,0.0427995883699879,0.0205280224160046,2.7987321203528839
7.250,1.250,0.0581794428834250,0.0061873236766103,2.8074817320778793
7.350,1.250,0.0715594937087758,0.0082506458967688,2.7970463549012843
7.450,1.250,0.0828689649162508,0.0218991311268844,2.7711278003479225
7.550,1.250,0.0921145825980338,0.0340434184866033,2.7339194135923806
7.650,1.250,0.0994051782832641,0.0441575493636472,2.6896116137079407
7.750,1.250,0.1049082048410486,0.0519190619703846,2.6420313795503265
7.850,1.250,0.1088844708443357,0.0571907537052158,2.5944120320266721
7.950,1.250,0.1116195219851415,0.0599944795793638,2.5492709898154517
8.050,1.250,0.1133914942357412,0.0604813091775420,2.5083988472339884
8.150,1.250,0.1145258590431086,0.0588947797143444,2.4729156438244253
8.250,1.250,0.1152874846672574,0.0555323913355448,2.4433802184700575
8.350,1.250,0.1159301622927464,0.0507218996606616,2.4198980742598919
8.450,1.250,0.1166734640442324,0.0447944591449631,2.4022467988856588
8.550,1.250,0.1176666723075104,0.0380653536428353,2.3899702905721263
8.650,1.250,0.1190695822479539,0.0308199576585068,2.3824743501555239
8.750,1.250,0.1209601783419236,0.0233096739224317,2.3790861614609007
8.850,1.250,0.1234194276976313,0.0157488149196938,2.3791145488901129
8.950,1.250,0.1264836314157933,0.0083081546774997,2.3818783489954369
9.050,1.250,0.1301548792352567,0.0011228113876548,2.3867391781654606
9.150,1.250,0.1344301537512824,0.0057069965467734,2.3931084937870737
9.250,1.250,0.1392895526710927,0.0121122487230326,2.4004666707602778
9.350,1.250,0.1446939798492033,0.0180489109861514,2.4083565636534301
9.450,1.250,0.1506125355203030,0.0235063790503313,2.4164008940089978
9.550,1.250,0.1569697386789519,0.0284626828897485,2.4242647779868061
9.650,1.250,0.1637826507446314,0.0330547038950796,2.4317615316350749
9.750,1.250,0.1707579382027280,0.0369537110293226,2.4385561883061060
9.850,1.250,0.1786189044071147,0.0416549871384883,2.4451045854674271
9.950,1.250,0.1848925265228609,0.0424039946730897,2.4484509800872649
5.350,1.350,0.1097379288309916,0.0421363906739229,1.9221910377666735
5.450,1.350,0.1698504019274534,0.0530851924992393,1.9377710497866092
5.550,1.350,0.1908989672558474,0.0622130750824958,1.9363927058147747
5.650,1.350,0.1983331272587665,0.0615146138189233,1.9346040192305227
5.750,1.350,0.2001914014155399,0.0516834226905064,1.9421259367863670
5.850,1.350,0.1918319008311473,0.0359419642292257,1.9506978137685884
5.950,1.350,0.1734347404838594,0.0165849748004141,1.9603079813442608
6.050,1.350,0.1479506419630421,0.0044025207775186,1.9789830766747722
6.150,1.350,0.1184279896608165,0.0255948528427286,2.0139853520173050
6.250,1.350,0.0872298014130131,0.0456819943703408,2.0682092712348585
6.350,1.350,0.0560209017166535,0.0632978356116327,2.1407298054114956
6.450,1.350,0.0259243693629396,0.0771953988845332,2.2278982252140929
6.550,1.350,0.0024231476434822,0.0864263743217527,2.3241104724025292
6.650,1.350,0.0287183282790475,0.0904626181483608,2.4225541674614779
6.750,1.350,0.0528963805167981,0.0892374818433914,2.5160636053349932
6.850,1.350,0.0749895887069205,0.0831002844513640,2.5980904947243371
6.950,1.350,0.0950722112505491,0.0727393123223448,2.6636272779126671
7.050,1.350,0.1131602418349678,0.0590806690674597,2.7098339730385304
7.150,1.350,0.1292591719430076,0.0431696577877642,2.7360811891036092
7.250,1.350,0.1433891556352922,0.0261024653756953,2.7435377473517590
7.350,1.350,0.1556065084056848,0.0089470689998650,2.7347788581495291
7.450,1.350,0.1660031777579891,0.0073394110234750,2.7132334392995316
7.550,1.350,0.1747301934963379,0.0219761193016273,2.6826211900039740
7.650,1.350,0.1819552016979769,0.0343801839555817,2.6465439865803786
7.750,1.350,0.1878966239766537,0.0441863258060952,2.6081793912571438
7.850,1.350,0.1927674020078105,0.0512297599260833,2.5701425766104871
7.950,1.350,0.1967302131392255,0.0555270089552481,2.5344073644048297
8.050,1.350,0.1999744028352288,0.0572343544026369,2.5023392378610079
8.150,1.350,0.2026035014253611,0.0566143437874488,2.4747521121506098
8.250,1.350,0.2047315209308884,0.0539900479932953,2.4520145226345886
8.350,1.350,0.2064562975434128,0.0497148461171103,2.4341457297103095
8.450,1.350,0.2078387234660020,0.0441446869991612,2.4209154713981706
8.550,1.350,0.2089374820368732,0.0376192453208025,2.4119232483345963
8.650,1.350,0.2098096006105750,0.0304492270951393,2.4066715607096105
8.750,1.350,0.2105176186374007,0.0229065312727337,2.4046077672783235
8.850,1.350,0.2111143951775301,0.0152227171669018,2.4051780162318326
8.950,1.350,0.2116565856317756,0.0075880279441101,2.4078379272046861
9.050,1.350,0.2121876705064998,0.0001535783295021,2.4120798417927336
9.150,1.350,0.2127511927836183,0.0069637204787366,2.4174371274121351
9.250,1.350,0.2133946163054388,0.0136811601860947,2.4235032150294606
9.350,1.350,0.2141439986387148,0.0199427335462585,2.4299216622976934
9.450,1.350,0.2150395026334917,0.0257240672948305,2.4364230413480725
9.550,1.350,0.2160216598589346,0.0310000098225043,2.4427324345389594
9.650,1.350,0.2173582429290506,0.0358554831629562,2.4489433622063905
9.750,1.350,0.2180615916999056,0.0400740971380950,2.4542030365366032
9.850,1.350,0.2219562564922990,0.0446238101155992,2.4615102440300145
9.950,1.350,0.2153368560433568,0.0464217086981464,2.4558718527159495
5.350,1.450,0.0918958680053388,0.1454517890787320,2.0860760816064565
5.450,1.450,0.1933204682059553,0.0671856071294277,2.0347649297021611
5.550,1.450,0.2292291135074178,0.0238534807215229,1.9750572888555453
5.650,1.450,0.2268307663216875,0.0022996177670009,1.9442527045087412
5.750,1.450,0.2040083775491359,0.0217578848825054,1.9475151785927878
5.850,1.450,0.1674751583164111,0.0397659035115192,1.9608115148409566
5.950,1.450,0.1225619556168764,0.0575729310156957,1.9753783273556875
6.050,1.450,0.0744325421937813,0.0748272638672865,1.9979912490758043
6.150,1.450,0.0268461741469093,0.0908730622387612,2.0356246777477045
6.250,1.450,0.0179373522313044,0.1049348092742536,2.0895215489901395
6.350,1.450,0.0586726525834527,0.1161477459685048,2.1570297726618390
6.450,1.450,0.0947203358253343,0.1236790330674420,2.2340156104669715
6.550,1.450,0.1258243936510981,0.1268818516316463,2.3157814375197820
6.650,1.450,0.1520810539192246,0.1254023808832518,2.3971718100273205
6.750,1.450,0.1737448277561393,0.1192282713803529,2.4729315820875053
6.850,1.450,0.1912472277861585,0.1086874701938610,2.5382581418510304
6.950,1.450,0.2051103935343122,0.0944198738189050,2.5896791941740589
7.050,1.450,0.2158865415186897,0.0773028978249951,2.6253347581211086
7.150,1.450,0.2241958911582413,0.0583644574707738,2.6451706595668720
7.250,1.450,0.2306497183597793,0.0386955065655318,2.6505354890999566
7.350,1.450,0.2358597436285157,0.0193491889826031,2.6438036987466820
7.450,1.450,0.2403583221733978,0.0012600318684818,2.6278553624411778
7.550,1.450,0.2445846996942089,0.0148263498932955,2.6056991598463934
7.650,1.450,0.2488509154380987,0.0283841547371059,2.5800894465536826
7.750,1.450,0.2533177854776589,0.0391149381257081,2.5533950238603342
7.850,1.450,0.2580382143815623,0.0469235091696027,2.5274469446439531
7.950,1.450,0.2629530270531175,0.0518898483294995,2.5035936989450054
8.050,1.450,0.2679140769999186,0.0542218501615954,2.4826814357953011
8.150,1.450,0.2727603804027963,0.0542152619686628,2.4651855050171205
8.250,1.450,0.2772948371175783,0.0522106244996002,2.4512473681853093
8.350,1.450,0.2813410437309045,0.0485637345441046,2.4408011362132687
8.450,1.450,0.2847512684062976,0.0436253849289576,2.4335971224012853
8.550,1.450,0.2874176039375227,0.0377201378533274,2.4293073141348760
8.650,1.450,0.2892686476881696,0.0311419407985282,2.4275229142096366
8.750,1.450,0.2902839244458599,0.0241504135488875,2.4278403093942824
8.850,1.450,0.2904678656164577,0.0169647325063801,2.4298391109509136
8.950,1.450,0.2898446563627219,0.0097629737601153,2.4331413295026048
9.050,1.450,0.2884847771746375,0.0026889731084084,2.4373668026616322
9.150,1.450,0.2864536585003692,0.0041417979799269,2.4421938748230327
9.250,1.450,0.2838425563019409,0.0106430337667780,2.4473324129617957
9.350,1.450,0.2807115392761204,0.0167543498750527,2.4525501074369305
9.450,1.450,0.2771843416552913,0.0224377016271061,2.4576706319807005
9.550,1.450,0.2732547633669502,0.0276702192534813,2.4625064046558651
9.650,1.450,0.2693042771118219,0.0324493530844496,2.4672784873688931
9.750,1.450,0.2641205163487359,0.0367551454334373,2.4709947744784642
9.850,1.450,0.2627863573729625,0.0406663541573088,2.4775407079242471
9.950,1.450,0.2472893621230221,0.0438781504672793,2.4677919113555862
5.350,1.550,0.1010348123677014,0.2841410258027452,2.5194504369660979
5.450,1.550,0.1107354491975432,0.1892916267824612,2.3434576462857706
5.550,1.550,0.1217104749216507,0.1113445474572930,2.2268916323131123
5.650,1.550,0.1375078295084684,0.0483116138836731,2.1559383499381490
5.750,1.550,0.1577578334212806,0.0013212439438898,2.1227443691493515
5.850,1.550,0.1814973263759203,0.0403321223632287,2.1083800525098586
5.950,1.550,0.2071249595398248,0.0709781474128200,2.1023381909409307
6.050,1.550,0.2324179527805112,0.0949943304404069,2.1070948277900743
6.150,1.550,0.2553731276064823,0.1135299557234267,2.1268780374966245
6.250,1.550,0.2746382569855781,0.1271293606889995,2.1616138929367903
6.350,1.550,0.2893554900849225,0.1359553909555616,2.2081003910555768
6.450,1.550,0.2990747663239430,0.1400122311011498,2.2622730958825654
6.550,1.550,0.3037407453297698,0.1392941553354052,2.3200927737399106
6.650,1.550,0.3036923287721240,0.1339051448574412,2.3774785929213156
6.750,1.550,0.2996213019148710,0.1241456192601984,2.4304918693379634
6.850,1.550,0.2924732181678822,0.1105528313672530,2.4756986311682283
6.950,1.550,0.2833462765207040,0.0938973807568981,2.5107375626721229
7.050,1.550,0.2734044981596924,0.0751257214906170,2.5345690662611307
7.150,1.550,0.2637474294796291,0.0552834462940763,2.5474837079180208
7.250,1.550,0.2553378935972157,0.0354066732540704,2.5507928943141858
7.350,1.550,0.2489085802179538,0.0164435197121057,2.5464221147520094
7.450,1.550,0.2449660571664074,0.0008270345282595,2.5365741521664757
7.550,1.550,0.2436976334440626,0.0158311506771914,2.5233530493502592
7.650,1.550,0.2450537699890756,0.0282202441981743,2.5086075339149145
7.750,1.550,0.2487775663652796,0.0378515257127313,2.4938102946798275
7.850,1.550,0.2544336330401187,0.0447553694275261,2.4800390480324803
7.950,1.550,0.2615110011642425,0.0490922346821754,2.4680082874864975
8.050,1.550,0.2694277899123922,0.0511148903062056,2.4581192179366256
8.150,1.550,0.2776582720972289,0.0511208991908101,2.4505304908115542
8.250,1.550,0.2856951369722589,0.0494280613691803,2.4452232132175160
8.350,1.550,0.2931208984759688,0.0463489250975876,2.4420556941104521
8.450,1.550,0.2995926108387708,0.0421810993376192,2.4408138984914993
8.550,1.550,0.3048635940232298,0.0371874591279610,2.4412359039659957
8.650,1.550,0.3087650543107205,0.0316040121152082,2.4430259822444857
8.750,1.550,0.3112095812496976,0.0256405009562528,2.4458903578590698
8.850,1.550,0.3121776913197012,0.0194784224150880,2.4495712592596526
8.950,1.550,0.3116879572619529,0.0132685846476832,2.4538295679782580
9.050,1.550,0.3097808239771385,0.0071332482249230,2.4584211675625971
9.150,1.550,0.3065759386302291,0.0011579385753768,2.4631159695872920
9.250,1.550,0.3022126697258103,0.0045892899775595,2.4677383260138015
9.350,1.550,0.2968434151040924,0.0100581503046708,2.4721392071066295
9.450,1.550,0.2906192704269990,0.0152044580154797,2.4762249184791805
9.550,1.550,0.2836276282856551,0.0200104916047165,2.4798663400312084
9.650,1.550,0.2762512936104828,0.0243956407019819,2.4832620868631610
9.750,1.550,0.2675587292837367,0.0285131611230640,2.4856629131080257
9.850,1.550,0.2618450846527147,0.0316343087081302,2.4899619609001733
9.950,1.550,0.2443537070237256,0.0360677903625104,2.4820803463949956
5.350,1.650,0.3065125682329874,0.2087049231819058,3.1217380303612634
5.450,1.650,0.3410240676529606,0.1378609517267663,2.8548003427434487
5.550,1.650,0.3639750015429772,0.0743127779623696,2.6557677710521079
5.650,1.650,0.3796776258754297,0.0204053561344003,2.5051899266868212
5.750,1.650,0.3901376327152688,0.0232200375889502,2.3959499431952418
5.850,1.650,0.3970324786326982,0.0573122483357911,2.3196230879487238
5.950,1.650,0.4008825206340036,0.0836126113603431,2.2684036994686401
6.050,1.650,0.4014647031353427,0.1034106663024800,2.2382388793492618
6.150,1.650,0.3980353129194194,0.1175146002532790,2.2275983105889541
6.250,1.650,0.3898526802034912,0.1264579034750029,2.2342587418306326
6.350,1.650,0.3766125882445568,0.1305620611175613,2.2545861984109683
6.450,1.650,0.3585630259043837,0.1300727702703044,2.2843161026432859
6.550,1.650,0.3363848854580933,0.1252690040670161,2.3192151093033226
6.650,1.650,0.3111465289272708,0.1165243005000677,2.3553633763496911
6.750,1.650,0.2842229637593867,0.1043540334718698,2.3892970813687135
6.850,1.650,0.2570931471295186,0.0894335408639513,2.4183858358591044
6.950,1.650,0.2312391600996797,0.0725862114259447,2.4409885450478903
7.050,1.650,0.2079921914605114,0.0547254338617263,2.4566210162479294
7.150,1.650,0.1884128928809625,0.0367737823497611,2.4656705649721813
7.250,1.650,0.1732560711778564,0.0195717101496014,2.4692338514963064
7.350,1.650,0.1629424454796533,0.0038153046744578,2.4686439958952402
7.450,1.650,0.1575166115261735,0.0099929699748746,2.4653298738269989
7.550,1.650,0.1567356370314168,0.0215540065897873,2.4605411714319692
7.650,1.650,0.1600758373403344,0.0307533942964331,2.4553330066842562
7.750,1.650,0.1668371403339837,0.0376314641862778,2.4504307744239724
7.850,1.650,0.1762259832802484,0.0423401562263448,2.4463720450747601
7.950,1.650,0.1873991892495215,0.0450996949030443,2.4434262397318331
8.050,1.650,0.1995525561278417,0.0461635666430936,2.4417543640279025
8.150,1.650,0.2119486620907653,0.0457942961289370,2.4413445769377589
8.250,1.650,0.2239485032878599,0.0442394279445538,2.4421551757252153
8.350,1.650,0.2350410959167335,0.0417280803057975,2.4440370432432741
8.450,1.650,0.2448142992233131,0.0384660308118042,2.4468639839605939
8.550,1.650,0.2529890903284273,0.0346406112333560,2.4504658212045389
8.650,1.650,0.2593085493105192,0.0304070408256373,2.4546617052449307
8.750,1.650,0.2637120214292024,0.0258804504042734,2.4592097980575502
8.850,1.650,0.2662243632736381,0.0211605544684980,2.4639593338790120
8.950,1.650,0.2669398423188483,0.0163419696296665,2.4687409726593756
9.050,1.650,0.2660001015748645,0.0115018826619718,2.4734653353995459
9.150,1.650,0.2635255669228083,0.0067034389354021,2.4780106121094554
9.250,1.650,0.2596597117915795,0.0019998301881072,2.4822801485958985
9.350,1.650,0.2545456612997263,0.0025631579249709,2.4861519380358406
9.450,1.650,0.2483546895649096,0.0069408492269447,2.4895690626118423
9.550,1.650,0.2411862262955204,0.0111122005470291,2.4924312475639661
9.650,1.650,0.2333690383391724,0.0149678826977305,2.4948140045028651
9.750,1.650,0.2244932905581285,0.0187148022142041,2.4963792529611890
9.850,1.650,0.2167132225319155,0.0213123731486489,2.4981936192646059
9.950,1.650,0.2036502074236588,0.0262652583815114,2.4951979801245194
5.350,1.750,0.1210516489537543,0.1356257462407081,3.4362465086553478
5.450,1.750,0.1906700387907545,0.0885439587295839,3.1474370394615696
5.550,1.750,0.2459520348812481,0.0419903739974484,2.9146792381554638
5.650,1.750,0.2889462753079428,0.0006374910530333,2.7268502749093773
5.750,1.750,0.3206828354617217,0.0370845566140216,2.5805632662885873
5.850,1.750,0.3418005786545857,0.0661497505235216,2.4695881812551703
5.950,1.750,0.3529589527530614,0.0875287731088450,2.3877089287463922
6.050,1.750,0.3542137817841606,0.1017979418514212,2.3313544099860719
6.150,1.750,0.3457988247773178,0.1095374162149102,2.2976515198680487
6.250,1.750,0.3283584074733330,0.1115526470036528,2.2832784057912288
6.350,1.750,0.3030764022552805,0.1088333465714916,2.2842858228914982
6.450,1.750,0.2717320347289576,0.1022439724815163,2.2963788189390351
6.550,1.750,0.2363776980620473,0.0925116020542677,2.3153547454327175
6.650,1.750,0.1991025724812840,0.0803434006084635,2.3374734627857157
6.750,1.750,0.1619226558696871,0.0664765297953860,2.3596707676045852
6.850,1.750,0.1267529482417684,0.0516674972403001,2.3797397859676241
6.950,1.750,0.0953281369093903,0.0366475102515096,2.3964237759957996
7.050,1.750,0.0690056226080742,0.0220966334066050,2.4092481457184367
7.150,1.750,0.0486971004058043,0.0085967981695025,2.4184263388615257
7.250,1.750,0.0348338713780949,0.0033970816398409,2.4245023125073315
7.350,1.750,0.0273636149311942,0.0135913097829717,2.4282344594920162
7.450,1.750,0.0258531420819175,0.0218506322778531,2.4303523208992841
7.550,1.750,0.0295849348150252,0.0281916811787765,2.4315374568707386
7.650,1.750,0.0376349552541821,0.0327480470859800,2.4323300344515593
7.750,1.750,0.0490169355749805,0.0357270782298850,2.4331446385820841
7.850,1.750,0.0627515005258612,0.0373680226478399,2.4342504438572190
7.950,1.750,0.0778880918634361,0.0379123137230282,2.4358486447103518
8.050,1.750,0.0936057179394467,0.0375774566328891,2.4380158470650297
8.150,1.750,0.1091864364991604,0.0365532184809590,2.4408011872021320
8.250,1.750,0.1240337905454567,0.0349938849040005,2.4441785775367748
8.350,1.750,0.1376672407697803,0.0330092918901901,2.4480939647305711
8.450,1.750,0.1497928627618985,0.0306709972700775,2.4524230098859414
8.550,1.750,0.1602200755128553,0.0280494407112698,2.4570642528473221
8.650,1.750,0.1689638530213158,0.0251981548584777,2.4619336198169517
8.750,1.750,0.1759216941129864,0.0221559075043443,2.4669760516121970
8.850,1.750,0.1810545568377877,0.0189544495232364,2.4720500299223738
8.950,1.750,0.1843709780829399,0.0156258832939514,2.4770358231086469
9.050,1.750,0.1859536712536056,0.0122061412678221,2.4818113326305244
9.150,1.750,0.1859080002978599,0.0087401630605108,2.4862904779507211
9.250,1.750,0.1843518451630288,0.0052661934500168,2.4903757028154470
9.350,1.750,0.1814264852647502,0.0018185251854402,2.4939993166517258
9.450,1.750,0.1772882231018611,0.0015695768483156,2.4970919027892799
9.550,1.750,0.1720805448806506,0.0048772031269076,2.4996019333239596
9.650,1.750,0.1659866686170035,0.0080236617053254,2.5014925320302184
9.750,1.750,0.1591023654113957,0.0111385901875162,2.5027357246887645
9.850,1.750,0.1514989607663491,0.0135066495074042,2.5031367726558931
9.950,1.750,0.1449064346462625,0.0177184374395965,2.5038468918150523
5.350,1.850,0.0985180618458585,0.0337893222447372,3.6182988774404219
5.450,1.850,0.1889377466129032,0.0024098730785706,3.3431833228938692
5.550,1.850,0.2583493330797264,0.0357885028326962,3.1034800676039751
5.650,1.850,0.3060747228349543,0.0636471480903176,2.8954245737889646
5.750,1.850,0.3325523756008084,0.0837969195846791,2.7202074454447343
5.850,1.850,0.3392070690085394,0.0956193257734372,2.5770256098442910
5.950,1.850,0.3288474362716598,0.0997073149296199,2.4630520984983972
6.050,1.850,0.3044727929756870,0.0968911996483217,2.3782065174444247
6.150,1.850,0.2687284631506279,0.0888422929373047,2.3222124781321982
6.250,1.850,0.2248495496545377,0.0773083198192458,2.2917326786393581
6.350,1.850,0.1761832052819301,0.0639169783693552,2.2814239809666561
6.450,1.850,0.1258265253121391,0.0499762438886119,2.2855741489358028
6.550,1.850,0.0766311670785851,0.0362867979766786,2.2990681719070447
6.650,1.850,0.0310548355571352,0.0233222915086291,2.3176340772250801
6.750,1.850,0.0090037502453746,0.0114739924756645,2.3379538408075780
6.850,1.850,0.0422651285807465,0.0011217907702636,2.3576114595830884
6.950,1.850,0.0680097435399560,0.0074342242707564,2.3751314441300835
7.050,1.850,0.0859426235563445,0.0140635652763457,2.3897776227082432
7.150,1.850,0.0962018924776020,0.0188281760689108,2.4014041678685358
7.250,1.850,0.0993138313724415,0.0219486066630061,2.4102975390187651
7.350,1.850,0.0961491835797497,0.0237314399259054,2.4169147803468372
7.450,1.850,0.0878051430624500,0.0245076982900351,2.4218265846128126
7.550,1.850,0.0755147691669851,0.0245806936659969,2.4255438820629474
7.650,1.850,0.0604588948361737,0.0242048655926159,2.4285303742600766
7.750,1.850,0.0437485302754992,0.0235718902160398,2.4311734734499053
7.850,1.850,0.0262774453021697,0.0228162905914797,2.4337586508776639
7.950,1.850,0.0087954270518793,0.0220132139500617,2.4365019065206202
8.050,1.850,0.0081623744160981,0.0211950601752912,2.4395286050371019
8.150,1.850,0.0241954820526404,0.0203696428390344,2.4429091316585816
8.250,1.850,0.0390715360820347,0.0195345468187375,2.4466697505366191
8.350,1.850,0.0526651694222440,0.0186629280240159,2.4508428316211210
8.450,1.850,0.0647927216616798,0.0177025541542650,2.4554023831030523
8.550,1.850,0.0753722297963791,0.0165964033659367,2.4602486665638863
8.650,1.850,0.0843477125174708,0.0153242413308030,2.4652706066031969
8.750,1.850,0.0917566938870883,0.0138990873093463,2.4703717223391632
8.850,1.850,0.0976300202770161,0.0123308109337668,2.4754433743430067
8.950,1.850,0.1020331993493976,0.0106196308434733,2.4803812063009132
9.050,1.850,0.1050186711454892,0.0087719649381913,2.4850867428951160
9.150,1.850,0.1066485821790101,0.0067997183646505,2.4894761709022184
9.250,1.850,0.1070077653103740,0.0047215150546914,2.4934706746096773
9.350,1.850,0.1061867311794998,0.0025563000437686,2.4970068203112685
9.450,1.850,0.1042545544693088,0.0003299736247916,2.5000259918080534
9.550,1.850,0.1013215944508357,0.0019382308769824,2.5024803744473565
9.650,1.850,0.0974820281264639,0.0042025460790059,2.5043156739530894
9.750,1.850,0.0929261993362540,0.0064870839900212,2.5055708419387304
9.850,1.850,0.0869928013920822,0.0086405076584473,2.5058648352902710
9.950,1.850,0.0843609166867163,0.0110353030520702,2.5072789332988443
5.350,1.950,0.2484244347422324,0.0628817760654455,3.7334580872635259
5.450,1.950,0.2418938791943264,0.0657735633495341,3.4475734350152192
5.550,1.950,0.2162236284662746,0.0642104618544387,3.1881705228622064
5.650,1.950,0.1764313399756092,0.0588016548753513,2.9573041694436504
5.750,1.950,0.1278359269201002,0.0503669930267430,2.7582676154981058
5.850,1.950,0.0758840998602812,0.0400647222475164,2.5936754042704377
5.950,1.950,0.0248207246067289,0.0295530443732430,2.4622281174025598
6.050,1.950,0.0220995511233084,0.0184279195481945,2.3635586272743274
6.150,1.950,0.0636738667117240,0.0071570348553514,2.2980063019419026
6.250,1.950,0.0995209533955328,0.0023297330601528,2.2625123099877555
6.350,1.950,0.1283826294351664,0.0092567347149754,2.2506557336088902
6.450,1.950,0.1494116319375147,0.0138672373191511,2.2553929856137973
6.550,1.950,0.1629643049776770,0.0165565492608053,2.2706980494327560
6.650,1.950,0.1700309086955589,0.0176913928147426,2.2918985159019245
6.750,1.950,0.1716265938304917,0.0176275606496295,2.3155373466558964
6.850,1.950,0.1686647082740462,0.0166744925057611,2.3390705677774664
6.950,1.950,0.1620464713003759,0.0150758524510777,2.3607485822549497
7.050,1.950,0.1526935670378193,0.0130287706948311,2.3795137500888615
7.150,1.950,0.1414769303270660,0.0107242877303384,2.3949056828618178
7.250,1.950,0.1291153582847453,0.0083638660419255,2.4069373179740530
7.350,1.950,0.1161277177361983,0.0061522721181642,2.4159825195486131
7.450,1.950,0.1028639955784932,0.0042657261564891,2.4225780947941695
7.550,1.950,0.0895673478498960,0.0028266837361946,2.4273543625979492
7.650,1.950,0.0764389756159569,0.0018866615721775,2.4308910621943269
7.750,1.950,0.0636647313677208,0.0014334857885911,2.4337147189424471
7.850,1.950,0.0514184313913454,0.0014041014721635,2.4362429526649061
7.950,1.950,0.0398389933133028,0.0017092002453902,2.4387922567401681
8.050,1.950,0.0290377404998562,0.0022400495079423,2.4415787950347614
8.150,1.950,0.0190957751618244,0.0028852826279369,2.4447224578113103
8.250,1.950,0.0100457762496137,0.0035507712488339,2.4482764170093794
8.350,1.950,0.0018674405099163,0.0041693722350262,2.4522675009791253
8.450,1.950,0.0054754451233133,0.0046851511829382,2.4566657909379703
8.550,1.950,0.0120211083411735,0.0050470382414305,2.4613799244290333
8.650,1.950,0.0177984374040411,0.0052222202973189,2.4662976890834059
8.750,1.950,0.0228324318940628,0.0051987708371076,2.4713086060769882
8.850,1.950,0.0271510937369408,0.0049713437210017,2.4763093266940688
8.950,1.950,0.0307791454600694,0.0045418645193155,2.4811937819764940
9.050,1.950,0.0337319480713671,0.0039181212098675,2.4858651215761416
9.150,1.950,0.0360210883505722,0.0031150125897331,2.4902355467774622
9.250,1.950,0.0376552364522974,0.0021498648115811,2.4942293835401967
9.350,1.950,0.0386409988192969,0.0010429559666086,2.4977816580064265
9.450,1.950,0.0389875926022427,0.0001849115181771,2.5008398350324321
9.550,1.950,0.0387052437116167,0.0015131389778492,2.5033591661156831
9.650,1.950,0.0378012647932820,0.0029224343787983,2.5053043720399368
9.750,1.950,0.0363208068364530,0.0043768995296306,2.5066589619101651
9.850,1.950,0.0340743032646866,0.0060220481989761,2.5073711269842942
9.950,1.950,0.0332896414924698,0.0067240831520149,2.5079164757112817
