0.050,0.050,0.3891041309340960,-0.0001559268598594,4.5292690056090894
0.150,0.050,0.3884315756213951,-0.0002668354516016,4.5136109559612798
0.250,0.050,0.3884617455115493,-0.0005558407557860,4.4981386615130399
0.350,0.050,0.3888104528868243,-0.0007021520680037,4.4826888210399263
0.450,0.050,0.3893515961736334,-0.0006683837207370,4.4671331356659127
0.550,0.050,0.3900586586339372,-0.0005160120464400,4.4513743393454179
0.650,0.050,0.3909251707234579,-0.0003153138502032,4.4353427296588990
0.750,0.050,0.3919398354295059,-0.0001213383044853,4.4189972463564713
0.850,0.050,0.3930889452031989,0.0000261208553383,4.4023268843242089
0.950,0.050,0.3943686850108543,0.0000994566880116,4.3853497575693181
1.050,0.050,0.3957971827917878,0.0000823489963849,4.3681094791223352
1.150,0.050,0.3974205452417857,-0.0000303147263418,4.3506698847433212
1.250,0.050,0.3993104610238540,-0.0002339913735387,4.3331094969352506
1.350,0.050,0.4015542604977694,-0.0005182803266598,4.3155167934328826
1.450,0.050,0.4042414874335333,-0.0008718014359300,4.2979866071830637
1.550,0.050,0.4074531738906280,-0.0012858004978569,4.2806171508762159
1.650,0.050,0.4112599434785374,-0.0017542816628089,4.2635065766931470
1.750,0.050,0.4157320319718002,-0.0022700307968142,4.2467479767482494
1.850,0.050,0.4209586788316197,-0.0028183606937031,4.2304224353876316
1.950,0.050,0.4270680944260136,-0.0033726445976193,4.2145909252263163
2.050,0.050,0.4342356890090915,-0.0038962023127682,4.1992868883937389
2.150,0.050,0.4426707369179626,-0.0043527317344005,4.1845115859160122
2.250,0.050,0.4525809289714021,-0.0047225892168780,4.1702334496800857
2.350,0.050,0.4641266915029147,-0.0050173046503169,4.1563910832583471
2.450,0.050,0.4773855572693280,-0.0052834490252703,4.1428979206020191
2.550,0.050,0.4923452216295249,-0.0055915052272456,4.1296452966031314
2.650,0.050,0.5089326298948819,-0.0060138260940022,4.1164997049294936
2.750,0.050,0.5270730672162683,-0.0066026450191685,4.1032890660272177
2.850,0.050,0.5467665251177245,-0.0073794163288896,4.0897722388494602
2.950,0.050,0.5681710805354975,-0.0083400914642026,4.0755872277422531
3.050,0.050,0.5916887614970523,-0.0094720832715999,4.0601791683740007
3.150,0.050,0.6180487040225882,-0.0107748789567846,4.0427220354388469
3.250,0.050,0.6483686566795563,-0.0122841170107675,4.0220667603542344
3.350,0.050,0.6841531557788862,-0.0141195461156751,3.9967558101666749
3.450,0.050,0.7271860789089069,-0.0165855009012361,3.9650914566118125
3.550,0.050,0.7793785512156358,-0.0202477666929302,3.9250720461596904
3.650,0.050,0.8429021596710281,-0.0255928662803654,3.8737935830547476
3.750,0.050,0.9209488336312422,-0.0321225503450060,3.8060484705413642
3.850,0.050,1.0182812654366777,-0.0390946217058948,3.7125502537724611
3.950,0.050,1.1404834883919654,-0.0476441612329326,3.5800268480734498
4.050,0.050,1.2919214613025622,-0.0600014284986713,3.3937053497041112
4.150,0.050,1.4781151296071726,-0.0739123219485070,3.1306462970905558
4.250,0.050,1.7059280576466391,-0.0884559238219906,2.7627420231851554
4.350,0.050,1.9752215639324386,-0.1055597590047089,2.2598463483976836
4.450,0.050,2.2800719110102303,-0.1168575141753991,1.6014909554024781
4.550,0.050,2.6125344884034161,-0.1220419433014948,0.7771530099405772
4.650,0.050,2.9556635422179176,-0.1200722000788945,-0.1868613751234588
0.050,0.150,1.1094244842937457,0.0003724518947158,4.5301029088904858
0.150,0.150,1.1094828081142263,-0.0002458305917329,4.5139640004747177
0.250,0.150,1.1096561361868147,-0.0007724106653539,4.4982490684593541
0.350,0.150,1.1099471338438616,-0.0010969078834717,4.4827039128840802
0.450,0.150,1.1104078749618216,-0.0012597992217729,4.4671317896335374
0.550,0.150,1.1110862702570699,-0.0013287240323747,4.4513886753109553
0.650,0.150,1.1120094221897938,-0.0013563638258533,4.4353773660128670
0.750,0.150,1.1131839957045604,-0.0013799204785542,4.4190447914471109
0.850,0.150,1.1146013249580149,-0.0014303711449033,4.4023792812792690
0.950,0.150,1.1162435646076230,-0.0015380715000029,4.3854057889478542
1.050,0.150,1.1180905764409237,-0.0017325439891329,4.3681789230982382
1.150,0.150,1.1201272927516677,-0.0020388619337115,4.3507746382686863
1.250,0.150,1.1223503518691975,-0.0024737983186496,4.3332817503426311
1.350,0.150,1.1247722577713237,-0.0030439849168038,4.3157943705431023
1.450,0.150,1.1274217071244947,-0.0037469086915168,4.2984060664526913
1.550,0.150,1.1303399826656684,-0.0045742397775511,4.2812061185479440
1.650,0.150,1.1335749557677677,-0.0055160452083957,4.2642776709477186
1.750,0.150,1.1371755533915724,-0.0065641124030452,4.2476969524016202
1.850,0.150,1.1411897810443230,-0.0077130372608219,4.2315322551706247
1.950,0.150,1.1456681146160221,-0.0089588940800710,4.2158412820478297
2.050,0.150,1.1506715158366130,-0.0102968272364594,4.2006660306129158
2.150,0.150,1.1562805971343413,-0.0117200266834094,4.1860255303465603
2.250,0.150,1.1626012701190875,-0.0132223746090501,4.1719080181003587
2.350,0.150,1.1697639305836394,-0.0148051744758662,4.1582647907914358
2.450,0.150,1.1779176039874868,-0.0164855870984325,4.1450074355280151
2.550,0.150,1.1872250177219872,-0.0183027304261654,4.1320084198666542
2.650,0.150,1.1978658835235105,-0.0203188681368234,4.1191027207535384
2.750,0.150,1.2100523847404105,-0.0226176844880493,4.1060859868305322
2.850,0.150,1.2240556084233334,-0.0253062708957222,4.0927030968685543
2.950,0.150,1.2402394226845357,-0.0285277741698943,4.0786202712410677
3.050,0.150,1.2591016326988307,-0.0324855855579546,4.0633751643926717
3.150,0.150,1.2813276950139891,-0.0374703408318578,4.0463048023116883
3.250,0.150,1.3078614158481670,-0.0438758720297135,4.0264627180192694
3.350,0.150,1.3399819538733364,-0.0522009799938750,4.0025490893758793
3.450,0.150,1.3793506589282511,-0.0630661441504434,3.9728640271829900
3.550,0.150,1.4279971201568897,-0.0772878129298056,3.9351980108193421
3.650,0.150,1.4883586175882304,-0.0958989937348323,3.8863909881112826
3.750,0.150,1.5637156496461673,-0.1197554870232995,3.8213150427946747
3.850,0.150,1.6587304486349008,-0.1494473561375862,3.7315371966292306
3.950,0.150,1.7789401290912761,-0.1864990887673690,3.6040258262063660
4.050,0.150,1.9302361345314794,-0.2321162700920634,3.4217041529639598
4.150,0.150,2.1181807471399190,-0.2853298478928430,3.1606883974311923
4.250,0.150,2.3482450117785465,-0.3438684871604286,2.7891306233032958
4.350,0.150,2.6236695871664071,-0.4027794598146649,2.2696040346543245
4.450,0.150,2.9420335808026969,-0.4487248961125636,1.5737879793128298
4.550,0.150,3.2910496863374368,-0.4753646241345427,0.6941567917452631
4.650,0.150,3.6518344768685522,-0.4669115708900539,-0.3391042688376238
0.050,0.250,1.7498223841682554,0.0002057635441335,4.5315635885668524
0.150,0.250,1.7500496783736461,-0.0004483888503709,4.5150514454529418
0.250,0.250,1.7503003824576264,-0.0010446324413238,4.4990149302987614
0.350,0.250,1.7506468833253954,-0.0014992752038689,4.4832154689792985
0.450,0.250,1.7511401753065778,-0.0018418563438779,4.4674569648106841
0.550,0.250,1.7518087353072702,-0.0021208211354342,4.4515913180137288
0.650,0.250,1.7526689633673289,-0.0023743841076351,4.4355161699632824
0.750,0.250,1.7537335922718429,-0.0026301411368643,4.4191729070592540
0.850,0.250,1.7550137575592257,-0.0029115185741085,4.4025438489828330
0.950,0.250,1.7565167845335472,-0.0032423294356725,4.3856476216081752
1.050,0.250,1.7582433688064378,-0.0036476858020847,4.3685327855101317
1.150,0.250,1.7601868133833023,-0.0041522602722287,4.3512703573234068
1.250,0.250,1.7623351803902225,-0.0047775096729568,4.3339459817057264
1.350,0.250,1.7646756452258601,-0.0055392454267017,4.3166524292260169
1.450,0.250,1.7671994510301801,-0.0064464557081199,4.2994829621320223
1.550,0.250,1.7699057718094444,-0.0075017629536904,4.2825259786546477
1.650,0.250,1.7728034191211615,-0.0087033825795111,4.2658612049397950
1.750,0.250,1.7759104036309508,-0.0100479759795863,4.2495575064173590
1.850,0.250,1.7792524500211524,-0.0115334812501209,4.2336720948946924
1.950,0.250,1.7828621360762598,-0.0131610466703238,4.2182505224216786
2.050,0.250,1.7867799895192085,-0.0149357331130789,4.2033264862383817
2.150,0.250,1.7910576720772129,-0.0168666167690710,4.1889203356430338
2.250,0.250,1.7957619933262619,-0.0189678681560095,4.1750355022926309
2.350,0.250,1.8009780564804232,-0.0212625824680535,4.1616529224222818
2.450,0.250,1.8068111649634917,-0.0237900551032593,4.1487245685810272
2.550,0.250,1.8133897445118163,-0.0266151841586016,4.1361678059369185
2.650,0.250,1.8208734185823123,-0.0298372745389174,4.1238617900126382
2.750,0.250,1.8294691793285902,-0.0335966211812180,4.1116453601764640
2.850,0.250,1.8394541484842475,-0.0380812696804233,4.0993133253975618
2.950,0.250,1.8511991747945156,-0.0435407349868923,4.0866055056307085
3.050,0.250,1.8651886946449854,-0.0503135213480051,4.0731812382740857
3.150,0.250,1.8820410478963037,-0.0588677359370119,4.0585723177577631
3.250,0.250,1.9025446597385407,-0.0698413776307882,4.0421108273027873
3.350,0.250,1.9277270043286132,-0.0840621852341231,4.0228342632833414
3.450,0.250,1.9589523872088481,-0.1025450931717587,3.9993666991203383
3.550,0.250,1.9980067953174951,-0.1265164107116376,3.9697243437804626
3.650,0.250,2.0471429288452656,-0.1575247994025395,3.9308609395283165
3.750,0.250,2.1092609163912068,-0.1974755703445981,3.8777088868313103
3.850,0.250,2.1884580399151878,-0.2483189640103514,3.8019428962370707
3.950,0.250,2.2900505234765474,-0.3121922622186151,3.6907115077380128
4.050,0.250,2.4201611106312728,-0.3910849674720192,3.5243277850687114
4.150,0.250,2.5866550612990480,-0.4844963469137326,3.2734159830016543
4.250,0.250,2.7984208246946101,-0.5898975780685058,2.8951965086849873
4.350,0.250,3.0640591862128859,-0.6993892678844890,2.3364688287026381
4.450,0.250,3.3872766009407118,-0.7920152313158224,1.5483290242661836
4.550,0.250,3.7605705334913875,-0.8504970003002137,0.5103133218352728
4.650,0.250,4.1612541533516740,-0.8390350982710540,-0.7326437905385675
0.050,0.350,2.3109926834324654,0.0000230058338829,4.5329606515952685
0.150,0.350,2.3111124343422089,-0.0006177327078421,4.5163977125657784
0.250,0.350,2.3112601560365276,-0.0012793609658908,4.5002152414286041
0.350,0.350,2.3114986690264732,-0.0018560723211764,4.4842468323017082
0.450,0.350,2.3118651821200378,-0.0023506349813684,4.4683378330685652
0.550,0.350,2.3123766632715719,-0.0027961110183359,4.4523654234950616
0.650,0.350,2.3130427187013392,-0.0032275074853652,4.4362420880252182
0.750,0.350,2.3138745364289486,-0.0036745170798319,4.4199158950895168
0.850,0.350,2.3148869157635787,-0.0041614423307880,4.4033690355773070
0.950,0.350,2.3160953805303022,-0.0047087519539800,4.3866145864817181
1.050,0.350,2.3175116433675491,-0.0053344288503452,4.3696918073211206
1.150,0.350,2.3191400254383674,-0.0060546908995424,4.3526605414101578
1.250,0.350,2.3209761977691556,-0.0068841386569218,4.3355952986741082
1.350,0.350,2.3230084758504463,-0.0078355254899289,4.3185794698882418
1.450,0.350,2.3252210846990735,-0.0089194026872767,4.3016999765672956
1.550,0.350,2.3275983337841346,-0.0101439363911715,4.2850425510203065
1.650,0.350,2.3301284975474905,-0.0115152078521089,4.2686877797870233
1.750,0.350,2.3328064237081416,-0.0130382377968721,4.2527080179720675
1.850,0.350,2.3356345028083787,-0.0147187793763207,4.2371652638138153
1.950,0.350,2.3386225006974892,-0.0165656382299977,4.2221100356924355
2.050,0.350,2.3417875267663955,-0.0185930532629321,4.2075811844861608
2.150,0.350,2.3451555729901656,-0.0208227410276635,4.1936063958665075
2.250,0.350,2.3487652362898568,-0.0232857451264272,4.1802029395841966
2.350,0.350,2.3526726345539406,-0.0260251316444059,4.1673781242292280
2.450,0.350,2.3569552038934334,-0.0291012877423430,4.1551290538609642
2.550,0.350,2.3617125313036089,-0.0326013227295928,4.1434416860482637
2.650,0.350,2.3670653006125906,-0.0366524947852374,4.1322896392150534
2.750,0.350,2.3731572236588301,-0.0414376222570320,4.1216332243312817
2.850,0.350,2.3801658848197587,-0.0472102592003678,4.1114183166991127
2.950,0.350,2.3883241286961505,-0.0543107192651957,4.1015728314161146
3.050,0.350,2.3979463296318810,-0.0631894031259134,4.0919961223389727
3.150,0.350,2.4094513484978508,-0.0744458847781484,4.0825343054145771
3.250,0.350,2.4233832266094191,-0.0888847768486738,4.0729329790794866
3.350,0.350,2.4404484938653677,-0.1075733276499205,4.0627577267065984
3.450,0.350,2.4615972973722400,-0.1318765376086732,4.0512665733110422
3.550,0.350,2.4881501612431567,-0.1634727201493869,4.0371855578488693
3.650,0.350,2.5219173093273555,-0.2044236638172297,4.0182370413680948
3.750,0.350,2.5652800605781740,-0.2573695924801717,3.9901247652316996
3.850,0.350,2.6214728369007863,-0.3256069492514441,3.9448504968015383
3.950,0.350,2.6953056673376037,-0.4126836481411239,3.8689199431935521
4.050,0.350,2.7935695535245060,-0.5219658964381800,3.7402166153890679
4.150,0.350,2.9254912815365990,-0.6558865286543273,3.5211699774998020
4.250,0.350,3.1045962633088546,-0.8142259732262859,3.1511827224527154
4.350,0.350,3.3483086408349574,-0.9882595702444765,2.5449910338365793
4.450,0.350,3.6727359170118854,-1.1521841489254947,1.6039394703556833
4.550,0.350,4.0897504286776858,-1.2742534841717585,0.2397421519086662
4.650,0.350,4.5740078497281802,-1.2710166868574850,-1.4731395263656955
0.050,0.450,2.7902698805815427,-0.0001467003384480,4.5342999822844892
0.150,0.450,2.7904990000820975,-0.0007721125533430,4.5179322638505512
0.250,0.450,2.7907271606534345,-0.0014805552800044,4.5017867038133383
0.350,0.450,2.7910071936554388,-0.0021524617726323,4.4857821298766059
0.450,0.450,2.7913774526130926,-0.0027680352928385,4.4698178281065450
0.550,0.450,2.7918581566426730,-0.0033463251250377,4.4538072983411015
0.650,0.450,2.7924592982324326,-0.0039190297302769,4.4376870212162878
0.750,0.450,2.7931885310001316,-0.0045182274296082,4.4214191148052926
0.850,0.450,2.7940548576248054,-0.0051707812409459,4.4049915327340470
0.950,0.450,2.7950683757680412,-0.0058966718804942,4.3884164533760748
1.050,0.450,2.7962379450151587,-0.0067097026377911,4.3717272812239489
1.150,0.450,2.7975686179156525,-0.0076193578642768,4.3549747896862128
1.250,0.450,2.7990600147498585,-0.0086328792494467,4.3382229244690986
1.350,0.450,2.8007061013107553,-0.0097569697513178,4.3215446721724504
1.450,0.450,2.8024963072378664,-0.0109988749353044,4.3050182562624766
1.550,0.450,2.8044176303240742,-0.0123668643684828,4.2887238037050057
1.650,0.450,2.8064572301990398,-0.0138703298765492,4.2727405507851710
1.750,0.450,2.8086049398658206,-0.0155198458920333,4.2571446259775181
1.850,0.450,2.8108551077570856,-0.0173276014645824,4.2420074513871651
1.950,0.450,2.8132073116748177,-0.0193085891380248,4.2273948304346627
2.050,0.450,2.8156658712372074,-0.0214827931810887,4.2133668281270955
2.150,0.450,2.8182387262759341,-0.0238783767619480,4.1999785937925198
2.250,0.450,2.8209368940697357,-0.0265356435710290,4.1872823181075782
2.350,0.450,2.8237758702511555,-0.0295115592757049,4.1753305510610863
2.450,0.450,2.8267795262703985,-0.0328850525647874,4.1641811303514658
2.550,0.450,2.8299853636799961,-0.0367641120072068,4.1539039684748538
2.650,0.450,2.8334484715136155,-0.0412963666398017,4.1445898741781271
2.750,0.450,2.8372418913473259,-0.0466846715020157,4.1363613154885561
2.850,0.450,2.8414541607799770,-0.0532080174163462,4.1293843570739446
2.950,0.450,2.8461888069328229,-0.0612469813332894,4.1238797260096360
3.050,0.450,2.8515714468348370,-0.0713140374375483,4.1201290877975456
3.150,0.450,2.8577655859156779,-0.0840930350683996,4.1184704786114557
3.250,0.450,2.8649925515418380,-0.1004952917120871,4.1192748023001675
3.350,0.450,2.8735543836016380,-0.1217348039864221,4.1228927180889769
3.450,0.450,2.8838756255213962,-0.1494101898384349,4.1295537799536906
3.550,0.450,2.8965956380061391,-0.1855736374811402,4.1391725919992624
3.650,0.450,2.9127248124420921,-0.2328035082561223,4.1509344610013876
3.750,0.450,2.9338229798924411,-0.2943746301321457,4.1623550184033871
3.850,0.450,2.9621890189917259,-0.3745757262160084,4.1673335109446965
3.950,0.450,3.0013555316007059,-0.4788537857116696,4.1530011224808874
4.050,0.450,3.0573075572855961,-0.6134222761576225,4.0953843661546143
4.150,0.450,3.1402954906563250,-0.7848316863083736,3.9498605662638551
4.250,0.450,3.2671071861074563,-0.9990899881483963,3.6347268505075325
4.350,0.450,3.4645509530004652,-1.2543372927179093,3.0140539629468108
4.450,0.450,3.7747223166963284,-1.5350302279361421,1.8801271062570712
4.550,0.450,4.2620563610187885,-1.7933335189339008,-0.0741093072083184
4.650,0.450,4.9129427050861194,-1.8235375472911297,-2.8276101797207644
0.050,0.550,3.1890647091156721,-0.0004481775386276,4.5358457846739118
0.150,0.550,3.1893520942532416,-0.0010377863363766,4.5197668116453507
0.250,0.550,3.1896137755855123,-0.0017541040178313,4.5037556064052531
0.350,0.550,3.1898946723604888,-0.0024828205764249,4.4878027947154546
0.450,0.550,3.1902384009043447,-0.0031878058270685,4.4718564315941673
0.550,0.550,3.1906728677467964,-0.0038721988140560,4.4558654567781879
0.650,0.550,3.1912117326473255,-0.0045589832379202,4.4397916463726297
0.750,0.550,3.1918602882951972,-0.0052776078803135,4.4236136208625849
0.850,0.550,3.1926203896008345,-0.0060549984353825,4.4073282074380797
0.950,0.550,3.1934928950913970,-0.0069110384071852,4.3909501718025945
1.050,0.550,3.1944779772007434,-0.0078578689255188,4.3745106927994497
1.150,0.550,3.1955743062363231,-0.0089016702182601,4.3580549982014505
1.250,0.550,3.1967780705414972,-0.0100454756397944,4.3416396112823623
1.350,0.550,3.1980824545125861,-0.0112918960734807,4.3253295923914896
1.450,0.550,3.1994778089142462,-0.0126451255655739,4.3091960474153881
1.550,0.550,3.2009524509248943,-0.0141120519326414,4.2933140683055289
1.650,0.550,3.2024938685505422,-0.0157026141891575,4.2777611991631570
1.750,0.550,3.2040900522743732,-0.0174297263182132,4.2626164927721986
1.850,0.550,3.2057306761571338,-0.0193091656360609,4.2479602316177969
1.950,0.550,3.2074078437974656,-0.0213598531360036,4.2338744238097847
2.050,0.550,3.2091160916019708,-0.0236049606030454,4.2204442396776534
2.150,0.550,3.2108513690308045,-0.0260742573140568,4.2077606290951621
2.250,0.550,3.2126089129959694,-0.0288080248984008,4.1959244641776765
2.350,0.550,3.2143803759436871,-0.0318627046981768,4.1850527068249033
2.450,0.550,3.2161511365724968,-0.0353182521438153,4.1752873213083923
2.550,0.550,3.2178990292395180,-0.0392871125510620,4.1668079228239012
2.650,0.550,3.2195952655018165,-0.0439249971960540,4.1598493838618289
2.750,0.550,3.2212069189079258,-0.0494442929888321,4.1547256010669686
2.850,0.550,3.2226986764030299,-0.0561317588490564,4.1518600095876241
2.950,0.550,3.2240310750159509,-0.0643727309075329,4.1518218216417964
3.050,0.550,3.2251542067714261,-0.0746842553274674,4.1553641672347519
3.150,0.550,3.2259989787877994,-0.0877599767333014,4.1634567257313178
3.250,0.550,3.2264697200600976,-0.1045308213137316,4.1773022187471778
3.350,0.550,3.2264411140555156,-0.1262461427983740,4.1983243390223111
3.450,0.550,3.2257634587966186,-0.1545765588510109,4.2281120366636475
3.550,0.550,3.2242898378072984,-0.1917339373498786,4.2682889258084353
3.650,0.550,3.2219539958223704,-0.2406149016917785,4.3202131354499063
3.750,0.550,3.2189316397406817,-0.3050249873179919,4.3842437607533684
3.850,0.550,3.2159116525913007,-0.3900818190290691,4.4580031578342290
3.950,0.550,3.2145675115370342,-0.5027664972546418,4.5327769200097006
4.050,0.550,3.2185666088359777,-0.6523698872957383,4.5871837933926578
4.150,0.550,3.2355746474589289,-0.8510703735192829,4.5758786943829541
4.250,0.550,3.2812199575635850,-1.1151480394533517,4.4043767041873156
4.350,0.550,3.3883918188123485,-1.4608271671205693,3.8854215913540000
4.450,0.550,3.6256715469985714,-1.9145790810423977,2.6347696652853791
4.550,0.550,4.1374510982020061,-2.4302844464545363,-0.2002925327875103
4.650,0.550,5.0267630163982231,-2.5829651337804380,-5.3128874408679962
0.050,0.650,3.5097307240174760,-0.0006550423594131,4.5376994484932176
0.150,0.650,3.5098089801450554,-0.0012241537386461,4.5219314877964214
0.250,0.650,3.5098902087994270,-0.0019365877807385,4.5061073031291388
0.350,0.650,3.5099933691528169,-0.0027043193251535,4.4902674262369500
0.450,0.650,3.5101533688758586,-0.0034845635469743,4.4743968821319369
0.550,0.650,3.5103976573668914,-0.0042655091679572,4.4584741978256748
0.650,0.650,3.5107405220248817,-0.0050574748021403,4.4424842498719679
0.750,0.650,3.5111850755846845,-0.0058822500912575,4.4264222600359870
0.850,0.650,3.5117274589805940,-0.0067632793762642,4.4102954389970677
0.950,0.650,3.5123606040438076,-0.0077192575159014,4.3941234614720752
1.050,0.650,3.5130765770454349,-0.0087617453993330,4.3779380009379150
1.150,0.650,3.5138674668116638,-0.0098959480046130,4.3617815699405691
1.250,0.650,3.5147252317390492,-0.0111232310327494,4.3457060010523758
1.350,0.650,3.5156410442187696,-0.0124440553460005,4.3297709015256860
1.450,0.650,3.5166045988386503,-0.0138604370748302,4.3140423474579128
1.550,0.650,3.5176036839308304,-0.0153775262728103,4.2985920019500528
1.650,0.650,3.5186241274244776,-0.0170042907505722,4.2834967821827039
1.750,0.650,3.5196500639501025,-0.0187535470274995,4.2688391794540488
1.850,0.650,3.5206643543996030,-0.0206417100963062,4.2547083574415874
1.950,0.650,3.5216489242628253,-0.0226886764366958,4.2412022133571732
2.050,0.650,3.5225847557677130,-0.0249182535047539,4.2284306780449104
2.150,0.650,3.5234512425155486,-0.0273595396750692,4.2165206502622201
2.250,0.650,3.5242245768048264,-0.0300496610041992,4.2056231098616754
2.350,0.650,3.5248748152742575,-0.0330382801537977,4.1959231478847512
2.450,0.650,3.5253613410574545,-0.0363942776091023,4.1876539143889850
2.550,0.650,3.5256267079103747,-0.0402149290656830,4.1811158456007931
2.650,0.650,3.5255893110814371,-0.0446377686401918,4.1767029905406581
2.750,0.650,3.5251357472760572,-0.0498552339174176,4.1749387202571278
2.850,0.650,3.5241136302425495,-0.0561323500831256,4.1765232893348045
2.950,0.650,3.5223245711505258,-0.0638283968048756,4.1823950847748570
3.050,0.650,3.5195150872451175,-0.0734248988031148,4.1938052052847477
3.150,0.650,3.5153613514224209,-0.0855643119981771,4.2124007594704125
3.250,0.650,3.5094436243898173,-0.1011058813391471,4.2403065443980728
3.350,0.650,3.5012093787311609,-0.1212060163838382,4.2801899874198099
3.450,0.650,3.4899305630192727,-0.1474286080141275,4.3352931658378404
3.550,0.650,3.4746677100309045,-0.1818882494407780,4.4094138046228322
3.650,0.650,3.4542567591019515,-0.2274412607031898,4.5067857416935908
3.750,0.650,3.4273329408497260,-0.2879895465657892,4.6316779782343964
3.850,0.650,3.3924215793650525,-0.3690242099933182,4.7872082963123255
3.950,0.650,3.3481965837260947,-0.4784787013363612,4.9723668806718626
4.050,0.650,3.2941248893273052,-0.6278584065147488,5.1757898526960826
4.150,0.650,3.2319214759057249,-0.8340569680348587,5.3638841259183456
4.250,0.650,3.1685437261775107,-1.1231709868006519,5.4545649001750691
4.350,0.650,3.1238419410946134,-1.5380704650131778,5.2477707369663751
4.450,0.650,3.1589308043746711,-2.1575840749170005,4.2449086909554339
4.550,0.650,3.3875145704802367,-2.9977311183206026,1.0007289800093284
4.650,0.650,2.7792607553503115,-1.7157476058008772,-7.4547870926569546
0.050,0.750,3.7503923110054207,-0.0005672697537908,4.5399027927428186
0.150,0.750,3.7502274374968190,-0.0011970826075523,4.5244344277880133
0.250,0.750,3.7501407467634151,-0.0019399452049942,4.5088226762683323
0.350,0.750,3.7501077629754667,-0.0027545698925592,4.4931398440242853
0.450,0.750,3.7501369109736946,-0.0036062715935407,4.4773952851421628
0.550,0.750,3.7502422634439956,-0.0044757703737999,4.4615886042690196
0.650,0.750,3.7504319117738669,-0.0053622928454738,4.4457226149950984
0.750,0.750,3.7507049628596829,-0.0062783584259134,4.4298066158850053
0.850,0.750,3.7510529003083022,-0.0072417161304716,4.4138576180966576
0.950,0.750,3.7514626207609609,-0.0082687184383741,4.3979009282449715
1.050,0.750,3.7519194975771626,-0.0093708409320840,4.3819702168082513
1.150,0.750,3.7524095927268628,-0.0105541888667152,4.3661071575529240
1.250,0.750,3.7529207044785053,-0.0118209642481930,4.3503608417674373
1.350,0.750,3.7534423202648646,-0.0131717432185895,4.3347872206910498
1.450,0.750,3.7539647591755214,-0.0146076836974543,4.3194488103399911
1.550,0.750,3.7544778668699830,-0.0161321709662718,4.3044148480809179
1.650,0.750,3.7549696026561490,-0.0177517543422641,4.2897620545242416
1.750,0.750,3.7554247673288459,-0.0194764712286782,4.2755761465599473
1.850,0.750,3.7558239896612835,-0.0213197975041735,4.2619542755983524
1.950,0.750,3.7561429437459370,-0.0232985332224726,4.2490086324492138
2.050,0.750,3.7563516296804838,-0.0254329601949106,4.2368715694661461
2.150,0.750,3.7564134309432786,-0.0277476161487828,4.2257027462237327
2.250,0.750,3.7562835657515863,-0.0302730342745560,4.2156990149514755
2.350,0.750,3.7559064645944704,-0.0330488084251017,4.2071080385104018
2.450,0.750,3.7552115139047060,-0.0361283706607824,4.2002469946861929
2.550,0.750,3.7541065068597983,-0.0395859077855357,4.1955281881864570
2.650,0.750,3.7524680837368964,-0.0435258791454574,4.1934939826794970
2.750,0.750,3.7501285187543734,-0.0480955994620251,4.1948641598212699
2.850,0.750,3.7468584832925607,-0.0535013113976124,4.2005994864497502
2.950,0.750,3.7423457710785168,-0.0600281875363560,4.2119855866185709
3.050,0.750,3.7361699569528306,-0.0680650677104307,4.2307405152205320
3.150,0.750,3.7277718372501978,-0.0781359983812028,4.2591468173753952
3.250,0.750,3.7164137961010204,-0.0909433862685241,4.3002038069595869
3.350,0.750,3.7011240047937650,-0.1074317535891343,4.3577896045763262
3.450,0.750,3.6806174322616982,-0.1288849721439777,4.4368197496273254
3.550,0.750,3.6531949848783429,-0.1570708665825932,4.5433952538733600
3.650,0.750,3.6166349845327064,-0.1944494849243696,4.6849381095871792
3.750,0.750,3.5680826999999118,-0.2444894074623783,4.8702567051565850
3.850,0.750,3.5038892577769278,-0.3122121757207137,5.1092299195352657
3.950,0.750,3.4193243400203102,-0.4051280762257329,5.4112259376728638
4.050,0.750,3.3082341197303347,-0.5346973223950059,5.7806965616897426
4.150,0.750,3.1629338592037830,-0.7189086733475393,6.2078887245654677
4.250,0.750,2.9743631359043925,-0.9871685535590843,6.6490372409100429
4.350,0.750,2.7316614548786151,-1.3936130300949710,6.9685804920624772
4.450,0.750,2.4177317104960410,-2.0435966891446924,6.7580424191646848
4.550,0.750,2.0062427362079553,-2.9576518318573597,5.0039194902494373
4.650,0.750,0.0572290050226172,2.0206358386468746,-2.7971594268827893
0.050,0.850,3.9095457317272198,-0.0002561192008111,4.5426826701369452
0.150,0.850,3.9092914887242274,-0.0010382957959417,4.5274145714481824
0.250,0.850,3.9091650496414343,-0.0018589583773990,4.5119617706377451
0.350,0.850,3.9091099814683963,-0.0027329742693221,4.4964175293591495
0.450,0.850,3.9091087015369186,-0.0036473642573189,4.4808033813990580
0.550,0.850,3.9091599819677589,-0.0045863021703504,4.4651288157871170
0.650,0.850,3.9092656845657898,-0.0055440935330915,4.4494056917356843
0.750,0.850,3.9094240055025824,-0.0065259993939877,4.4336511936194496
0.850,0.850,3.9096272629373647,-0.0075435630006700,4.4178884351633458
0.950,0.850,3.9098625322812590,-0.0086094559012544,4.4021466556890569
1.050,0.850,3.9101136832516659,-0.0097341447179757,4.3864612515243211
1.150,0.850,3.9103636978850420,-0.0109247457942694,4.3708736777079498
1.250,0.850,3.9105965187935650,-0.0121854835351236,4.3554313325266394
1.350,0.850,3.9107980325889384,-0.0135189339050478,4.3401875979596953
1.450,0.850,3.9109560861726642,-0.0149273848633926,4.3252022198881805
1.550,0.850,3.9110596384645069,-0.0164139227450473,4.3105422008553331
1.650,0.850,3.9110972634999457,-0.0179831084689969,4.2962833727104499
1.750,0.850,3.9110552529904274,-0.0196412828107461,4.2825128321269634
1.850,0.850,3.9109155338052743,-0.0213966364187386,4.2693324656381080
1.950,0.850,3.9106535353745460,-0.0232592233985434,4.2568638665897929
2.050,0.850,3.9102360287339968,-0.0252411151699255,4.2452550601722674
2.150,0.850,3.9096188254239101,-0.0273569031426337,4.2346896148888051
2.250,0.850,3.9087440807027858,-0.0296247725652341,4.2253989458202854
2.350,0.850,3.9075367971737456,-0.0320683857453472,4.2176789297709334
2.450,0.850,3.9058999694181580,-0.0347198289656025,4.2119123841461370
2.550,0.850,3.9037076338538199,-0.0376238964674063,4.2085995439687789
2.650,0.850,3.9007948701330610,-0.0408440170679876,4.2083994361963875
2.750,0.850,3.8969435320421009,-0.0444701896316245,4.2121860083329530
2.850,0.850,3.8918622007250980,-0.0486293959432177,4.2211239684812902
2.950,0.850,3.8851586449183242,-0.0534991124892394,4.2367703466675648
3.050,0.850,3.8763030420800964,-0.0593247769248253,4.2612083527637745
3.150,0.850,3.8645802724040750,-0.0664425211532177,4.2972194249008338
3.250,0.850,3.8490291347654955,-0.0753095826284131,4.3484965825076634
3.350,0.850,3.8283640352798471,-0.0865474333282873,4.4198974469286281
3.450,0.850,3.8008693405672571,-0.1010080125473616,4.5177321033260673
3.550,0.850,3.7642497257783449,-0.1198817152310050,4.6500887023629698
3.650,0.850,3.7154179456332668,-0.1448733677097354,4.8272277696305110
3.750,0.850,3.6502045963370149,-0.1784726959103368,5.0621001297594752
3.850,0.850,3.5629424214085081,-0.2243509204300764,5.3709261243231365
3.950,0.850,3.4457629348903769,-0.2879952436635869,5.7732370303164213
4.050,0.850,3.2874260251773606,-0.3779359734455491,6.2898805693611806
4.150,0.850,3.0716188201207588,-0.5081695430415907,6.9375761756981316
4.250,0.850,2.7733616617352128,-0.7012907876126663,7.7177367642427033
4.350,0.850,2.3510060929292562,-0.9977859072738425,8.5782881461867504
4.450,0.850,1.7232667363537011,-1.4393280471444780,9.3173286493994318
4.550,0.850,0.6638856009030272,-2.0078996884461580,9.4880946336974752
4.650,0.850,-0.1388279632746000,1.3998333701199099,6.8334337021023970
0.050,0.950,3.9886334913779686,0.0000667703575610,4.5462170290736337
0.150,0.950,3.9884464626242244,-0.0008827637686493,4.5309512128335490
0.250,0.950,3.9883612488554672,-0.0017876090427669,4.5155161477380759
0.350,0.950,3.9883226010665895,-0.0027075803094587,4.5000182924846106
0.450,0.950,3.9883029208958578,-0.0036550990438378,4.4844795724142381
0.550,0.950,3.9882924610552681,-0.0046257749102514,4.4689066843924312
0.650,0.950,3.9882902765250217,-0.0056160246639908,4.4533092697878534
0.750,0.950,3.9882972426223344,-0.0066280201411980,4.4377036373411247
0.850,0.950,3.9883117365423861,-0.0076683183268614,4.4221129510297095
0.950,0.950,3.9883277991015005,-0.0087449646092419,4.4065667463869636
1.050,0.950,3.9883351455410723,-0.0098653609435655,4.3911004073178912
1.150,0.950,3.9883202498177317,-0.0110354292093424,4.3757547527450953
1.250,0.950,3.9882677870441778,-0.0122597407942085,4.3605758362331493
1.350,0.950,3.9881618901039881,-0.0135420670561457,4.3456150800800959
1.450,0.950,3.9879868839609030,-0.0148859200289574,4.3309298750842204
1.550,0.950,3.9877273510871096,-0.0162948644622641,4.3165847837366984
1.650,0.950,3.9873675217342561,-0.0177725624861970,4.3026535029471855
1.750,0.950,3.9868900610876095,-0.0193226182427787,4.2892217813650477
1.850,0.950,3.9862743441251425,-0.0209483299565137,4.2763915495165934
1.950,0.950,3.9854942792576127,-0.0226524585943505,4.2642866111739917
2.050,0.950,3.9845156772178503,-0.0244371118013506,4.2530603673191543
2.150,0.950,3.9832930742708159,-0.0263038351321648,4.2429062106705189
2.250,0.950,3.9817658167972207,-0.0282540038227672,4.2340714566236173
2.350,0.950,3.9798531008194367,-0.0302896123970735,4.2268759912759197
2.450,0.950,3.9774475320273912,-0.0324145567278554,4.2217372538467721
2.550,0.950,3.9744066175635364,-0.0346364857052815,4.2192037737322456
2.650,0.950,3.9705413960617175,-0.0369692681365500,4.2200003031485664
2.750,0.950,3.9656011182901985,-0.0394360925936560,4.2250886735952768
2.850,0.950,3.9592524588167906,-0.0420732349708727,4.2357498794756534
2.950,0.950,3.9510511322921715,-0.0449346553010569,4.2536944976243660
3.050,0.950,3.9404030179730816,-0.0480978949093274,4.2812101640562208
3.150,0.950,3.9265110503618708,-0.0516722821005440,4.3213559573026252
3.250,0.950,3.9083032964365385,-0.0558111945236909,4.3782134246170221
3.350,0.950,3.8843365092309821,-0.0607310157063328,4.4572020964543277
3.450,0.950,3.8526664406658013,-0.0667407093251913,4.5654650780338990
3.550,0.950,3.8106674284883297,-0.0742888390589936,4.7123346512125970
3.650,0.950,3.7547645192030936,-0.0840410049281299,4.9099139218151775
3.750,0.950,3.6800151742684712,-0.0970052327417839,5.1738664633278972
3.850,0.950,3.5794653155858804,-0.1147080013987578,5.5245121958360599
3.950,0.950,3.4431946938697240,-0.1394297682025505,5.9879475268304097
4.050,0.950,3.2568064455451551,-0.1747953240181750,6.5957625905767010
4.150,0.950,2.9988129938622903,-0.2270556056944928,7.3816442829495736
4.250,0.950,2.6361444596981900,-0.3045397530249997,8.3742787136088239
4.350,0.950,2.1157300426006143,-0.4228105692850923,9.5604453772660491
4.450,0.950,1.3520589764262456,-0.5704349586769782,10.7947938714411311
4.550,0.950,0.1465679851379034,-0.3544411598490688,11.7015901090780527
4.650,0.950,-0.1588532342317941,0.5700563306262374,10.6692178479252018
0.050,1.050,3.9888559523022376,0.0002498881537963,4.5503298500890175
0.150,1.050,3.9887737693728806,-0.0007922237330290,4.5348708043194312
0.250,1.050,3.9887180102437876,-0.0017389283930376,4.5193125030391856
0.350,1.050,3.9886619457885151,-0.0026669152426620,4.5037627766804418
0.450,1.050,3.9885845942207090,-0.0036050151500865,4.4882331983630692
0.550,1.050,3.9884748071290543,-0.0045608167811302,4.4727172252601193
0.650,1.050,3.9883297159675206,-0.0055368766119326,4.4572129899131712
0.750,1.050,3.9881509082638829,-0.0065364210875529,4.4417284993224548
0.850,1.050,3.9879406322112754,-0.0075636943128345,4.4262816422008013
0.950,1.050,3.9876990795080269,-0.0086228627881082,4.4108988832584464
1.050,1.050,3.9874229650192050,-0.0097172952621175,4.3956138257368940
1.150,1.050,3.9871051778854696,-0.0108495750372562,4.3804660320393278
1.250,1.050,3.9867351039043788,-0.0120219337393500,4.3655002728662389
1.350,1.050,3.9862992127179053,-0.0132366824301823,4.3507663100069154
1.450,1.050,3.9857815886298811,-0.0144963665803767,4.3363192973730875
1.550,1.050,3.9851642014621209,-0.0158035706034261,4.3222208899867658
1.650,1.050,3.9844268204071218,-0.0171604357822812,4.3085411809559258
1.750,1.050,3.9835465426824355,-0.0185680075086771,4.2953616415057212
1.850,1.050,3.9824969291816545,-0.0200255157267550,4.2827793174336861
1.950,1.050,3.9812467129407687,-0.0215296519333701,4.2709126373778137
2.050,1.050,3.9797579821883051,-0.0230738660988073,4.2599093187492461
2.150,1.050,3.9779836497186705,-0.0246476822198818,4.2499570263742976
2.250,1.050,3.9758639153156068,-0.0262360226820799,4.2412976634819097
2.350,1.050,3.9733213165925574,-0.0278185296458409,4.2342464786716016
2.450,1.050,3.9702538513371679,-0.0293688607556282,4.2292175885919132
2.550,1.050,3.9665255419749004,-0.0308538993928837,4.2267580869507873
2.650,1.050,3.9619536922842626,-0.0322327427228646,4.2275936889982484
2.750,1.050,3.9562919340991010,-0.0334552111485407,4.2326899060464171
2.850,1.050,3.9492079260235040,-0.0344594792446727,4.2433341103762947
2.950,1.050,3.9402541553652135,-0.0351683122615313,4.2612455560466334
3.050,1.050,3.9288295679267273,-0.0354833893099417,4.2887223959962748
3.150,1.050,3.9141285226152722,-0.0352773896085096,4.3288367407396278
3.250,1.050,3.8950716246864445,-0.0343838823599794,4.3856903601256505
3.350,1.050,3.8702100714186263,-0.0325852185638805,4.4647441228511582
3.450,1.050,3.8375907296501466,-0.0295976071428544,4.5732336409689056
3.550,1.050,3.7945618299212733,-0.0250491153459866,4.7206842848703285
3.650,1.050,3.7374858472756718,-0.0184410068076264,4.9195486753377136
3.750,1.050,3.6613048516154709,-0.0090815821212324,5.1860194029492899
3.850,1.050,3.5588849847396000,0.0040096069726423,5.5410923262972744
3.950,1.050,3.4200589613791257,0.0222430059601751,6.0117617022777381
4.050,1.050,3.2301054364240751,0.0477464522185701,6.6312756893752240
4.150,1.050,2.9667884734673020,0.0838050333146783,7.4358142148302058
4.250,1.050,2.5961569848201198,0.1363563245055988,8.4541799427599535
4.350,1.050,2.0668913016915558,0.2148067536019635,9.6697587863620935
4.450,1.050,1.3071136140880266,0.3470657330473624,10.9318568288184963
4.550,1.050,0.2338254245892825,1.1358549790439956,11.8410646461782125
4.650,1.050,-0.1438410181314350,-0.1552861740855989,10.4768726700862089
0.050,1.150,3.9096424967848562,0.0002982157262884,4.5545402703407580
0.150,1.150,3.9095999524005132,-0.0007304762614359,4.5388041308965734
0.250,1.150,3.9095081476745928,-0.0016618484517953,4.5230757637618870
0.350,1.150,3.9093746692952442,-0.0025609586140672,4.5074442648658000
0.450,1.150,3.9091942183269057,-0.0034580316080386,4.4919013545373634
0.550,1.150,3.9089604086175784,-0.0043665896314244,4.4764217248015825
0.650,1.150,3.9086698383381617,-0.0052944207681813,4.4609883286273302
0.750,1.150,3.9083218755577134,-0.0062473019385546,4.4455984470302958
0.850,1.150,3.9079168831695221,-0.0072292961721138,4.4302633016908270
0.950,1.150,3.9074543890882265,-0.0082424380172616,4.4150057429506040
1.050,1.150,3.9069318132717870,-0.0092869504645987,4.3998576628793051
1.150,1.150,3.9063438362948326,-0.0103620051140756,4.3848577750776458
1.250,1.150,3.9056822369640813,-0.0114665887456301,4.3700500276083512
1.350,1.150,3.9049359471055074,-0.0126000618386581,4.3554827578309654
1.450,1.150,3.9040911000802057,-0.0137622158967037,4.3412086315320009
1.550,1.150,3.9031309300162871,-0.0149528551327885,4.3272853974424574
1.650,1.150,3.9020354664156085,-0.0161710483192328,4.3137775182872637
1.750,1.150,3.9007810315136942,-0.0174142086540434,4.3007588012615470
1.850,1.150,3.8993395675449203,-0.0186770997140153,4.2883162369644072
1.950,1.150,3.8976777929133144,-0.0199507803781888,4.2765553632597548
2.050,1.150,3.8957561143946804,-0.0212214259869506,4.2656076018018370
2.150,1.150,3.8935271155846904,-0.0224689133661831,4.2556401785745548
2.250,1.150,3.8909333093154133,-0.0236650335553487,4.2468694502689184
2.350,1.150,3.8879036921313879,-0.0247711868983302,4.2395787364768651
2.450,1.150,3.8843484797126528,-0.0257354034806952,4.2341421313824723
2.550,1.150,3.8801512412617387,-0.0264884984429786,4.2310562737145547
2.650,1.150,3.8751574973635274,-0.0269390976039545,4.2309827340193236
2.750,1.150,3.8691587079335257,-0.0269671384426535,4.2348045827987253
2.850,1.150,3.8618704542877036,-0.0264152563735869,4.2437018765157388
2.950,1.150,3.8529034854286262,-0.0250772090052764,4.2592522596797213
3.050,1.150,3.8417260678644958,-0.0226821807217191,4.2835645803537581
3.150,1.150,3.8276155556724021,-0.0188734252892950,4.3194551633095850
3.250,1.150,3.8095959099989356,-0.0131790778880155,4.3706777513761530
3.350,1.150,3.7863554190949555,-0.0049715381021630,4.4422183636539794
3.450,1.150,3.7561341929978269,0.0065916634920598,4.5406644265495357
3.550,1.150,3.7165631302011346,0.0226597651555209,4.6746526570378375
3.650,1.150,3.6644247808691874,0.0448375022557161,4.8553920849642909
3.750,1.150,3.5952947279297249,0.0754165136927240,5.0972447946771844
3.850,1.150,3.5030167366811886,0.1176960523276432,5.4183009453480615
3.950,1.150,3.3789580553766192,0.1764450445593299,5.8406739843111444
4.050,1.150,3.2108818347670711,0.2589603860059601,6.3894993973712797
4.150,1.150,2.9808432188959442,0.3772366171921654,7.0881650453402223
4.250,1.150,2.6615178514354927,0.5497923198766754,7.9458697598779944
4.350,1.150,2.2112592684242873,0.8076364692206088,8.9223696035432880
4.450,1.150,1.5607666297386558,1.1909467157172353,9.8389572591825640
4.550,1.150,0.6704584772966298,2.2378198869413239,10.1420385580229837
4.650,1.150,-0.0323205140959211,-0.6857464986189278,7.3729940226712403
0.050,1.250,3.7502180612730140,0.0002867462523585,4.5583367095867544
0.150,1.250,3.7501738043631665,-0.0006406088170800,4.5423694051365633
0.250,1.250,3.7500194472877912,-0.0015058016756130,4.5265301846018104
0.350,1.250,3.7497855413202474,-0.0023478658809043,4.5108660253338639
0.450,1.250,3.7494836611161504,-0.0031874629815408,4.4953409891677536
0.550,1.250,3.7491178655258119,-0.0040366495585428,4.4799098205003745
0.650,1.250,3.7486895537398950,-0.0049039867122016,4.4645417509651173
0.750,1.250,3.7481984727072826,-0.0057955230159031,4.4492257448203052
0.850,1.250,3.7476422662173206,-0.0067143612684092,4.4339690180293259
0.950,1.250,3.7470159147640518,-0.0076605835076195,4.4187934106044926
1.050,1.250,3.7463116008957207,-0.0086320010125631,4.4037314715117573
1.150,1.250,3.7455190435365839,-0.0096253724335126,4.3888230509280666
1.250,1.250,3.7446261028666323,-0.0106374984599601,4.3741127332342780
1.350,1.250,3.7436193848569022,-0.0116657626438044,4.3596482197795829
1.450,1.250,3.7424846098268914,-0.0127079899506098,4.3454796629209307
1.550,1.250,3.7412066026957556,-0.0137617455644328,4.3316599203463166
1.650,1.250,3.7397688715804378,-0.0148233098163135,4.3182457199661046
1.750,1.250,3.7381528322921898,-0.0158865431038759,4.3052997845968317
1.850,1.250,3.7363367868110080,-0.0169417471323105,4.2928940501905624
1.950,1.250,3.7342947639433444,-0.0179744938412676,4.2811142150399766
2.050,1.250,3.7319952801073506,-0.0189642735511470,4.2700659801445306
2.150,1.250,3.7293999836133036,-0.0198827286969464,4.2598834886858974
2.250,1.250,3.7264620150676095,-0.0206911887870157,4.2507406565208372
2.350,1.250,3.7231237572714826,-0.0213371934360782,4.2428663217748079
2.450,1.250,3.7193134667914904,-0.0217496659493685,4.2365644508541154
2.550,1.250,3.7149400832764936,-0.0218323624108627,4.2322410462234279
2.650,1.250,3.7098853121490207,-0.0214551555010161,4.2304399377089741
2.750,1.250,3.7039918890741053,-0.0204426061828989,4.2318903330533990
2.850,1.250,3.6970467862773901,-0.0185591182037201,4.2375698721926085
2.950,1.250,3.6887580382983201,-0.0154897396777369,4.2487879529777155
3.050,1.250,3.6787238520927747,-0.0108153180803471,4.2672951655845699
3.150,1.250,3.6663926512271763,-0.0039800764997177,4.2954255013802678
3.250,1.250,3.6510124527954004,0.0057516284138441,4.3362779726056839
3.350,1.250,3.6315670155033248,0.0193554270527019,4.3939422157257626
3.450,1.250,3.6066938768117551,0.0381357586720712,4.4737664827062353
3.550,1.250,3.5745753409531149,0.0638651344929601,4.5826526098295837
3.650,1.250,3.5327885030719175,0.0990069550363161,4.7293345422733468
3.750,1.250,3.4780965009531846,0.1470547018770768,4.9245397832087932
3.850,1.250,3.4061590652062259,0.2129977252741380,5.1808058167368092
3.950,1.250,3.3111305816659575,0.3039786709546158,5.5114218237561836
4.050,1.250,3.1851412293737100,0.4306614616853777,5.9273107930076190
4.150,1.250,3.0177644393089422,0.6101800866706412,6.4295119662000495
4.250,1.250,2.7949667840099410,0.8696558902292884,6.9920396971494583
4.350,1.250,2.4962220037176239,1.2553381043174379,7.5164910284904121
4.450,1.250,2.0842047843368245,1.8445123985188550,7.7228881154841540
4.550,1.250,1.5412485764617503,2.8965815862988959,6.8054966255279172
4.650,1.250,0.2025793303676587,-0.2720050445705872,1.1712769999402355
0.050,1.350,3.5105234149158857,0.0002326406352299,4.5613814481696000
0.150,1.350,3.5105114048752597,-0.0005333247494366,4.5453061191232385
0.250,1.350,3.5103414084172049,-0.0012839754960436,4.5294679106118263
0.350,1.350,3.5100479520709453,-0.0020354835102092,4.5138569793111172
0.450,1.350,3.5096532858381555,-0.0027974765343852,4.4984064520024800
0.550,1.350,3.5091730957093303,-0.0035768440321248,4.4830530583900732
0.650,1.350,3.5086181424288183,-0.0043785172997925,4.4677561764930296
0.750,1.350,3.5079938076020993,-0.0052046299563057,4.4525006948577088
0.850,1.350,3.5072993504548520,-0.0060538893125156,4.4372937814927083
0.950,1.350,3.5065278082610334,-0.0069220264413044,4.4221597181072507
1.050,1.350,3.5056667747098365,-0.0078031921177739,4.4071346142890597
1.150,1.350,3.5046998805848784,-0.0086916214902376,4.3922618218865699
1.250,1.350,3.5036086179361572,-0.0095828522252567,4.3775883923729646
1.350,1.350,3.5023741170860769,-0.0104740709313611,4.3631626654332303
1.450,1.350,3.5009785484388956,-0.0113635424522023,4.3490329455009293
1.550,1.350,3.4994059353031126,-0.0122493631941926,4.3352471753257538
1.650,1.350,3.4976422945758627,-0.0131278927987497,4.3218535277618182
1.750,1.350,3.4956751404960973,-0.0139921689525054,4.3089018888332884
1.850,1.350,3.4934924723377221,-0.0148304585255051,4.2964462812516961
1.950,1.350,3.4910814088385447,-0.0156249132233978,4.2845483688021391
2.050,1.350,3.4884266276705502,-0.0163501300562875,4.2732822860533641
2.150,1.350,3.4855087204273523,-0.0169712899822357,4.2627411581547356
2.250,1.350,3.4823024882547040,-0.0174414629178749,4.2530458198634342
2.350,1.350,3.4787750866353786,-0.0176976107345525,4.2443564222671784
2.450,1.350,3.4748837857013886,-0.0176547737712183,4.2368878430158627
2.550,1.350,3.4705729507386232,-0.0171978747234521,4.2309301056631634
2.650,1.350,3.4657696750384086,-0.0161705067272505,4.2268753796144614
2.750,1.350,3.4603773299812497,-0.0143599876318125,4.2252535815521846
2.850,1.350,3.4542661640002721,-0.0114778600848374,4.2267791197514626
2.950,1.350,3.4472600274226499,-0.0071348819205708,4.2324118530442512
3.050,1.350,3.4391183764471425,-0.0008093058649597,4.2434357058443499
3.150,1.350,3.4295129435557268,0.0081933461817454,4.2615581934581961
3.250,1.350,3.4179987894763806,0.0207923089074793,4.2890325290706430
3.350,1.350,3.4039796697823990,0.0382021261272758,4.3287993278525754
3.450,1.350,3.3866675815412837,0.0620351161571684,4.3846339412689987
3.550,1.350,3.3650365930556694,0.0944591920923105,4.4612618417334682
3.650,1.350,3.3377741205853573,0.1384434780732418,4.5643557088078905
3.750,1.350,3.3032420016954664,0.1981207745433033,4.7002288819028015
3.850,1.350,3.2594706062959911,0.2792813525611329,4.8748460790762227
3.950,1.350,3.2042091635603920,0.3900745757777061,5.0914334384859607
4.050,1.350,3.1351086386409057,0.5423068436503334,5.3454636683625312
4.150,1.350,3.0504121297868112,0.7539339414584558,5.6146699456699389
4.250,1.350,2.9505266686289051,1.0527495956076278,5.8364584112263689
4.350,1.350,2.8412314524725653,1.4840939367502644,5.8470682986038991
4.450,1.350,2.7431375301758969,2.1373029939198722,5.2415801001238815
4.550,1.350,2.7332938695423268,2.9507052504786944,2.9185613295482518
4.650,1.350,2.6534485872966580,2.7348400774540864,-4.3505011138640928
0.050,1.450,3.1906978301759468,0.0001260647707102,4.5635585725317149
0.150,1.450,3.1907184319303297,-0.0004509637246556,4.5475063334905901
0.250,1.450,3.1905599218535365,-0.0010458279132768,4.5317710715706605
0.350,1.450,3.1902432574906490,-0.0016667395165326,4.5162861629763480
0.450,1.450,3.1897898804909390,-0.0023189682094748,4.5009568128318653
0.550,1.450,3.1892205593552880,-0.0030056491594979,4.4857060104583004
0.650,1.450,3.1885526748689226,-0.0037265132469890,4.4704875619803666
0.750,1.450,3.1877973192676676,-0.0044768207823745,4.4552859356041177
0.850,1.450,3.1869574385283257,-0.0052476115248622,4.4401110884147412
0.950,1.450,3.1860274961279837,-0.0060273657620163,4.4249918196394411
1.050,1.450,3.1849945481639836,-0.0068044474351600,4.4099692815467915
1.150,1.450,3.1838403086131244,-0.0075694152285519,4.3950914083710382
1.250,1.450,3.1825436859856433,-0.0083164268299506,4.3804085690709433
1.350,1.450,3.1810833069363054,-0.0090433602575761,4.3659704900633827
1.450,1.450,3.1794396477960047,-0.0097507163466457,4.3518243532942638
1.550,1.450,3.1775965309771546,-0.0104396780927638,4.3380139200957242
1.650,1.450,3.1755418819837362,-0.0111098130847174,4.3245795378746728
1.750,1.450,3.1732677649141672,-0.0117568326203418,4.3115589324724208
1.850,1.450,3.1707698077069741,-0.0123706338035370,4.2989887557990860
1.950,1.450,3.1680461875452997,-0.0129336253775891,4.2869069343763853
2.050,1.450,3.1650963719466212,-0.0134191307363976,4.2753559449712464
2.150,1.450,3.1619198057598399,-0.0137894996791996,4.2643872294410246
2.250,1.450,3.1585147035230183,-0.0139934458994246,4.2540670566843399
2.350,1.450,3.1548770549432539,-0.0139620462740946,4.2444842512472301
2.450,1.450,3.1509998818684304,-0.0136027719132334,4.2357603417034548
2.550,1.450,3.1468727000328345,-0.0127908540294990,4.2280628418442880
2.650,1.450,3.1424810403615862,-0.0113572136959141,4.2216225643821392
2.750,1.450,3.1378057791676803,-0.0090721098363280,4.2167560715635437
2.850,1.450,3.1328219324456930,-0.0056236005213737,4.2138945603819034
2.950,1.450,3.1274965283669820,-0.0005898747901515,4.2136205858156019
3.050,1.450,3.1217852585168919,0.0065955690102367,4.2167138627694243
3.150,1.450,3.1156279148822161,0.0166873154861640,4.2242065433288536
3.250,1.450,3.1089431794870119,0.0306827926582879,4.2374459230231807
3.350,1.450,3.1016239907690593,0.0498947420720782,4.2581564980793276
3.450,1.450,3.0935352285540865,0.0760544737973264,4.2884794805581468
3.550,1.450,3.0845167973449121,0.1114672627232262,4.3309377768789981
3.650,1.450,3.0744028986985272,0.1592426026559630,4.3882119223170140
3.750,1.450,3.0630947422352821,0.2236035554288187,4.4624910712816890
3.850,1.450,3.0507762973661783,0.3102545179063586,4.5539532020780200
3.950,1.450,3.0384148514283753,0.4268486212014249,4.6576257525387410
4.050,1.450,3.0287163470670926,0.5838176590344006,4.7574470424276818
4.150,1.450,3.0278364247739047,0.7958873213183209,4.8150197723155550
4.250,1.450,3.0486271565152210,1.0843131389458276,4.7450646090422071
4.350,1.450,3.1181034383298765,1.4785056881374605,4.3562966436502233
4.450,1.450,3.2962767902759742,2.0348868009395487,3.2320303948151143
4.550,1.450,3.6994388375148457,2.5232671185401974,0.3490834385669632
4.650,1.450,4.5800170692503279,2.7037653138408388,-4.8304324890586408
0.050,1.550,2.7906995271226642,0.0000378640399432,4.5649378964093623
0.150,1.550,2.7906565658806808,-0.0003603822689607,4.5489902089303120
0.250,1.550,2.7904462975052660,-0.0007849799971318,4.5334072529982414
0.350,1.550,2.7900733226187877,-0.0012508036962275,4.5180757515970384
0.450,1.550,2.7895506151094689,-0.0017669905003914,4.5028797474445330
0.550,1.550,2.7888950610670853,-0.0023366855354173,4.4877334246599467
0.650,1.550,2.7881224876789124,-0.0029554706431363,4.4725885174831648
0.750,1.550,2.7872434901025192,-0.0036113700812168,4.4574313227529858
0.850,1.550,2.7862610210383130,-0.0042868563296753,4.4422757963930710
0.950,1.550,2.7851699412653250,-0.0049622525890572,4.4271556839020691
1.050,1.550,2.7839581824758808,-0.0056194927418391,4.4121171026539123
1.150,1.550,2.7826089317448823,-0.0062451767913730,4.3972122480407565
1.250,1.550,2.7811032281330350,-0.0068321677629730,4.3824944762855500
1.350,1.550,2.7794224664252525,-0.0073794632429855,4.3680147629179951
1.450,1.550,2.7775504575059715,-0.0078905505294380,4.3538193924174289
1.550,1.550,2.7754748554394988,-0.0083707693570925,4.3399486751193912
1.650,1.550,2.7731879047984616,-0.0088243007360898,4.3264364892490121
1.750,1.550,2.7706865777262730,-0.0092513010395702,4.3133104857989002
1.850,1.550,2.7679722559873232,-0.0096454821846110,4.3005928518501104
1.950,1.550,2.7650501711414703,-0.0099921830574130,4.2883015897449148
2.050,1.550,2.7619288510178550,-0.0102667439135781,4.2764523277616613
2.150,1.550,2.7586198385487797,-0.0104328126194392,4.2650607303625598
2.250,1.550,2.7551379540531311,-0.0104400802761154,4.2541456234027786
2.350,1.550,2.7515023652282151,-0.0102208479537610,4.2437329933145165
2.450,1.550,2.7477387064535406,-0.0096847438432063,4.2338610594276913
2.550,1.550,2.7438824405920808,-0.0087108223385726,4.2245866529163392
2.650,1.550,2.7399835676511981,-0.0071361764952001,4.2159931584110888
2.750,1.550,2.7361126437672256,-0.0047400968314466,4.2082002742491147
2.850,1.550,2.7323678938996463,-0.0012227544381347,4.2013758053248811
2.950,1.550,2.7288830629093366,0.0038225640158950,4.1957495776376943
3.050,1.550,2.7258357563264273,0.0109444736206525,4.1916292484819770
3.150,1.550,2.7234567055251486,0.0208765118804441,4.1894169715916547
3.250,1.550,2.7220419118518220,0.0345898192310713,4.1896236958035873
3.350,1.550,2.7219716851040752,0.0533606068214732,4.1928721040132624
3.450,1.550,2.7237422639014190,0.0788644226810828,4.1998647737349923
3.550,1.550,2.7280179724523812,0.1133142914379729,4.2112611555237187
3.650,1.550,2.7357232814009054,0.1596461851848961,4.2273395338388466
3.750,1.550,2.7482262970040772,0.2217109621220527,4.2471998540802671
3.850,1.550,2.7676963596843613,0.3044108755831682,4.2670828705150754
3.950,1.550,2.7976885227240871,0.4138442095621552,4.2771596019693527
4.050,1.550,2.8440323373496050,0.5576570382296568,4.2558507946603505
4.150,1.550,2.9166018164606196,0.7453361300677749,4.1598849903623583
4.250,1.550,3.0332453824816215,0.9875079108202022,3.9052425541572928
4.350,1.550,3.2264479398977577,1.2924680535920907,3.3271884258841014
4.450,1.550,3.5554514482538475,1.6704127917666234,2.1138741923811466
4.550,1.550,4.1130579862150967,1.9132472916995755,-0.3160747869913742
4.650,1.550,4.7526264466638324,1.7915425027493279,-3.1763415142148266
0.050,1.650,2.3104601588080196,0.0000672630362254,4.5656941369061386
0.150,1.650,2.3102882009289845,-0.0001730946251742,4.5498673526986551
0.250,1.650,2.3099620410642632,-0.0004394508524107,4.5344295349815029
0.350,1.650,2.3094893925343292,-0.0007544981480198,4.5192333646522052
0.450,1.650,2.3088801044907830,-0.0011325833963432,4.5041482782610771
0.550,1.650,2.3081449429253014,-0.0015779144230039,4.4890832689150280
0.650,1.650,2.3072926052867380,-0.0020828402510399,4.4739899202114435
0.750,1.650,2.3063269324840419,-0.0026291606178986,4.4588571972112554
0.850,1.650,2.3052455099476687,-0.0031920276991661,4.4437031989892288
0.950,1.650,2.3040399075693645,-0.0037450945797266,4.4285663557266650
1.050,1.650,2.3026972000530033,-0.0042654794356224,4.4134973110149902
1.150,1.650,2.3012021714235851,-0.0047373885150277,4.3985520867344272
1.250,1.650,2.2995396265271077,-0.0051537275354740,4.3837867433295354
1.350,1.650,2.2976963810243065,-0.0055155961579973,4.3692535033628870
1.450,1.650,2.2956626872806307,-0.0058300499881935,4.3549981608749260
1.550,1.650,2.2934330252892887,-0.0061068108564389,4.3410585331414646
1.650,1.650,2.2910063247069536,-0.0063546694748525,4.3274637048500981
1.750,1.650,2.2883857839077919,-0.0065781926929038,4.3142338454761280
1.850,1.650,2.2855785212421873,-0.0067751013626887,4.3013804282000550
1.950,1.650,2.2825953420168945,-0.0069344081758680,4.2889067272434662
2.050,1.650,2.2794509411320369,-0.0070351573665077,4.2768085098255249
2.150,1.650,2.2761648917342949,-0.0070454159077174,4.2650748634691560
2.250,1.650,2.2727637950843240,-0.0069210252816536,4.2536891060466617
2.350,1.650,2.2692849783977147,-0.0066035113079917,4.2426297121351926
2.450,1.650,2.2657821074193962,-0.0060164361305790,4.2318711514426965
2.550,1.650,2.2623329995805870,-0.0050593342375735,4.2213844690350051
2.650,1.650,2.2590497483224401,-0.0035981958071298,4.2111373405430008
2.750,1.650,2.2560909877340887,-0.0014512840608178,4.2010932143301902
2.850,1.650,2.2536758095990277,0.0016309793219151,4.1912090296997775
2.950,1.650,2.2520987462244282,0.0059930287395272,4.1814309165967130
3.050,1.650,2.2517458709125426,0.0121081608769587,4.1716872495879942
3.150,1.650,2.2531140685972555,0.0206183854080711,4.1618782261920231
3.250,1.650,2.2568388571204694,0.0323789103309198,4.1518597490412992
3.350,1.650,2.2637388749369922,0.0485102966454100,4.1414138753155552
3.450,1.650,2.2748841465690988,0.0704706653237347,4.1301822226972078
3.550,1.650,2.2916926321717876,0.1001626437962585,4.1175030088201572
3.650,1.650,2.3160687387959205,0.1400590214892857,4.1020283409011400
3.750,1.650,2.3506198909940839,0.1932772904950635,4.0809065918531111
3.850,1.650,2.3989758084913002,0.2635613447556270,4.0482099260785267
3.950,1.650,2.4661996326229048,0.3552574401446939,3.9921934454329557
4.050,1.650,2.5594422863144723,0.4731916951991793,3.8909090144212857
4.150,1.650,2.6892607581059478,0.6217179575272378,3.7055529803933571
4.250,1.650,2.8718017262025164,0.8023293282172725,3.3696062581007213
4.350,1.650,3.1311574372010367,1.0089617936425814,2.7700888316932808
4.450,1.650,3.5019996919183463,1.2294116772914689,1.7298550927409873
4.550,1.650,4.0137513668977789,1.3313460318674779,0.0509664659162520
4.650,1.650,4.5152436325812566,1.2437543812003293,-1.7126895373512998
0.050,1.750,1.7499734346688947,0.0001787494671408,4.5659928527641211
0.150,1.750,1.7497624902907967,0.0001187772583382,4.5502757388907886
0.250,1.750,1.7493677919203252,0.0000033916242651,4.5349581473102676
0.350,1.750,1.7488337352712429,-0.0001789120987794,4.5198693993378152
0.450,1.750,1.7481842602271993,-0.0004369055225200,4.5048685005443518
0.550,1.750,1.7474311547622676,-0.0007702371373480,4.4898605537797192
0.650,1.750,1.7465773957166635,-0.0011658438131025,4.4747970338243137
0.750,1.750,1.7456186321230358,-0.0015994677613645,4.4596691559047681
0.850,1.750,1.7445446246282330,-0.0020406579756655,4.4444987200804853
0.950,1.750,1.7433412434031563,-0.0024590137320477,4.4293286191240977
1.050,1.750,1.7419928827933449,-0.0028297891093735,4.4142141446261780
1.150,1.750,1.7404848614718695,-0.0031376070704600,4.3992156543147249
1.250,1.750,1.7388053926781124,-0.0033777227981136,4.3843928070101388
1.350,1.750,1.7369468717558518,-0.0035549186352443,4.3698003344131919
1.450,1.750,1.7349064226985693,-0.0036806013462983,4.3554851692580927
1.550,1.750,1.7326858097916780,-0.0037689314111255,4.3414846720559526
1.650,1.750,1.7302909342844097,-0.0038328328578214,4.3278256778778186
1.750,1.750,1.7277312036443515,-0.0038805633203267,4.3145241013816245
1.850,1.750,1.7250190972468080,-0.0039132537054385,4.3015848732112385
1.950,1.750,1.7221702735587459,-0.0039235385078895,4.2890020173490200
2.050,1.750,1.7192045822539244,-0.0038951471795420,4.2767587044355233
2.150,1.750,1.7161483653558252,-0.0038031336439826,4.2648271215882403
2.250,1.750,1.7130384498304823,-0.0036142725461356,4.2531679782019012
2.350,1.750,1.7099282331457366,-0.0032870126700024,4.2417294138128856
2.450,1.750,1.7068962127062706,-0.0027702065989721,4.2304449833094182
2.550,1.750,1.7040571702396339,-0.0019995969117727,4.2192302648775337
2.650,1.750,1.7015759651850844,-0.0008907418170252,4.2079774762845306
2.750,1.750,1.6996835538431050,0.0006731795194246,4.1965473297870233
2.850,1.750,1.6986946337451676,0.0028601282908810,4.1847572825970349
2.950,1.750,1.6990266882319514,0.0059150010747065,4.1723654676483681
3.050,1.750,1.7012218652656568,0.0101906700378222,4.1590499836525128
3.150,1.750,1.7059763788547728,0.0161796907027314,4.1443835420563930
3.250,1.750,1.7141855619996311,0.0245422572699880,4.1278021573563137
3.350,1.750,1.7270125395640519,0.0361343721282833,4.1085597967798684
3.450,1.750,1.7459827446045117,0.0520541758924554,4.0856427279762935
3.550,1.750,1.7731038569707041,0.0737193947636176,4.0575837335924474
3.650,1.750,1.8110232501607273,0.1029408565356939,4.0220723727506638
3.750,1.750,1.8632393823386988,0.1419229958252374,3.9752146867557445
3.850,1.750,1.9343409094630382,0.1932012840388291,3.9102521291035996
3.950,1.750,2.0302399534200926,0.2595539519864294,3.8154964739456303
4.050,1.750,2.1584518283258989,0.3436047478925933,3.6712697386433173
4.150,1.750,2.3284201235269033,0.4464701217992330,3.4458608879277741
4.250,1.750,2.5514730881375796,0.5656038698101502,3.0904657330738812
4.350,1.750,2.8395843286009157,0.6898853382702242,2.5372202012744203
4.450,1.750,3.2036237023408227,0.8065436027263533,1.6986496010999761
4.550,1.750,3.6403475355045849,0.8493985144840349,0.5161193430033975
4.650,1.750,4.0695876731011600,0.7968844945101693,-0.7868899083577001
0.050,1.850,1.1092592641605343,0.0001922782044044,4.5658874160510488
0.150,1.850,1.1091652300706429,0.0004067129426253,4.5502879812097419
0.250,1.850,1.1088157735734672,0.0004635743740464,4.5350931598561717
0.350,1.850,1.1083225966439774,0.0003992450952146,4.5201159044004653
0.450,1.850,1.1077422018282408,0.0002331362859219,4.5052057988255463
0.550,1.850,1.1070974162139380,-0.0000167500377308,4.4902626874588343
0.650,1.850,1.1063899598820961,-0.0003253785294077,4.4752359012715504
0.750,1.850,1.1056083731311508,-0.0006603284705921,4.4601170645259947
0.850,1.850,1.1047338623575231,-0.0009863621957234,4.4449304656814306
0.950,1.850,1.1037451405777656,-0.0012715696109723,4.4297230654175026
1.050,1.850,1.1026224387907344,-0.0014926556868232,4.4145552582272636
1.150,1.850,1.1013505021482941,-0.0016379907294843,4.3994929716615312
1.250,1.850,1.0999203812242793,-0.0017079744378019,4.3846013488037947
1.350,1.850,1.0983299955288353,-0.0017129923915506,4.3699400257776206
1.450,1.850,1.0965836448295909,-0.0016697198242065,4.3555598571240042
1.550,1.850,1.0946907979682967,-0.0015967321150135,4.3415008464152951
1.650,1.850,1.0926645749267514,-0.0015103413324662,4.3277909972557804
1.750,1.850,1.0905203641231946,-0.0014213652413722,4.3144457969442680
1.850,1.850,1.0882750049602068,-0.0013332410122626,4.3014680650598631
1.950,1.850,1.0859469377250768,-0.0012416009382476,4.2888479256274952
2.050,1.850,1.0835576945734255,-0.0011351800750648,4.2765626797398699
2.150,1.850,1.0811350815688268,-0.0009977353245263,4.2645763533347996
2.250,1.850,1.0787183751666387,-0.0008104972653823,4.2528386619401619
2.350,1.850,1.0763658063679118,-0.0005545020134575,4.2412830618314556
2.450,1.850,1.0741645006060174,-0.0002119066149235,4.2298234391827725
2.550,1.850,1.0722428518131970,0.0002349508654136,4.2183488271924245
2.650,1.850,1.0707850422100793,0.0008083690043993,4.2067153569571802
2.750,1.850,1.0700471887262473,0.0015457792889959,4.1947345008845884
2.850,1.850,1.0703747191393438,0.0025171514990365,4.1821566744281480
2.950,1.850,1.0722216105194524,0.0038484586244774,4.1686495731759354
3.050,1.850,1.0761745821032644,0.0057465079281942,4.1537712495811370
3.150,1.850,1.0829888459954067,0.0085168746286130,4.1369382579685396
3.250,1.850,1.0936442369024348,0.0125692495469401,4.1173871397783461
3.350,1.850,1.1094282843291132,0.0184185822975456,4.0941192023129949
3.450,1.850,1.1320479816593743,0.0267052714405142,4.0658006276386365
3.550,1.850,1.1637748825047405,0.0382401472028413,4.0305655408379293
3.650,1.850,1.2076380883535636,0.0540282478460830,3.9856490082790650
3.750,1.850,1.2676637716178822,0.0752327247796822,3.9267566710435822
3.850,1.850,1.3491064195437525,0.1031392598896168,3.8470204331008691
3.950,1.850,1.4585749756650175,0.1391410967369638,3.7353095406045189
4.050,1.850,1.6039368330361097,0.1844699121864046,3.5738281845531183
4.150,1.850,1.7940469590036614,0.2390142382779543,3.3354705437710788
4.250,1.850,2.0370872812779046,0.3013179386411854,2.9822947067889385
4.350,1.850,2.3371268943366261,0.3616962007002169,2.4707389641455442
4.450,1.850,2.6912327760230097,0.4155556654922429,1.7545169178113429
4.550,1.850,3.0879056161144978,0.4314144979771217,0.8045950276487622
4.650,1.850,3.4783205008545988,0.3982026347490058,-0.2836025383998124
0.050,1.950,0.3891642488447796,0.0000086113301933,4.5652679806559888
0.150,1.950,0.3891560315565701,0.0006131004343491,4.5498071586950841
0.250,1.950,0.3888650813790151,0.0008576142107882,4.5347640442468853
0.350,1.950,0.3884820976462880,0.0008731495653742,4.5199370188762193
0.450,1.950,0.3881021127886295,0.0007377544578822,4.5051631162869272
0.550,1.950,0.3877600336495790,0.0005058664353808,4.4903321344402585
0.650,1.950,0.3874536347507634,0.0002248686131452,4.4753864282512685
0.750,1.950,0.3871592119802673,-0.0000602845116317,4.4603139675311718
0.850,1.950,0.3868430548093694,-0.0003093489056497,4.4451386152946792
0.950,1.950,0.3864702056718234,-0.0004913436043673,4.4299097564881231
1.050,1.950,0.3860109461430664,-0.0005882850908122,4.4146924679652475
1.150,1.950,0.3854450261252155,-0.0005965562034290,4.3995588972075010
1.250,1.950,0.3847636387970589,-0.0005255730314744,4.3845811851542109
1.350,1.950,0.3839693288013306,-0.0003942385627370,4.3698260314721935
1.450,1.950,0.3830742408980941,-0.0002261279384828,4.3553508252506523
1.550,1.950,0.3820972775247694,-0.0000444817416196,4.3412011421109398
1.650,1.950,0.3810608042084472,0.0001320351208664,4.3274093367196533
1.750,1.950,0.3799875296357328,0.0002921236966519,4.3139939307978032
1.850,1.950,0.3788981186423644,0.0004328322218210,4.3009594989384388
1.950,1.950,0.3778099993433202,0.0005586755926943,4.2882967724913339
2.050,1.950,0.3767377198665983,0.0006790861388334,4.2759826990013492
2.150,1.950,0.3756951027691453,0.0008045781482175,4.2639801953432270
2.250,1.950,0.3746993293750214,0.0009421798685076,4.2522373022769848
2.350,1.950,0.3737769429738431,0.0010908992973899,4.2406853741984962
2.450,1.950,0.3729715650305263,0.0012383003004070,4.2292358123686657
2.550,1.950,0.3723528622854085,0.0013596793989487,4.2177746761220831
2.650,1.950,0.3720260292044724,0.0014217173859940,4.2061543132628048
2.750,1.950,0.3721409238570832,0.0013924280678070,4.1941810138421785
2.850,1.950,0.3729003626216711,0.0012579727337783,4.1815977471486283
2.950,1.950,0.3745684211152699,0.0010435919276163,4.1680614377267418
3.050,1.950,0.3774821605089900,0.0008307513629963,4.1531148988859954
3.150,1.950,0.3820732905597118,0.0007591243300919,4.1361536314903784
3.250,1.950,0.3889078689804256,0.0010075957680701,4.1163849603136393
3.350,1.950,0.3987508507404305,0.0017661616065471,4.0927682346247769
3.450,1.950,0.4126615078454965,0.0032221787942609,4.0639093819958800
3.550,1.950,0.4321308225782702,0.0055578398429914,4.0278667893899414
3.650,1.950,0.4592729952469290,0.0089157843488652,3.9818122470238984
3.750,1.950,0.4970503326016494,0.0133416271065906,3.9214563170892651
3.850,1.950,0.5494315469966670,0.0188371307069147,3.8400549794934533
3.950,1.950,0.6213138050137460,0.0255812611903938,3.7267804241627154
4.050,1.950,0.7183306556460768,0.0337336043703974,3.5646061749467943
4.150,1.950,0.8474355311465190,0.0421192405693529,3.3280705120802963
4.250,1.950,1.0158558083542026,0.0525269508590797,2.9810285525453493
4.350,1.950,1.2251631725523864,0.0625237166640965,2.4821830088481995
4.450,1.950,1.4654221876917730,0.0752769686758010,1.8114159561043854
4.550,1.950,1.7299555204999668,0.0761625585820179,0.9420902710148760
4.650,1.950,1.9788929284062424,0.0700007455113640,-0.0836400380980361
4.750,0.050,3.2778356788746823,-0.1097026000408068,-1.1998006317287520
4.850,0.050,3.5578038517114123,-0.0912650118795945,-2.1637151255966645
4.950,0.050,3.7816838783974647,-0.0633260733682596,-3.0181961921739631
5.050,0.050,3.9402636631867214,-0.0433810652947427,-3.7274592665879998
5.150,0.050,4.0380919042041281,-0.0238465885246900,-4.2437137919196610
5.250,0.050,4.0937430116568772,-0.0068630695191645,-4.6106896229573264
4.750,0.150,3.9884546636326199,-0.4211075262069931,-1.4152505196284291
4.850,0.150,4.2767931347456880,-0.3493795785745097,-2.4272204755629487
4.950,0.150,4.5033964537623525,-0.2636014812298085,-3.2872290193017122
5.050,0.150,4.6698411152978556,-0.1809237561978828,-3.9607665070790796
5.150,0.150,4.7803985733450540,-0.1111263021597546,-4.4363469513288409
5.250,0.150,4.8482689483099710,-0.0561930258701478,-4.7562363413977176
4.750,0.250,4.5333656375751588,-0.7499204396663169,-1.9868273071674172
4.850,0.250,4.8387749038380825,-0.6111437374219211,-3.0853597378612276
4.950,0.250,5.0602308045768947,-0.4526639449915179,-3.9289807141928472
5.050,0.250,5.2047241039812508,-0.3059735651177402,-4.5139125417005417
5.150,0.250,5.2866648680784714,-0.1856037763929662,-4.8719390663386788
5.250,0.250,5.3285282751146239,-0.0964486082028252,-5.0737468471553333
4.750,0.350,5.0137059157985862,-1.1135482383593776,-3.0925607679305180
4.850,0.350,5.3337218473053500,-0.8720862673630023,-4.3105232458544762
4.950,0.350,5.5325501848797991,-0.6180184208101189,-5.0793945545296157
5.050,0.350,5.6191574764995638,-0.3897921070229728,-5.4439604769404815
5.150,0.350,5.6408829737066348,-0.2200759485191033,-5.5555121172315509
5.250,0.350,5.6216670909033057,-0.1015809109625562,-5.5414079382310604
4.750,0.450,5.4532358587223744,-1.5255868855324521,-5.1506917705381685
4.850,0.450,5.7416274724159004,-1.0984046022156302,-6.4437599055468411
4.950,0.450,5.6882774119754655,-0.6514514181578664,-6.8175548824422698
5.050,0.450,5.4979535867996168,-0.3337145374892884,-6.7078541401285046
5.150,0.450,5.2826437894639371,-0.1257762304689677,-6.3879056708468509
5.250,0.450,5.1057731823219816,-0.0091900258554951,-6.0378822528606522
4.750,0.550,5.1614464916217093,-1.6697179190353995,-8.8087111574617420
4.850,0.550,4.0772812204463085,-0.6594994222557654,-9.1596900835206654
4.950,0.550,3.3490029152652352,-0.2321848864438001,-8.4999274051494815
5.050,0.550,2.9544413953258588,-0.0089227173297059,-7.7078951899831933
5.150,0.550,2.7393608501247155,0.0980567621112142,-6.9224873477734512
5.250,0.550,2.6449624204430093,0.1238407845893770,-6.2790639820450158
4.750,0.650,0.4388469408571860,-0.1549924685341867,-10.9269911992959763
4.850,0.650,0.0463839984670335,-0.0160456843584365,-9.8150798439460143
4.950,0.650,-0.0061231733878354,-0.0096383742602445,-8.8377047393933115
5.050,0.650,0.0738547702498355,0.0326391555127640,-7.9194663687429010
5.150,0.650,0.2103954441201640,0.0676437591800351,-7.0082117643618265
5.250,0.650,0.3335012583995643,0.0420790978834505,-6.2667712190924671
4.750,1.350,-0.0207978016247105,0.2879137026578773,-11.4420146186125304
4.850,1.350,-0.6768541408513805,0.0701032419966515,-12.1403458677354887
4.950,1.350,-0.6500049353913981,-0.0546113654763151,-10.7730299971681127
5.050,1.350,-0.3648293919879910,-0.0968234479697496,-9.0247908880008225
5.150,1.350,-0.0055440161415772,-0.1052583170022033,-7.5689147763321287
5.250,1.350,0.3181758365410791,-0.0991201664452384,-6.5133381234243908
4.750,1.450,5.3903165601378547,2.0472990150499233,-9.8833925366462960
4.850,1.450,4.4245485353616170,0.7425893028436427,-11.3174751359961494
4.950,1.450,3.5756423987615142,0.0671256494979051,-10.3998722447441097
5.050,1.450,3.1527798058851015,-0.2204926865038975,-8.9078216675441926
5.150,1.450,3.0035164226256588,-0.3270406329759248,-7.5566498807983624
5.250,1.450,3.0035107657664999,-0.3440447007285490,-6.5822338510758192
4.750,1.550,5.2655259457240593,1.4958278885181102,-5.5310340079055837
4.850,1.550,5.6850078301016413,1.0402118359519428,-7.3369551196093648
4.950,1.550,5.7670623153712608,0.5088140738193959,-7.8225880144956648
5.050,1.550,5.6209968124226108,0.1073796231826528,-7.4931261282667263
5.150,1.550,5.4226911687966304,-0.1338237992552729,-6.8906555539914569
5.250,1.550,5.2626412617803480,-0.2558562186802850,-6.3290248192595779
4.750,1.650,4.9593059201767877,1.0655010085959118,-3.3545454527108078
4.850,1.650,5.3003833129957822,0.7752180572819246,-4.7849392751893784
4.950,1.650,5.4841213378299223,0.4474217439761399,-5.6215611738644435
5.050,1.650,5.5442789489816073,0.1665532091080110,-5.9328643563129528
5.150,1.650,5.5330490247961688,-0.0379861370735331,-5.9241231882478402
5.250,1.650,5.4932223735494290,-0.1700470699408393,-5.7850786152922273
4.750,1.750,4.4622173719100324,0.6796377672147679,-2.1101117976741883
4.850,1.750,4.7878304064207047,0.5025858084746804,-3.3193953236064013
4.950,1.750,5.0142824802524721,0.2998270401614087,-4.2284847752869030
5.050,1.750,5.1438917393436077,0.1120090660144458,-4.8080489799498256
5.150,1.750,5.1984912971390571,-0.0383780358051244,-5.1205418046771616
5.250,1.750,5.2046955085091113,-0.1457053507504054,-5.2612466213882438
4.750,1.850,3.8360326192298912,0.3314616287545596,-1.4366541297926845
4.850,1.850,4.1282975959313513,0.2338800896089214,-2.5360742438833213
4.950,1.850,4.3324913963161213,0.1250111456319169,-3.4570456181396629
5.050,1.850,4.4462429798132375,0.0220056453792464,-4.1429897619704095
5.150,1.850,4.4815250107049982,-0.0631029502074567,-4.6068089104631813
5.250,1.850,4.4558188810619397,-0.1253257040473604,-4.8992499573947379
4.750,1.950,2.1966811752102822,0.0509116446164904,-1.1913677607431588
4.850,1.950,2.3584915900624246,0.0323526752729022,-2.2700427332209787
4.950,1.950,2.4501284285758276,0.0135216670252491,-3.1963181615861540
5.050,1.950,2.4698458505595959,-0.0043385976945445,-3.9101390237190250
5.150,1.950,2.4257896078836079,-0.0201006320373071,-4.4190413124789574
5.250,1.950,2.3347839851281416,-0.0323908379295899,-4.7631545452942943
5.350,0.050,4.1137206513189755,0.0040220754897190,-4.8535188677352794
5.450,0.050,4.1048445713129773,0.0115288995951481,-5.0000827205715863
5.550,0.050,4.0745963947996069,0.0178686601078587,-5.0811976052905061
5.650,0.050,4.0285252427928722,0.0232409330477362,-5.1199467505882579
5.750,0.050,3.9700276663223990,0.0275727509957008,-5.1290746608241395
5.850,0.050,3.9012336370969112,0.0311169849877703,-5.1143279643724613
5.950,0.050,3.8236387324751404,0.0341162773971371,-5.0782912180238524
6.050,0.050,3.7383738231778088,0.0366470930256323,-5.0224989415289096
6.150,0.050,3.6463515977315519,0.0386784290682179,-4.9482665231090506
6.250,0.050,3.5483788377670917,0.0401647649791522,-4.8569710135543414
6.350,0.050,3.4452366181647718,0.0410983429464197,-4.7501601888919378
6.450,0.050,3.3377252381856359,0.0415205253999719,-4.6296178801808869
6.550,0.050,3.2266805916861703,0.0415107693454057,-4.4974089567006121
6.650,0.050,3.1129722656272136,0.0411682951109387,-4.3558957451026581
6.750,0.050,2.9974917171198996,0.0405945788454237,-4.2077139075864212
6.850,0.050,2.8811354765007873,0.0398799052699464,-4.0557018085190846
6.950,0.050,2.7647857714588358,0.0390947459806572,-3.9027867879737173
7.050,0.050,2.6492898377318217,0.0382857549871775,-3.7518414363373673
7.150,0.050,2.5354391156746856,0.0374758107145849,-3.6055302980875075
7.250,0.050,2.4239498813206266,0.0366672848164636,-3.4661701976619179
7.350,0.050,2.3154470801944744,0.0358474659089814,-3.3356246008847799
7.450,0.050,2.2104529512787363,0.0349949110239902,-3.2152449606862081
7.550,0.050,2.1093814504467656,0.0340855590134034,-3.1058622587034654
7.650,0.050,2.0125386829853738,0.0330977312597017,-3.0078228728650442
7.750,0.050,1.9201287580688098,0.0320155634366769,-2.9210567339046731
7.850,0.050,1.8322638671446871,0.0308308141208028,-2.8451633730791541
7.950,0.050,1.7489770623343375,0.0295432780624308,-2.7795024636946448
8.050,0.050,1.6702361818953502,0.0281601646908949,-2.7232785822236254
8.150,0.050,1.5959575811576625,0.0266948159731955,-2.6756137868265464
8.250,0.050,1.5260186847170660,0.0251650845197620,-2.6356051804058507
8.350,0.050,1.4602687782030579,0.0235916177779624,-2.6023673268443024
8.450,0.050,1.3985378234350210,0.0219962228832014,-2.5750610846189734
8.550,0.050,1.3406433591390610,0.0204004279517153,-2.5529112424786731
8.650,0.050,1.2863957237829691,0.0188243089108226,-2.5352155308797228
8.750,0.050,1.2356019162960201,0.0172856135627412,-2.5213473883693411
8.850,0.050,1.1880684176650960,0.0157991845217534,-2.5107544823639341
8.950,0.050,1.1436032588236877,0.0143766594014792,-2.5029545529783732
9.050,0.050,1.1020175619375381,0.0130264102815001,-2.4975297441695568
9.150,0.050,1.0631267206683974,0.0117536750210891,-2.4941202444503738
9.250,0.050,1.0267513307614844,0.0105608298097034,-2.4924177896124982
9.350,0.050,0.9927179400154426,0.0094477542745189,-2.4921593778314861
9.450,0.050,0.9608596569988266,0.0084122460027335,-2.4931214025492001
9.550,0.050,0.9310166391499177,0.0074504489480938,-2.4951143084692795
9.650,0.050,0.9030364705796718,0.0065572685457849,-2.4979778096031504
9.750,0.050,0.8767744353607095,0.0057267544513476,-2.5015766661879111
9.850,0.050,0.8520936910845921,0.0049524389945254,-2.5057969921452825
9.950,0.050,0.8288653483079962,0.0042276253584760,-2.5105430511005364
5.350,0.150,4.8848494243146359,-0.0156620296329099,-4.9590993822647880
5.450,0.150,4.8999444766849845,0.0132762845415556,-5.0792659021620485
5.550,0.150,4.9003111498668028,0.0351480463754454,-5.1445394106270541
5.650,0.150,4.8899024327722032,0.0526721801008162,-5.1740171556531207
5.750,0.150,4.8705417571565830,0.0674272612461099,-5.1775210140256975
5.850,0.150,4.8429491385208330,0.0804195033532046,-5.1588954804293330
5.950,0.150,4.8074026842699693,0.0922413273194090,-5.1196290048388100
6.050,0.150,4.7639895859943842,0.1031471273236740,-5.0607097507706351
6.150,0.150,4.7127275106558963,0.1131619385933525,-4.9832364074051405
6.250,0.150,4.6536600320313051,0.1222004829443793,-4.8885518845279545
6.350,0.150,4.5869299780574355,0.1301549136668005,-4.7782638566365625
6.450,0.150,4.5128240467003966,0.1369410655128639,-4.6542557159922540
6.550,0.150,4.4317906984607660,0.1425133858336422,-4.5186955418580785
6.650,0.150,4.3444380461506054,0.1468626741822558,-4.3740284493364534
6.750,0.150,4.2515183724221739,0.1500074003151736,-4.2229389999795126
6.850,0.150,4.1539039443425771,0.1519848264095736,-4.0682775594721816
6.950,0.150,4.0525569328100675,0.1528446552338164,-3.9129527949848537
7.050,0.150,3.9484952327276801,0.1526457539611301,-3.7598004039202042
7.150,0.150,3.8427558201019254,0.1514553420041474,-3.6114442779082676
7.250,0.150,3.7363576264387133,0.1493495239006216,-3.4701691091392841
7.350,0.150,3.6302663277176275,0.1464139695680849,-3.3378219835654015
7.450,0.150,3.5253635918849455,0.1427437752780014,-3.2157550554498426
7.550,0.150,3.4224230365505406,0.1384419813184351,-3.1048135454942991
7.650,0.150,3.3220944324374080,0.1336167421130458,-3.0053653374283860
7.750,0.150,3.2248967016083325,0.1283775824754131,-2.9173624323038219
7.850,0.150,3.1312192232180838,0.1228314055253358,-2.8404215805661117
7.950,0.150,3.0413300881219847,0.1170789071586495,-2.7739115346877821
8.050,0.150,2.9553893879178581,0.1112118556395394,-2.7170366954457630
8.150,0.150,2.8734654402659743,0.1053114217613871,-2.6689102930448763
8.250,0.150,2.7955520038314821,0.0994475000018818,-2.6286136222250160
8.350,0.150,2.7215849211103400,0.0936788065611830,-2.5952405889491610
8.450,0.150,2.6514571197735362,0.0880534877457890,-2.5679286747830594
8.550,0.150,2.5850313902629938,0.0826099975478005,-2.5458784242568706
8.650,0.150,2.5221507624347854,0.0773780687180683,-2.5283639017466060
8.750,0.150,2.4626465918806986,0.0723796737619174,-2.5147364766127378
8.850,0.150,2.4063446363188894,0.0676299305061282,-2.5044239781056095
8.950,0.150,2.3530694745888772,0.0631379437127925,-2.4969268593330463
9.050,0.150,2.3026476242539209,0.0589075912883261,-2.4918126115882120
9.150,0.150,2.2549096767460610,0.0549382668863733,-2.4887093223077708
9.250,0.150,2.2096917137585499,0.0512255866610189,-2.4872989884988717
9.350,0.150,2.1668362103543952,0.0477620617110786,-2.4873109823832724
9.450,0.150,2.1261925776627848,0.0445377324715167,-2.4885159088365794
9.550,0.150,2.0876174548490147,0.0415407582783786,-2.4907199837773515
9.650,0.150,2.0509748269146693,0.0387579546683101,-2.4937599879951340
9.750,0.150,2.0161360207726000,0.0361752721422800,-2.4974988025108913
9.850,0.150,1.9829796152206267,0.0337782123868031,-2.5018215018440837
9.950,0.150,1.9513912891011942,0.0315521806200749,-2.5066319647330806
5.350,0.250,5.3465027343038676,-0.0339029961289996,-5.1831638615205637
5.450,0.250,5.3502683793251853,0.0093659284301593,-5.2406673053982162
5.550,0.250,5.3453384640876243,0.0406920414974096,-5.2684111023410019
5.650,0.250,5.3346137088792380,0.0653983572409433,-5.2769914750566533
5.750,0.250,5.3188170412470486,0.0866906583001624,-5.2691143935640277
5.850,0.250,5.2978744124048740,0.1061211893004107,-5.2440620792332870
5.950,0.250,5.2716256378595787,0.1244165447180509,-5.2007032695214495
6.050,0.250,5.2399794022007828,0.1418616292227221,-5.1385384119901865
6.150,0.250,5.2029078258792056,0.1584665218761271,-5.0578159688747686
6.250,0.250,5.1604348049161040,0.1740876862751626,-4.9594215125399108
6.350,0.250,5.1126424656031793,0.1885217920677624,-4.8447704513898113
6.450,0.250,5.0596849456497983,0.2015654433985089,-4.7157345040629721
6.550,0.250,5.0017987298815401,0.2130446505390594,-4.5745832324209426
6.650,0.250,4.9393055169301645,0.2228243682612107,-4.4239209998700471
6.750,0.250,4.8726081975739204,0.2308082303236602,-4.2666073916826930
6.850,0.250,4.8021820478071202,0.2369355896874899,-4.1056563046529986
6.950,0.250,4.7285629142668206,0.2411796518073749,-3.9441151149150855
7.050,0.250,4.6523332798370696,0.2435478319708271,-3.7849310290400355
7.150,0.250,4.5741064372848541,0.2440836940548644,-3.6308164829262459
7.250,0.250,4.4945088689200610,0.2428689042259658,-3.4841281434103539
7.350,0.250,4.4141612744776424,0.2400234625431981,-3.3467736490023312
7.450,0.250,4.3336592557691738,0.2357029175092043,-3.2201564919913190
7.550,0.250,4.2535551541399386,0.2300921087320275,-3.1051633079512344
7.650,0.250,4.1743427113233871,0.2233959326873405,-3.0021910286377795
7.750,0.250,4.0964459901464574,0.2158283856603281,-2.9112057086138470
7.850,0.250,4.0202134074208073,0.2076014911987179,-2.8318216027350878
7.950,0.250,3.9459169714083884,0.1989156107892442,-2.7633885627698636
8.050,0.250,3.8737560940580966,0.1899521723464747,-2.7050775153774707
8.150,0.250,3.8038648370318233,0.1808692336918128,-2.6559567185351227
8.250,0.250,3.7363212325452984,0.1717997313449890,-2.6150546970034414
8.350,0.250,3.6711573796918398,0.1628518819727757,-2.5814085295195475
8.450,0.250,3.6083692706937542,0.1541110435017074,-2.5540981590899747
8.550,0.250,3.5479256424073760,0.1456423683826411,-2.5322685801080098
8.650,0.250,3.4897754835737502,0.1374937193919874,-2.5151422593978974
8.750,0.250,3.4338540989790820,0.1296984948878094,-2.5020241776891075
8.850,0.250,3.3800878151268456,0.1222781727067223,-2.4923016304271095
8.950,0.250,3.3283975124188547,0.1152445032956098,-2.4854405550830356
9.050,0.250,3.2787012048101709,0.1086013580203006,-2.4809797573253847
9.150,0.250,3.2309158818929138,0.1023462753563881,-2.4785240474032162
9.250,0.250,3.1849588001020401,0.0964717580423178,-2.4777369960314872
9.350,0.250,3.1407483734932540,0.0909663699535181,-2.4783337814557065
9.450,0.250,3.0982047790210396,0.0858156711987097,-2.4800744211718713
9.550,0.250,3.0572503607295456,0.0810030191288410,-2.4827575534788160
9.650,0.250,3.0178098931187747,0.0765102541891570,-2.4862148451884591
9.750,0.250,2.9798107458841763,0.0723182835798721,-2.4903060427996788
9.850,0.250,2.9431829792461404,0.0684075722502213,-2.4949146471962766
9.950,0.250,2.9078593900146670,0.0647585491568084,-2.4999441700899587
5.350,0.350,5.5878864513837634,-0.0256937571636986,-5.4910983522206749
5.450,0.350,5.5528738084068490,0.0235913114756807,-5.4502464436853710
5.550,0.350,5.5202515115074071,0.0580971372976058,-5.4261124611293585
5.650,0.350,5.4890949404263951,0.0857205997530972,-5.4096466388748006
5.750,0.350,5.4580162461277428,0.1103513998590070,-5.3898886123970611
5.850,0.350,5.4260145188883389,0.1335180926498220,-5.3589470211285564
5.950,0.350,5.3924229396958703,0.1557790955814589,-5.3121574602920116
6.050,0.350,5.3568365543378489,0.1772779532610177,-5.2471577875291935
6.150,0.350,5.3190271079708005,0.1979364222278463,-5.1631491092818411
6.250,0.350,5.2788730282055676,0.2175507434716442,-5.0604539177791219
6.350,0.350,5.2363277377916457,0.2358603680272554,-4.9402537298297871
6.450,0.350,5.1914167385579892,0.2525979626265993,-4.8044132851373087
6.550,0.350,5.1442437699584698,0.2675211993925885,-4.6553421123173431
6.650,0.350,5.0949921959449469,0.2804293220568493,-4.4958691732607550
6.750,0.350,5.0439166990649511,0.2911694419483641,-4.3291179036078464
6.850,0.350,4.9913266374204648,0.2996375479345327,-4.1583750863718558
6.950,0.350,4.9375651391260167,0.3057780152355444,-3.9869518506211414
7.050,0.350,4.8829880777842245,0.3095836968368780,-3.8180400892234285
7.150,0.350,4.8279457629981373,0.3110969811219267,-3.6545724349845194
7.250,0.350,4.7727685674730509,0.3104108681721540,-3.4990974386438141
7.350,0.350,4.7177564800480063,0.3076684238225176,-3.3536824831656298
7.450,0.350,4.6631719838128598,0.3030590368285584,-3.2198546255834879
7.550,0.350,4.6092356295094525,0.2968106416590085,-3.0985844420492965
7.650,0.350,4.5561239339979656,0.2891781761870514,-2.9903115099161433
7.750,0.350,4.5039694884277965,0.2804296020323808,-2.8950042395633031
7.850,0.350,4.4528632288842616,0.2708314537455736,-2.8122428734111562
7.950,0.350,4.4028586819713835,0.2606359218533947,-2.7413132566435672
8.050,0.350,4.3539777507314348,0.2500709771715022,-2.6813001977473254
8.150,0.350,4.3062173927988558,0.2393342515422862,-2.6311720191207710
8.250,0.350,4.2595564626410836,0.2285905936007031,-2.5898512335007924
8.350,0.350,4.2139620663653181,0.2179726360427824,-2.5562693510086612
8.450,0.350,4.1693949680147693,0.2075834326517358,-2.5294061571154423
8.550,0.350,4.1258138182537767,0.1975002202199480,-2.5083152728652300
8.650,0.350,4.0831781845612412,0.1877785365901883,-2.4921385119366959
8.750,0.350,4.0414505085354540,0.1784561738441830,-2.4801116862473562
8.850,0.350,4.0005971921903054,0.1695566828575400,-2.4715642974806040
8.950,0.350,3.9605890331674685,0.1610923274715467,-2.4659151636200964
9.050,0.350,3.9214012091101864,0.1530665017988960,-2.4626655912280380
9.150,0.350,3.8830129738781856,0.1454756816537772,-2.4613912898554036
9.250,0.350,3.8454071873059541,0.1383109981303455,-2.4617338708157583
9.350,0.350,3.8085697640191563,0.1315595153105150,-2.4633924899447637
9.450,0.350,3.7724890985825543,0.1252052782626573,-2.4661159800886066
9.550,0.350,3.7371555039545372,0.1192301802232606,-2.4696956643931212
9.650,0.350,3.7025606863901772,0.1136146832777949,-2.4739589343697186
9.750,0.350,3.6686972707358700,0.1083384162911999,-2.4787636059683500
9.850,0.350,3.6355583839046823,0.1033806670350656,-2.4839930228059357
9.950,0.350,3.6031373000634406,0.0987207815238073,-2.4895518504848364
5.350,0.450,4.9759470652357685,0.0503694112994068,-5.7786500757964054
5.450,0.450,4.8889578211177707,0.0815142749610760,-5.6350590567744927
5.550,0.450,4.8326787282648063,0.1032246872225390,-5.5701523134321604
5.650,0.450,4.7955820363681916,0.1230267294481310,-5.5395415942908155
5.750,0.450,4.7701767015917973,0.1430222688800085,-5.5150130582225936
5.850,0.450,4.7519758246012795,0.1635987479206906,-5.4822105262479797
5.950,0.450,4.7382280936484555,0.1846155966890015,-5.4340999529569469
6.050,0.450,4.7271262676301840,0.2057914832318624,-5.3672562895054305
6.150,0.450,4.7173665412424670,0.2268018888588562,-5.2802988595440379
6.250,0.450,4.7079340417414821,0.2472855682336614,-5.1732315486561715
6.350,0.450,4.6980218949187931,0.2668490148804713,-5.0471053872886040
6.450,0.450,4.6870156923994060,0.2850875799011203,-4.9037985343488755
6.550,0.450,4.6744984004186900,0.3016152837839118,-4.7458442722809258
6.650,0.450,4.6602504766363761,0.3160929492936193,-4.5762789836293170
6.750,0.450,4.6442347435743994,0.3282488005129395,-4.3984952072097823
6.850,0.450,4.6265654803502487,0.3378901120797748,-4.2160911657973710
6.950,0.450,4.6074668275885911,0.3449072265626124,-4.0327135070023088
7.050,0.450,4.5872276937416148,0.3492723214278570,-3.8518956184558295
7.150,0.450,4.5661598217901460,0.3510351012701926,-3.6768993829278540
7.250,0.450,4.5445636096505657,0.3503166448346374,-3.5105724851135056
7.350,0.450,4.5227037592777366,0.3473015540354301,-3.3552350227374697
7.450,0.450,4.5007946949468298,0.3422278771991790,-3.2126073428704434
7.550,0.450,4.4789943617497423,0.3353743067829850,-3.0837859087041330
7.650,0.450,4.4574044955828969,0.3270448172852507,-2.9692669525410071
7.750,0.450,4.4360754848561612,0.3175518373492164,-2.8690107103923759
7.850,0.450,4.4150142040808635,0.3071997626485616,-2.7825340349027954
7.950,0.450,4.3941934735225470,0.2962707752444925,-2.7090171717643590
8.050,0.450,4.3735620185690705,0.2850144894368037,-2.6474114087516800
8.150,0.450,4.3530539988598331,0.2736421081676755,-2.5965372952715273
8.250,0.450,4.3325974009596377,0.2623248808640533,-2.5551669993098187
8.350,0.450,4.3121208533970918,0.2511959860711034,-2.5220880803539369
8.450,0.450,4.2915586990262575,0.2403546527350433,-2.4961488674817280
8.550,0.450,4.2708543977649391,0.2298713599721478,-2.4762875144278955
8.650,0.450,4.2499624947744161,0.2197931994699963,-2.4615477347885015
8.750,0.450,4.2288494638631020,0.2101488100888343,-2.4510844314590452
8.850,0.450,4.2074937371783259,0.2009525954026109,-2.4441621887402336
8.950,0.450,4.1858851872302782,0.1922081569366507,-2.4401491191406475
9.050,0.450,4.1640242637726095,0.1839110077489996,-2.4385080109490813
9.150,0.450,4.1419209265506565,0.1760506883612563,-2.4387862049480549
9.250,0.450,4.1195934662962745,0.1686124151082148,-2.4406051875383987
9.350,0.450,4.0970672733926934,0.1615783734014043,-2.4436505383902785
9.450,0.450,4.0743735941799697,0.1549287422627385,-2.4476626098646359
9.550,0.450,4.0515483047410630,0.1486425116463745,-2.4524281301739417
9.650,0.450,4.0286307270395163,0.1426981347469538,-2.4577727970983498
9.750,0.450,4.0056625093315921,0.1370740443721798,-2.4635548491945194
9.850,0.450,3.9826865899714061,0.1317490544842888,-2.4696595541441901
9.950,0.450,3.9597462602603102,0.1267026636063023,-2.4759945291077869
5.350,0.550,2.6452027395028899,0.1111574195535700,-5.8786001628809244
5.450,0.550,2.7037863700359304,0.0966593249339176,-5.6987369494625897
5.550,0.550,2.7863075467803240,0.0943018893939021,-5.6388280821577670
5.650,0.550,2.8736938812449386,0.1026216773325560,-5.6191644961038030
5.750,0.550,2.9585232455566293,0.1174336265705588,-5.6024267670239700
5.850,0.550,3.0388007984367165,0.1358446409881795,-5.5741928758203478
5.950,0.550,3.1143996952676778,0.1562548540073127,-5.5284960761637860
6.050,0.550,3.1856358603736457,0.1777812582208485,-5.4624798038691873
6.150,0.550,3.2528229453888917,0.1998493540987551,-5.3748975384873576
6.250,0.550,3.3161661152005775,0.2219719067905257,-5.2656963740077432
6.350,0.550,3.3757616429551911,0.2436546195193458,-5.1358381928708390
6.450,0.550,3.4316328349242160,0.2643786961172208,-4.9871609813079409
6.550,0.550,3.4837774249869589,0.2836236074065180,-4.8222425926818078
6.650,0.550,3.5322119080439029,0.3009048996679192,-4.6442588654391601
6.750,0.550,3.5770031275541774,0.3158112786971410,-4.4568316100820207
6.850,0.550,3.6182825067653521,0.3280324121663175,-4.2638633464833751
6.950,0.550,3.6562432938535099,0.3373742279922938,-4.0693587602422943
7.050,0.550,3.6911249708082039,0.3437621655144820,-3.8772375484080310
7.150,0.550,3.7231908630708452,0.3472348959402349,-3.6911486306759294
7.250,0.550,3.7527049303398301,0.3479315822248268,-3.5143001412792532
7.350,0.550,3.7799122365279088,0.3460752106429936,-3.3493215481097351
7.450,0.550,3.8050255070779109,0.3419535728094865,-3.1981724650750705
7.550,0.550,3.8282182529419457,0.3358987714846128,-3.0621071363871253
7.650,0.550,3.8496236278506979,0.3282660093967781,-2.9416954585022483
7.750,0.550,3.8693375681341564,0.3194127937788951,-2.8368930133116681
7.850,0.550,3.8874246647506299,0.3096801363798453,-2.7471462108816898
7.950,0.550,3.9039253896707464,0.2993774235457087,-2.6715157189534842
8.050,0.550,3.9188635661213387,0.2887721941509278,-2.6088020478421212
8.150,0.550,3.9322532587233128,0.2780852295023672,-2.5576605401478010
8.250,0.550,3.9441045495671991,0.2674904525086410,-2.5166976613583287
8.350,0.550,3.9544279503815729,0.2571184655532401,-2.4845450739414545
8.450,0.550,3.9632374526286562,0.2470622853353243,-2.4599116350950618
8.550,0.550,3.9705524022730310,0.2373839354086539,-2.4416158467776339
8.650,0.550,3.9763984825953029,0.2281208941367154,-2.4286024710520344
8.750,0.550,3.9808080996742263,0.2192918033245443,-2.4199472858625439
8.850,0.550,3.9838204150457663,0.2109011980177969,-2.4148536327774939
8.950,0.550,3.9854811913129766,0.2029432622631251,-2.4126437919142050
9.050,0.550,3.9858425381618385,0.1954047448101201,-2.4127475201436082
9.150,0.550,3.9849625865849596,0.1882672094500732,-2.4146894332761994
9.250,0.550,3.9829050846214211,0.1815087823103671,-2.4180763622827484
9.350,0.550,3.9797388963048945,0.1751055232814087,-2.4225853852048500
9.450,0.550,3.9755373899476458,0.1690325108305475,-2.4279529230987422
9.550,0.550,3.9703777146144592,0.1632646987536854,-2.4339650717276573
9.650,0.550,3.9643399782011506,0.1577775827893760,-2.4404491994117121
9.750,0.550,3.9575063526693506,0.1525477033560873,-2.4472667555443506
9.850,0.550,3.9499601396241824,0.1475530053190264,-2.4543071871896767
9.950,0.550,3.9417848321529201,0.1427730739368031,-2.4614828400083497
5.350,0.650,0.4939008052054263,-0.0320163250310151,-5.8484354641897704
5.450,0.650,0.7009696177284565,-0.0655992386893158,-5.6971916355881111
5.550,0.650,0.8927017073636672,-0.0550715752925628,-5.6636585437112794
5.650,0.650,1.0519758470675162,-0.0293609896890589,-5.6573727421707645
5.750,0.650,1.1877473656737365,-0.0006041846005721,-5.6463806579342668
5.850,0.650,1.3086035748342981,0.0283279167905658,-5.6210173738483755
5.950,0.650,1.4194072018949959,0.0568627555417644,-5.5773265237709770
6.050,0.650,1.5229694113074705,0.0848481416979475,-5.5129146811842356
6.150,0.650,1.6211745848966665,0.1121798741473366,-5.4263821764999305
6.250,0.650,1.7154084536614886,0.1387111370692890,-5.3173576106793563
6.350,0.650,1.8066950326366735,0.1642151007076455,-5.1865139512256357
6.450,0.650,1.8957525211321735,0.1883802162777124,-5.0355067186054070
6.550,0.650,1.9830379613914000,0.2108345145651356,-4.8668586177941222
6.650,0.650,2.0687951880181781,0.2311878284272505,-4.6838109950809566
6.750,0.650,2.1531045096361741,0.2490787758395012,-4.4901523767041187
6.850,0.650,2.2359296175954593,0.2642159641327033,-4.2900290045285088
6.950,0.650,2.3171579518577832,0.2764070679741713,-4.0877413105392568
7.050,0.650,2.3966324788905840,0.2855735273463272,-3.8875324823931243
7.150,0.650,2.4741747019969571,0.2917518080320699,-3.6933794007588743
7.250,0.650,2.5496002093512637,0.2950840474348911,-3.5088005605896231
7.350,0.650,2.6227288250128167,0.2958014389146071,-3.3366980783921325
7.450,0.650,2.6933914185853371,0.2942032832139304,-3.1792498084318046
7.550,0.650,2.7614348941529752,0.2906338997587936,-3.0378623412143426
7.650,0.650,2.8267261833402317,0.2854590890359031,-2.9131872145286102
7.750,0.650,2.8891555004560079,0.2790437401123987,-2.8051933078187026
7.850,0.650,2.9486387961844218,0.2717322647164441,-2.7132807516614941
7.950,0.650,3.0051192409493228,0.2638334386426215,-2.6364176689750800
8.050,0.650,3.0585675953284537,0.2556107161613322,-2.5732811880641537
8.150,0.650,3.1089814144404970,0.2472782218264878,-2.5223876106199015
8.250,0.650,3.1563831511014815,0.2390017072467983,-2.4822018179711209
8.350,0.650,3.2008173480679947,0.2309031026950048,-2.4512213660764548
8.450,0.650,3.2423472180170969,0.2230670636467078,-2.4280351304914238
8.550,0.650,3.2810509726344979,0.2155480846004824,-2.4113593147765799
8.650,0.650,3.3170182604964689,0.2083771686712760,-2.4000551416986746
8.750,0.650,3.3503470086130016,0.2015675141052998,-2.3931329152340006
8.850,0.650,3.3811408550592890,0.1951190699388917,-2.3897467749932382
8.950,0.650,3.4095072398871538,0.1890220617299444,-2.3891837256821189
9.050,0.650,3.4355561158946566,0.1832596985281402,-2.3908496771920720
9.150,0.650,3.4593991671607847,0.1778102828693899,-2.3942544368532559
9.250,0.650,3.4811493868611398,0.1726489029012548,-2.3989969319963125
9.350,0.650,3.5009208625791119,0.1677488270245119,-2.4047514301298607
9.450,0.650,3.5188286376550324,0.1630826692887657,-2.4112551559810620
9.550,0.650,3.5349885503392535,0.1586233576640660,-2.4182974553835308
9.650,0.650,3.5495169893270417,0.1543449178644505,-2.4257104980799875
9.750,0.650,3.5625305380473078,0.1502230788470647,-2.4333614196658382
9.850,0.650,3.5741455070990185,0.1462357074682309,-2.4411457563640901
9.950,0.650,3.5844773731089288,0.1423630846582118,-2.4489820092356669
5.350,0.750,-0.0423173018211223,-0.1488112370929124,-5.7582133492387451
5.450,0.750,0.0109920842026132,-0.2217062752772895,-5.6813703945206218
5.550,0.750,0.0806136832480257,-0.1831868749785228,-5.6696864250054340
5.650,0.750,0.1350811547827466,-0.1337554058348244,-5.6672838912253534
5.750,0.750,0.1825590467193113,-0.0928761209244314,-5.6563721283221007
5.850,0.750,0.2290216424061355,-0.0576370983889786,-5.6310683468935210
5.950,0.750,0.2768731093733659,-0.0255393742405990,-5.5879855078147820
6.050,0.750,0.3273889079884730,0.0043551469624775,-5.5245545326777403
6.150,0.750,0.3814511698374641,0.0323942281215277,-5.4390582936862071
6.250,0.750,0.4396788294066464,0.0587266887543771,-5.3308020001935699
6.350,0.750,0.5024783392379080,0.0833793445876846,-5.2001843961188072
6.450,0.750,0.5700846548269861,0.1062718001082785,-5.0486735705330164
6.550,0.750,0.6425808456547530,0.1272426847589632,-4.8787089782125053
6.650,0.750,0.7198989970975295,0.1460897916562032,-4.6935479321633773
6.750,0.750,0.8018163323582967,0.1626129913322918,-4.4970732904508450
6.850,0.750,0.8879583438763812,0.1766514056458866,-4.2935770713168768
6.950,0.750,0.9778135741665525,0.1881104523559002,-4.0875320524606273
7.050,0.750,1.0707587410045580,0.1969772869916464,-3.8833616900397145
7.150,0.750,1.1660900604319637,0.2033251138435813,-3.6852190239565403
7.250,0.750,1.2630563791673908,0.2073080908863605,-3.4967871835533040
7.350,0.750,1.3608908451644139,0.2091491475518283,-3.3211159595724462
7.450,0.750,1.4588392266084982,0.2091230596686677,-3.1605085953299885
7.550,0.750,1.5561840193917995,0.2075368590050676,-3.0164691425508461
7.650,0.750,1.6522640214112374,0.2047094183410464,-2.8897135950057309
7.750,0.750,1.7464892521780664,0.2009519919502968,-2.7802392542793344
7.850,0.750,1.8383511813449889,0.1965514852026114,-2.6874388826116222
7.950,0.750,1.9274283447675911,0.1917580152274441,-2.6102413262490640
8.050,0.750,2.0133876050696369,0.1867777381632029,-2.5472594378131270
8.150,0.750,2.0959815211785084,0.1817710292961872,-2.4969288854243277
8.250,0.750,2.1750424813541764,0.1768551862075306,-2.4576264363576565
8.350,0.750,2.2504743950472164,0.1721101891038196,-2.4277619027524842
8.450,0.750,2.3222428136769646,0.1675858660796220,-2.4058428226131201
8.550,0.750,2.3903643503874563,0.1633090451643071,-2.3905144127185958
8.650,0.750,2.4548961922995729,0.1592897585668071,-2.3805792413781544
8.750,0.750,2.5159263547987014,0.1555260920394227,-2.3750016808844294
8.850,0.750,2.5735651375281341,0.1520076914411475,-2.3729019238597031
8.950,0.750,2.6279380360007449,0.1487181843872954,-2.3735435899816584
9.050,0.750,2.6791801715694343,0.1456368569128876,-2.3763180235633401
9.150,0.750,2.7274321492233851,0.1427398934885511,-2.3807274888752561
9.250,0.750,2.7728371493030579,0.1400014016110185,-2.3863687121002366
9.350,0.750,2.8155390064620098,0.1373943455735383,-2.3929176308232698
9.450,0.750,2.8556810194125086,0.1348914350463626,-2.4001157877061567
9.550,0.750,2.8934052562053534,0.1324659629741143,-2.4077585188319892
9.650,0.750,2.9288521593202113,0.1300925629330101,-2.4156849077891063
9.750,0.750,2.9621603016953206,0.1277478518499408,-2.4237693743327489
9.850,0.750,2.9934661909008375,0.1254109319176340,-2.4319147168611570
9.950,0.750,3.0229040589043374,0.1230637387799040,-2.4400464121766205
5.350,0.850,-0.0230296073162897,-0.0886734051734363,-5.6202541445418470
5.450,0.850,-0.1236933802571603,-0.2018061877187933,-5.6249493632116740
5.550,0.850,-0.2150140337610337,-0.1699887802653506,-5.6332416654403943
5.650,0.850,-0.2847061590945032,-0.1255132695629453,-5.6396048321520773
5.750,0.850,-0.3377124734131737,-0.0906191542561385,-5.6349616170330643
5.850,0.850,-0.3781608293517327,-0.0618783809254159,-5.6139877477468358
5.950,0.850,-0.4066483895543422,-0.0371320095476830,-5.5736152727401018
6.050,0.850,-0.4227524987031752,-0.0153126792612261,-5.5118935859774236
6.150,0.850,-0.4263378512872899,0.0042901065745635,-5.4276335301684773
6.250,0.850,-0.4176139362562223,0.0220970926547661,-5.3204159062490630
6.350,0.850,-0.3969030883256287,0.0382682994934248,-5.1906988666186411
6.450,0.850,-0.3645137810505775,0.0527917622745003,-5.0398946267783016
6.550,0.850,-0.3207451281656089,0.0655799984246892,-4.8703627362958599
6.650,0.850,-0.2659527247301611,0.0765402160880091,-4.6853119594167607
6.750,0.850,-0.2006177260977852,0.0856144637153677,-4.4886268889555341
6.850,0.850,-0.1253910985820222,0.0927982427572375,-4.2846448384874085
6.950,0.850,-0.0411066752879402,0.0981464566151945,-4.0779088221726205
7.050,0.850,0.0512323376019649,0.1017722092525910,-3.8729185042063783
7.150,0.850,0.1504850573693866,0.1038410312622853,-3.6738965559812078
7.250,0.850,0.2554147051707782,0.1045616005142158,-3.4845847018672957
7.350,0.850,0.3647341642605958,0.1041736002251433,-3.3080818004168178
7.450,0.850,0.4771510056459695,0.1029334559251843,-3.1467343345543357
7.550,0.850,0.5914091801586709,0.1010989535591032,-3.0020862675791027
7.650,0.850,0.7063254763237198,0.0989140149617958,-2.8748897770989292
7.750,0.850,0.8208193448404154,0.0965951120888843,-2.7651715636995227
7.850,0.850,0.9339350950410259,0.0943208202654340,-2.6723428569453134
7.950,0.850,1.0448559737660168,0.0922257151042306,-2.5953366886193359
8.050,0.850,1.1529102570622940,0.0903991742406728,-2.5327546033735397
8.150,0.850,1.2575701003064821,0.0888887874590673,-2.4830067916482630
8.250,0.850,1.3584443608006234,0.0877072688969861,-2.4444337696838381
8.350,0.850,1.4552668533080688,0.0868412628932778,-2.4154028456291652
8.450,0.850,1.5478815357010607,0.0862603714615656,-2.3943774307567658
8.550,0.850,1.6362260137917637,0.0859250623081172,-2.3799609493190461
8.650,0.850,1.7203145705505711,0.0857926714464845,-2.3709193641008635
8.750,0.850,1.8002217100536255,0.0858212918213203,-2.3661872773099684
8.850,0.850,1.8760669799497200,0.0859717866324602,-2.3648625241925232
8.950,0.850,1.9480016053333484,0.0862084160929580,-2.3661935396605065
9.050,0.850,2.0161972398172971,0.0864986286775996,-2.3695628807777047
9.150,0.850,2.0808369297148315,0.0868124970925968,-2.3744693644651877
9.250,0.850,2.1421082102144031,0.0871221415579152,-2.3805104645800479
9.350,0.850,2.2001981206110806,0.0874013339783712,-2.3873659622348331
9.450,0.850,2.2552898442083928,0.0876253512360095,-2.3947833642109164
9.550,0.850,2.3075606446918044,0.0877710592270979,-2.4025652760829028
9.650,0.850,2.3571807758858245,0.0878171618896862,-2.4105587083165814
9.750,0.850,2.4043130741697580,0.0877445337312292,-2.4186461736287646
9.850,0.850,2.4491129906471230,0.0875365598945321,-2.4267383750075324
9.950,0.850,2.4917288734534071,0.0871794248176526,-2.4347682645325412
5.350,0.950,-0.0159797499073239,-0.0065609122210644,-5.5468390539739003
5.450,0.950,-0.1570795700705186,-0.0588138371520984,-5.5789431457758436
5.550,0.950,-0.3184226676785799,-0.0483188403023183,-5.5952066888602312
5.650,0.950,-0.4520471725742932,-0.0303945868625231,-5.6095864935889788
5.750,0.950,-0.5587637465079346,-0.0149836169000571,-5.6116131252331476
5.850,0.950,-0.6427050850562896,-0.0030771366951646,-5.5954379571752044
5.950,0.950,-0.7062280716928943,0.0054604414108766,-5.5584106727090319
6.050,0.950,-0.7510279735565768,0.0115973945315489,-5.4991019500387024
6.150,0.950,-0.7783292935202271,0.0161267214063482,-5.4167361211810636
6.250,0.950,-0.7888885901578878,0.0193728008699839,-5.3111682529535980
6.350,0.950,-0.7831403370717527,0.0213529962992775,-5.1829906445025493
6.450,0.950,-0.7614058362149608,0.0219936912641602,-5.0336308286456424
6.550,0.950,-0.7240731005101000,0.0212632313538271,-4.8653893126951866
6.650,0.950,-0.6717158970265751,0.0192216282166450,-4.6813952691836898
6.750,0.950,-0.6051547485370019,0.0160204320776840,-4.4854775810353162
6.850,0.950,-0.5254725881376449,0.0118814439458927,-4.2819645246869928
6.950,0.950,-0.4339974749135399,0.0070710032257789,-4.0754363919740024
7.050,0.950,-0.3322624678228234,0.0018770741384858,-3.8704601097558036
7.150,0.950,-0.2219508622700677,-0.0034092318407941,-3.6713340042416003
7.250,0.950,-0.1048336097681871,-0.0085085139651392,-3.4818661946445024
7.350,0.950,0.0172954225065026,-0.0131656159247059,-3.3052037217410142
7.450,0.950,0.1426817233007195,-0.0171606211732716,-3.1437227506793568
7.550,0.950,0.2696661687773919,-0.0203182999296989,-2.9989835613767002
7.650,0.950,0.3967317707723161,-0.0225153483673575,-2.8717477002941121
7.750,0.950,0.5225388610173951,-0.0236844758125616,-2.7620488735806212
7.850,0.950,0.6459474034086278,-0.0238145328651604,-2.6693044898455356
7.950,0.950,0.7660263447599357,-0.0229463628349167,-2.5924519326813114
8.050,0.950,0.8820512070791647,-0.0211647364546953,-2.5300931564004223
8.150,0.950,0.9934921907609818,-0.0185873849108157,-2.4806330343117002
8.250,0.950,1.0999956334645351,-0.0153525890097121,-2.4424004717804566
8.350,0.950,1.2013616652665733,-0.0116069046600735,-2.4137457046003381
8.450,0.950,1.2975204354892911,-0.0074944063145008,-2.3931114894169982
8.550,0.950,1.3885086046650932,-0.0031484000196176,-2.3790793519237887
8.650,0.950,1.4744471395642347,0.0013139700723526,-2.3703943492745259
8.750,0.950,1.5555209678903070,0.0057942941374515,-2.3659729233561277
8.850,0.950,1.6319607713399360,0.0102130935316471,-2.3648985939330176
8.950,0.950,1.7040270675302447,0.0145082961419865,-2.3664097805103439
9.050,0.950,1.7719966728119754,0.0186326932146808,-2.3698832536633385
9.150,0.950,1.8361515866404041,0.0225510060484430,-2.3748158372805626
9.250,0.950,1.8967702661320651,0.0262370429401607,-2.3808061651461179
9.350,0.950,1.9541211688961837,0.0296712539371501,-2.3875376161953463
9.450,0.950,2.0084583508254448,0.0328388304684022,-2.3947630359326264
9.550,0.950,2.0600188322978430,0.0357283707781998,-2.4022914871975285
9.650,0.950,2.1090214033287236,0.0383310481164709,-2.4099770360770356
9.750,0.950,2.1556665286404160,0.0406401743810294,-2.4177094381967241
9.850,0.950,2.2001370330358472,0.0426510390994220,-2.4254065188274359
9.950,0.950,2.2425992874359495,0.0443609121094671,-2.4330080140895203
5.350,1.050,-0.0081490619648055,0.0870655849499344,-5.5575159810194652
5.450,1.050,-0.1380791688259162,0.1073987935218302,-5.5822466188795765
5.550,1.050,-0.2875441188780058,0.1015693103606921,-5.6009550848948919
5.650,1.050,-0.4091188028887808,0.0884863286095315,-5.6155649324796792
5.750,1.050,-0.4987886779189711,0.0759447465825705,-5.6173704319049191
5.850,1.050,-0.5616565826068721,0.0641754748956964,-5.6018012587084085
5.950,1.050,-0.6020911503165020,0.0520485625106256,-5.5658897257068780
6.050,1.050,-0.6224104950142880,0.0392132492466707,-5.5077168165213237
6.150,1.050,-0.6236848707656445,0.0256322770148223,-5.4263114198226878
6.250,1.050,-0.6065480757772390,0.0112697113509176,-5.3215499171269594
6.350,1.050,-0.5716318678686919,-0.0039091602694484,-5.1940996539543143
6.450,1.050,-0.5197333151235057,-0.0198601628451072,-5.0454172250239662
6.550,1.050,-0.4518606512948318,-0.0364122466218467,-4.8777638845431612
6.650,1.050,-0.3692404597327041,-0.0532647437066860,-4.6941902210931925
6.750,1.050,-0.2733160099815359,-0.0700159994634004,-4.4984545135285616
6.850,1.050,-0.1657391777996867,-0.0862066661926406,-4.2948609686857893
6.950,1.050,-0.0483496113953925,-0.1013652484438954,-4.0880270336800475
7.050,1.050,0.0768640550494026,-0.1150484417752273,-3.8826071109185487
7.150,1.050,0.2078212948810075,-0.1268727920406640,-3.6830094549440999
7.250,1.050,0.3424205732295715,-0.1365369018594155,-3.4931428615172266
7.350,1.050,0.4786163689203529,-0.1438348508770249,-3.3162218107002284
7.450,1.050,0.6144937015432178,-0.1486619333119121,-3.1546464952987234
7.550,1.050,0.7483323651913744,-0.1510136896009992,-3.0099613142615866
7.650,1.050,0.8786550935947930,-0.1509789885894357,-2.8828846408858326
7.750,1.050,1.0042564892107193,-0.1487279205668567,-2.7733953443720489
7.850,1.050,1.1242122518098840,-0.1444955546073487,-2.6808578668640894
7.950,1.050,1.2378706470028997,-0.1385630390205184,-2.6041671585563955
8.050,1.050,1.3448299441110916,-0.1312378347704978,-2.5418966704076396
8.150,1.050,1.4449065122611846,-0.1228348857840632,-2.4924360484068067
8.250,1.050,1.5380983400452208,-0.1136602180195306,-2.4541093582595255
8.350,1.050,1.6245480707332889,-0.1039979343668435,-2.4252688909785398
8.450,1.050,1.7045085045523936,-0.0941010061966039,-2.4043633098125770
8.550,1.050,1.7783122522729891,-0.0841857915548160,-2.3899817469761029
8.650,1.050,1.8463461234251166,-0.0744298912601553,-2.3808773066707536
8.750,1.050,1.9090300708325572,-0.0649727749824629,-2.3759743277968801
8.850,1.050,1.9668001254845742,-0.0559185284652828,-2.3743638842007635
8.950,1.050,2.0200946700755038,-0.0473400551668602,-2.3752915912275685
9.050,1.050,2.0693434936838906,-0.0392840937266999,-2.3781410825393383
9.150,1.050,2.1149592253611829,-0.0317764816157043,-2.3824157164457374
9.250,1.050,2.1573308786754906,-0.0248272000782047,-2.3877203026495590
9.350,1.050,2.1968193155415094,-0.0184348645601210,-2.3937439858433955
9.450,1.050,2.2337544553615585,-0.0125904610406525,-2.4002449123575578
9.550,1.050,2.2684340342247400,-0.0072802540663665,-2.4070369384949859
9.650,1.050,2.3011236834323880,-0.0024878930973201,-2.4139783949897482
9.750,1.050,2.3320580670859519,0.0018041868366469,-2.4209627748854308
9.850,1.050,2.3614428064324344,0.0056139362842582,-2.4279111356509744
9.950,1.050,2.3894569273169934,0.0089592892503917,-2.4347659776977539
5.350,1.150,-0.0099169469984641,0.1436613425894306,-5.6168636239391541
5.450,1.150,-0.0790075178310550,0.2282701449040486,-5.6322549294871687
5.550,1.150,-0.1359632894980963,0.1980746743509378,-5.6421614631112522
5.650,1.150,-0.1630507018943786,0.1539569953172316,-5.6479553575349755
5.750,1.150,-0.1676282863541517,0.1152440641245802,-5.6448690525845446
5.850,1.150,-0.1519653797992457,0.0810908916554347,-5.6266564972705986
5.950,1.150,-0.1175747832341918,0.0489723664678122,-5.5888483449965589
6.050,1.150,-0.0660760285867480,0.0176033753150044,-5.5290429818653539
6.150,1.150,0.0011095207048280,-0.0134978111595821,-5.4462693978141079
6.250,1.150,0.0827749256839302,-0.0444678684676022,-5.3404975205723506
6.350,1.150,0.1777823789315892,-0.0752611970307947,-5.2124323627233906
6.450,1.150,0.2849247640748060,-0.1056759355826012,-5.0634885332129285
6.550,1.150,0.4028400293478528,-0.1353546892330917,-4.8958333288630431
6.650,1.150,0.5299741183552792,-0.1638020949469015,-4.7124148948796529
6.750,1.150,0.6645804761216016,-0.1904263158913388,-4.5169205612526016
6.850,1.150,0.8047478311484078,-0.2145976234669923,-4.3136389479312722
6.950,1.150,0.9484510104128849,-0.2357129033568532,-4.1072284002874779
7.050,1.150,1.0936195669965503,-0.2532551690722060,-3.9024201194805861
7.150,1.150,1.2382171153788977,-0.2668398745921285,-3.7037012625208954
7.250,1.150,1.3803223995700336,-0.2762436124071668,-3.5150272191529881
7.350,1.150,1.5182027092032024,-0.2814144621516304,-3.3396033464482544
7.450,1.150,1.6503717711844328,-0.2824659775112455,-3.1797590066839292
7.550,1.150,1.7756272309222743,-0.2796582979108411,-3.0369171936670791
7.650,1.150,1.8930663648287043,-0.2733703711530883,-2.9116469521478985
7.750,1.150,2.0020818043748050,-0.2640671889377386,-2.8037762073658263
7.850,1.150,2.1023411970288870,-0.2522655901039954,-2.7125397423301902
7.950,1.150,2.1937556989284182,-0.2385016969464124,-2.6367392550132318
8.050,1.150,2.2764421519540856,-0.2233024066989601,-2.5748974532942528
8.150,1.150,2.3506830934495060,-0.2071625527467799,-2.5253940503999601
8.250,1.150,2.4168877509640914,-0.1905284523832374,-2.4865770214561072
8.350,1.150,2.4755561656598659,-0.1737877192637691,-2.4568469325597029
8.450,1.150,2.5272477141362661,-0.1572645905631927,-2.4347153719361914
8.550,1.150,2.5725546018450385,-0.1412196810616374,-2.4188405667719937
8.650,1.150,2.6120803727921875,-0.1258530104435962,-2.4080443421051934
8.750,1.150,2.6464231026361271,-0.1113092660953472,-2.4013148904862600
8.850,1.150,2.6761627058602930,-0.0976844539130527,-2.3977995947882005
8.950,1.150,2.7018516833954460,-0.0850332739398993,-2.3967915851909383
9.050,1.150,2.7240086448394254,-0.0733767011677160,-2.3977129877637795
9.150,1.150,2.7431140247843122,-0.0627093566831045,-2.4000970696374924
9.250,1.150,2.7596075338581598,-0.0530063393669252,-2.4035707953646042
9.350,1.150,2.7738870042731349,-0.0442292710960020,-2.4078387317257341
9.450,1.150,2.7863083824056001,-0.0363313961456726,-2.4126687924432755
9.550,1.150,2.7971866784277406,-0.0292616652678267,-2.4178799956146197
9.650,1.150,2.8067977091959055,-0.0229678181636478,-2.4233321974187931
9.750,1.150,2.8153804763364878,-0.0173985459522304,-2.4289176424856871
9.850,1.150,2.8231400189000979,-0.0125048621276868,-2.4345541108173214
9.950,1.150,2.8302505787231076,-0.0082408350979354,-2.4401794228631091
5.350,1.250,-0.0126007046645637,0.1558386361725513,-5.7693823438083953
5.450,1.250,0.0938468056194091,0.2142145826751392,-5.6856343521510126
5.550,1.250,0.2223622345980229,0.1580856752407547,-5.6687343373705987
5.650,1.250,0.3514807028593510,0.1006113002658792,-5.6647552998083244
5.750,1.250,0.4805473994965848,0.0492981645031347,-5.6571599406183557
5.850,1.250,0.6130478595479644,0.0019947353868707,-5.6360290364621468
5.950,1.250,0.7502787819125819,-0.0424140995973878,-5.5958062513064188
6.050,1.250,0.8921357592573141,-0.0848886333393757,-5.5339470707294938
6.150,1.250,1.0381942900317003,-0.1260491536762549,-5.4495683736346203
6.250,1.250,1.1879343392687467,-0.1661189699575287,-5.3427355325506003
6.350,1.250,1.3406698454673405,-0.2049837891433919,-5.2142195297550060
6.450,1.250,1.4954690285690322,-0.2422623941420947,-5.0654828355740680
6.550,1.250,1.6511331481618556,-0.2773747643000869,-4.8987378774844368
6.650,1.250,1.8062335848401980,-0.3096155169965322,-4.7169827276237921
6.750,1.250,1.9591913708625355,-0.3382350062545312,-4.5239561485472066
6.850,1.250,2.1083800709631957,-0.3625226246487450,-4.3239857329314280
6.950,1.250,2.2522330272275428,-0.3818826980002553,-4.1217347301986420
7.050,1.250,2.3893384306983751,-0.3958933537910118,-3.9218819961199527
7.150,1.250,2.5185104116300123,-0.4043419775839954,-3.7287881203528839
7.250,1.250,2.6388305571165751,-0.4072356763233897,-3.5462037320778794
7.350,1.250,2.7496605062912240,-0.4047896458967688,-3.3770633549012845
7.450,1.250,2.8506310350837492,-0.3973991311268844,-3.2233858003479225
7.550,1.250,2.9416154174019660,-0.3856014184866033,-3.0862784135923804
7.650,1.250,3.0226948217167360,-0.3700335493636472,-2.9660246137079409
7.750,1.250,3.0941217951589515,-0.3513900619703846,-2.8622253795503267
7.850,1.250,3.1562855291556642,-0.3303837537052158,-2.7739650320266720
7.950,1.250,3.2096804780148585,-0.3077114795793638,-2.6999769898154518
8.050,1.250,3.2548785057642586,-0.2840263091775420,-2.6387928472339883
8.150,1.250,3.2925041409568911,-0.2599167797143444,-2.5888656438244251
8.250,1.250,3.3232125153327425,-0.2358933913355448,-2.5486642184700576
8.350,1.250,3.3476698377072536,-0.2123818996606616,-2.5167396742598918
8.450,1.250,3.3665365359557677,-0.1897224591449631,-2.4917673988856590
8.550,1.250,3.3804533276924897,-0.1681733536428353,-2.4725691905721261
8.650,1.250,3.3900304177520462,-0.1479179576585068,-2.4581202501555239
8.750,1.250,3.3958398216580763,-0.1290736739224317,-2.4475454614609009
8.850,1.250,3.3984105723023688,-0.1117018149196938,-2.4401087488901130
8.950,1.250,3.3982263685842065,-0.0958176546774997,-2.4351985489954369
9.050,1.250,3.3957251207647432,-0.0814001113876548,-2.4323116781654606
9.150,1.250,3.3912998462487174,-0.0684007034532266,-2.4310371937870738
9.250,1.250,3.3853004473289072,-0.0567515512769674,-2.4310412707602778
9.350,1.250,3.3780360201507968,-0.0463722890138486,-2.4320536636534302
9.450,1.250,3.3697774644796969,-0.0371758209496687,-2.4338559940089977
9.550,1.250,3.3607602613210479,-0.0290729171102515,-2.4362718779868060
9.650,1.250,3.3511873492553685,-0.0219756961049204,-2.4391587716350749
9.750,1.250,3.3412320617972719,-0.0158000889706774,-2.4424013383061061
9.850,1.250,3.3310410955928851,-0.0104674128615117,-2.4459061154674271
9.950,1.250,3.3207374734771391,-0.0059052053269103,-2.4495972600872649
5.350,1.350,0.6184709288309916,-0.0537529906739229,-5.9127210377666737
5.450,1.350,0.9495244019274534,-0.0293465924992393,-5.7017110497866090
5.550,1.350,1.2487589672558475,-0.0572742050824958,-5.6556427058147749
5.650,1.350,1.5060331272587666,-0.0953715138189233,-5.6457840192305229
5.750,1.350,1.7366914014155399,-0.1356346226905064,-5.6353359367863671
5.850,1.350,1.9483819008311474,-0.1762669642292257,-5.6115678137685885
5.950,1.350,2.1452347404838594,-0.2159759748004141,-5.5688479813442608
6.050,1.350,2.3299506419630420,-0.2547354792224814,-5.5048730766747722
6.150,1.350,2.5042579896608164,-0.2926341471572714,-5.4189653520173051
6.250,1.350,2.6690898014130129,-0.3294540056296592,-5.3113892712348587
6.350,1.350,2.8247609017166537,-0.3646841643883673,-5.1831598054114956
6.450,1.350,2.9711543693629396,-0.3976156011154668,-5.0360282252140927
6.550,1.350,3.1078968523565180,-0.4274356256782474,-4.8725004724025291
6.650,1.350,3.2345116717209526,-0.4533173818516392,-4.6958141674614780
6.750,1.350,3.3505436194832017,-0.4745035181566087,-4.5098336053349932
6.850,1.350,3.4556504112930795,-0.4903777155486360,-4.3188504947243374
6.950,1.350,3.5496577887494509,-0.5005166876776552,-4.1273072779126672
7.050,1.350,3.6325797581650323,-0.5047183309325404,-3.9394839730385303
7.150,1.350,3.7046108280569925,-0.5030063422122358,-3.7592011891036092
7.250,1.350,3.7661008443647077,-0.4956155346243047,-3.5895877473517590
7.350,1.350,3.8175234915943150,-0.4829639310001350,-3.4329438581495291
7.450,1.350,3.8594468222420111,-0.4656174110234750,-3.2907074392995317
7.550,1.350,3.8925098065036621,-0.4442511193016273,-3.1635101900039739
7.650,1.350,3.9174047983020230,-0.4196101839555817,-3.0512969865803785
7.750,1.350,3.9348633760233467,-0.3924713258060952,-2.9534783912571436
7.850,1.350,3.9456425979921899,-0.3636067599260833,-2.8690895766104871
7.950,1.350,3.9505097868607746,-0.3337520089552481,-2.7969363644048295
8.050,1.350,3.9502255971647711,-0.3035793544026369,-2.7357172378610080
8.150,1.350,3.9455264985746390,-0.2736783437874488,-2.6841171121506098
8.250,1.350,3.9371084790691118,-0.2445440479932953,-2.6408735226345885
8.350,1.350,3.9256137024565869,-0.2165728461171103,-2.6048187297103094
8.450,1.350,3.9116212765339982,-0.1900646869991612,-2.5749024713981705
8.550,1.350,3.8956425179631271,-0.1652302453208025,-2.5502002483345962
8.650,1.350,3.8781203993894251,-0.1422012270951393,-2.5299115607096105
8.750,1.350,3.8594323813625997,-0.1210422312727337,-2.5133517672783237
8.850,1.350,3.8398956048224697,-0.1017629171669018,-2.4999404162318326
8.950,1.350,3.8197734143682247,-0.0843296279441101,-2.4891881272046863
9.050,1.350,3.7992823294935003,-0.0686759783295021,-2.4806834417927335
9.150,1.350,3.7785988072163819,-0.0547121795212634,-2.4740805274121351
9.250,1.350,3.7578653836945612,-0.0423330398139053,-2.4690882150294606
9.350,1.350,3.7371960013612853,-0.0314246664537415,-2.4654605622976935
9.450,1.350,3.7166804973665082,-0.0218699327051695,-2.4629889413480726
9.550,1.350,3.6963883401410653,-0.0135527901774957,-2.4614955345389595
9.650,1.350,3.6763717570709495,-0.0063615168370438,-2.4608280622063905
9.750,1.350,3.6566684083000944,-0.0001910028619050,-2.4608555465366031
9.850,1.350,3.6373037435077009,0.0050558101155992,-2.4614649208300143
9.950,1.350,3.6182931439566430,0.0094672086981464,-2.4625583127159496
5.350,1.450,3.0956458680053389,-0.3208917890787320,-6.0017460816064565
5.450,1.450,3.2397204682059555,-0.2992126071294277,-5.7363249297021612
5.550,1.450,3.3964391135074177,-0.2965244807215229,-5.6421272888555452
5.650,1.450,3.5458607663216877,-0.3076593822329991,-5.6071527045087413
5.750,1.450,3.6826483775491359,-0.3267491151174946,-5.5835851785927879
5.850,1.450,3.8059451583164110,-0.3496690964884808,-5.5512615148409568
5.950,1.450,3.9167919556168767,-0.3745410689843043,-5.5019883273556873
6.050,1.450,4.0164625421937812,-0.4005247361327135,-5.4333312490758043
6.150,1.450,4.1057261741469091,-0.4268799377612388,-5.3449046777477047
6.250,1.450,4.1849226477686958,-0.4527621907257464,-5.2371715489901396
6.350,1.450,4.2541573474165473,-0.4772552540314952,-5.1113097726618388
6.450,1.450,4.3134396641746653,-0.4994319669325579,-4.9692556104669716
6.550,1.450,4.3627756063489018,-0.5184071483683537,-4.8136814375197821
6.650,1.450,4.4022289460807755,-0.5333856191167482,-4.6478818100273207
6.750,1.450,4.4319551722438604,-0.5437067286196472,-4.4755815820875053
6.850,1.450,4.4522127722138416,-0.5488815298061389,-4.3006881418510305
6.950,1.450,4.4633596064656880,-0.5486181261810950,-4.1270191941740588
7.050,1.450,4.4658434584813103,-0.5428331021750049,-3.9580447581211087
7.150,1.450,4.4601941088417583,-0.5316495425292262,-3.7966806595668721
7.250,1.450,4.4470202816402207,-0.5153834934344682,-3.6451594890999566
7.350,1.450,4.4270102563714842,-0.4945208110173970,-3.5049876987466817
7.450,1.450,4.4009316778266019,-0.4696859681315182,-3.3769803624411776
7.550,1.450,4.3696253003057910,-0.4416043498932955,-3.2613531598463936
7.650,1.450,4.3339890845619014,-0.4110601547371059,-3.1578464465536826
7.750,1.450,4.2949522145223407,-0.3788529381257081,-3.0658580238603341
7.850,1.450,4.2534417856184374,-0.3457565091696027,-2.9845669446439533
7.950,1.450,4.2103469729468825,-0.3124838483294995,-2.9130376989450055
8.050,1.450,4.1664859230000815,-0.2796608501615954,-2.8503004357953010
8.150,1.450,4.1225796195972038,-0.2478102619686628,-2.7954075050171205
8.250,1.450,4.0792351628824219,-0.2173456244996002,-2.7474693681853095
8.350,1.450,4.0369389562690952,-0.1885737345441046,-2.7056741362132688
8.450,1.450,3.9960587315937022,-0.1617033849289576,-2.6692951224012855
8.550,1.450,3.9568523960624775,-0.1368579378533274,-2.6376903141348760
8.650,1.450,3.9194813523118306,-0.1140895407985282,-2.6102969142096364
8.750,1.450,3.8840260755541403,-0.0933933135488875,-2.5866233093942825
8.850,1.450,3.8505021343835426,-0.0747204325063801,-2.5662401109509134
8.950,1.450,3.8188753436372780,-0.0579895737601153,-2.5487713295026047
9.050,1.450,3.7890752228253626,-0.0430965731084084,-2.5338863026616321
9.150,1.450,3.7610063414996309,-0.0299224020200731,-2.5212926748230329
9.250,1.450,3.7345574436980589,-0.0183396662332220,-2.5107305129617958
9.350,1.450,3.7096084607238797,-0.0082178501249473,-2.5019675074369303
9.450,1.450,3.6860356583447089,0.0005725016271061,-2.4947951319807005
9.550,1.450,3.6637152366330499,0.0081565192534813,-2.4890256046558652
9.650,1.450,3.6425257228881782,0.0146525530844496,-2.4844894873688932
9.750,1.450,3.6223494836512642,0.0201704454334373,-2.4810337744784641
9.850,1.450,3.6030736426270376,0.0248104541573088,-2.4785203429242473
9.950,1.450,3.5845906378769778,0.0286627504672793,-2.4768246613555860
5.350,1.550,5.1614751876322984,-0.3098533258027452,-5.9287704369660981
5.450,1.550,5.1086645508024571,-0.3336856267824612,-5.6986076462857707
5.550,1.550,5.0848995250783497,-0.3491255474572930,-5.5883316323131123
5.650,1.550,5.0751921704915315,-0.3641526138836731,-5.5335783499381490
5.750,1.550,5.0707821665787192,-0.3808567560561102,-5.4952943691493514
5.850,1.550,5.0676126736240796,-0.3989208776367713,-5.4536900525098586
5.950,1.550,5.0633450404601756,-0.4181318525871800,-5.3981181909409308
6.050,1.550,5.0564020472194890,-0.4379846695595931,-5.3253648277900743
6.150,1.550,5.0456068723935177,-0.4577080442765733,-5.2357280374966244
6.250,1.550,5.0299917430144223,-0.4764976393110005,-5.1303438929367902
6.350,1.550,5.0087845099150776,-0.4935236090444384,-5.0106403910555768
6.450,1.550,4.9813752336760571,-0.5079437688988502,-4.8784930958825656
6.550,1.550,4.9472792546702298,-0.5189598446645948,-4.7363227737399107
6.650,1.550,4.9061376712278761,-0.5258788551425588,-4.5870085929213156
6.750,1.550,4.8577486980851292,-0.5281613807398016,-4.4336818693379634
6.850,1.550,4.8021067818321175,-0.5254551686327470,-4.2794786311682280
6.950,1.550,4.7394337234792960,-0.5176156192431018,-4.1273075626721232
7.050,1.550,4.6701955018403076,-0.5047132785093830,-3.9796690662611307
7.150,1.550,4.5951025705203712,-0.4870275537059237,-3.8385437079180211
7.250,1.550,4.5150921064027845,-0.4650263267459296,-3.7053528943141858
7.350,1.550,4.4312914197820463,-0.4393324802878943,-3.5809821147520093
7.450,1.550,4.3449639428335924,-0.4106800345282595,-3.4658491521664758
7.550,1.550,4.2574423665559378,-0.3798641506771914,-3.3599970493502593
7.650,1.550,4.1700562300109247,-0.3476902441981743,-3.2631935339149147
7.750,1.550,4.0840624336347204,-0.3149275257127313,-3.1750232946798276
7.850,1.550,4.0005863669598813,-0.2822713694275261,-3.0949650480324804
7.950,1.550,3.9205789988357571,-0.2503172346821754,-3.0224502874864974
8.050,1.550,3.8447922100876082,-0.2195468903062056,-2.9569042179366254
8.150,1.550,3.7737717279027709,-0.1903258991908101,-2.8977714908115542
8.250,1.550,3.7078648630277411,-0.1629100613691803,-2.8445302132175159
8.350,1.550,3.6472391015240313,-0.1374579250975876,-2.7966976941104522
8.450,1.550,3.5919073891612294,-0.1140464993376192,-2.7538308984914992
8.550,1.550,3.5417564059767703,-0.0926877591279610,-2.7155239039659955
8.650,1.550,3.4965749456892796,-0.0733442121152082,-2.6814039822444857
8.750,1.550,3.4560804187503025,-0.0559425009562528,-2.6511273578590697
8.850,1.550,3.4199423086802989,-0.0403846224150880,-2.6243752592596525
8.950,1.550,3.3878020427380471,-0.0265567846476832,-2.6008505679782581
9.050,1.550,3.3592891760228616,-0.0143361882249230,-2.5802751675625970
9.150,1.550,3.3340340613697710,-0.0035961285753768,-2.5623879695872920
9.250,1.550,3.3116773302741898,0.0057901799775595,-2.5469435260138016
9.350,1.550,3.2918765848959075,0.0139467203046708,-2.5337111071066296
9.450,1.550,3.2743107295730010,0.0209924780154797,-2.5224741184791806
9.550,1.550,3.2586823717143449,0.0270397716047165,-2.5130297400312083
9.650,1.550,3.2447187063895173,0.0321930107019819,-2.5051886868631610
9.750,1.550,3.2321712707162633,0.0365478311230640,-2.4987750131080255
9.850,1.550,3.2208149153472854,0.0401905787081302,-2.4936259009001733
9.950,1.550,3.2104462929762745,0.0431981203625104,-2.4895913963949958
5.350,1.650,5.4489074317670125,-0.2486643231819058,-5.6386480303612636
5.450,1.650,5.4093959323470395,-0.2939919517267663,-5.5335303427434486
5.550,1.650,5.3754349984570231,-0.3218927779623696,-5.4698277710521079
5.650,1.650,5.3441323741245705,-0.3420643561344003,-5.4288899266868214
5.750,1.650,5.3120623672847316,-0.3590609624110498,-5.3911599431952419
5.850,1.650,5.2762275213673018,-0.3750207516642089,-5.3454530879487239
5.950,1.650,5.2347374793659966,-0.3904493886396569,-5.2864836994686399
6.050,1.650,5.1861252968646570,-0.4053343336975200,-5.2123588793492619
6.150,1.650,5.1294846870805806,-0.4192553997467210,-5.1238983105889542
6.250,1.650,5.0642873197965086,-0.4315180965249971,-5.0229787418306326
6.350,1.650,4.9900774117554434,-0.4413809388824387,-4.9114961984109682
6.450,1.650,4.9065069740956160,-0.4481352297296956,-4.7912761026432857
6.550,1.650,4.8134651145419065,-0.4511629959329839,-4.6642551093033227
6.650,1.650,4.7111634710727293,-0.4500076994999323,-4.5325533763496910
6.750,1.650,4.6001870362406132,-0.4444219665281302,-4.3983970813687137
6.850,1.650,4.4815168528704818,-0.4343784591360487,-4.2639658358591044
6.950,1.650,4.3565108399003201,-0.4200557885740553,-4.1312385450478901
7.050,1.650,4.2268378085394884,-0.4018135661382737,-4.0018810162479292
7.150,1.650,4.0943771071190378,-0.3801622176502389,-3.8771905649721816
7.250,1.650,3.9611039288221437,-0.3557272898503986,-3.7580938514963065
7.350,1.650,3.8289775545203466,-0.3292076953255422,-3.6451839958952399
7.450,1.650,3.6998433884738264,-0.3013299699748746,-3.5387798738269987
7.550,1.650,3.5753543629685831,-0.2728030065897873,-3.4389921714319689
7.650,1.650,3.4569141626596656,-0.2442783942964331,-3.3457850066842565
7.750,1.650,3.3456428596660164,-0.2163204641862778,-3.2590267744239725
7.850,1.650,3.2423640167197516,-0.1893881562263448,-3.1785280450747599
7.950,1.650,3.1476108107504785,-0.1638286949030443,-3.1040672397318332
8.050,1.650,3.0616474438721584,-0.1398813666430936,-3.0354063640279025
8.150,1.650,2.9845013379092347,-0.1176886961289370,-2.9722995769377589
8.250,1.650,2.9160014967121399,-0.0973120279445538,-2.9144971757252152
8.350,1.650,2.8558189040832667,-0.0787487803057975,-2.8617470432432741
8.450,1.650,2.8035057007766868,-0.0619492308118042,-2.8137949839605940
8.550,1.650,2.7585309096715727,-0.0468314112333560,-2.7703848212045390
8.650,1.650,2.7203114506894810,-0.0332933708256373,-2.7312587052449304
8.750,1.650,2.6882379785707977,-0.0212226204042734,-2.6961577980575502
8.850,1.650,2.6616956367263618,-0.0105029544684980,-2.6648233338790122
8.950,1.650,2.6400801576811519,-0.0010190696296665,-2.6369979726593757
9.050,1.650,2.6228098984251353,0.0073405173380282,-2.6124273353995457
9.150,1.650,2.6093344330771919,0.0146817610645979,-2.5908616121094554
9.250,1.650,2.5991402882084205,0.0211041698118928,-2.5720571485958987
9.350,1.650,2.5917543387002735,0.0267003579249709,-2.5557779380358405
9.450,1.650,2.5867453104350906,0.0315558492269447,-2.5417969626118424
9.550,1.650,2.5837237737044796,0.0357490005470291,-2.5298973475639661
9.650,1.650,2.5823409616608277,0.0393509826977305,-2.5198733045028652
9.750,1.650,2.5822867094418713,0.0424258022142041,-2.5115308529611888
9.850,1.650,2.5832867774680843,0.0450303731486489,-2.5046883192646061
9.950,1.650,2.5850997925763410,0.0472146583815114,-2.4991766201245196
5.350,1.750,5.1832583510462458,-0.2156321462407081,-5.3153365086553475
5.450,1.750,5.1463199612092456,-0.2582899587295839,-5.3342270394615694
5.550,1.750,5.0989479651187519,-0.2836053739974484,-5.3359692381554638
5.650,1.750,5.0414837246920570,-0.2989625089469667,-5.3242202749093774
5.750,1.750,4.9728571645382784,-0.3089034433859784,-5.2983532662885873
5.850,1.750,4.8922194213454144,-0.3160372494764784,-5.2554481812551703
5.950,1.750,4.7990110472469389,-0.3217752268911550,-5.1957189287463921
6.050,1.750,4.6935762182158394,-0.3263660581485788,-5.1219644099860719
6.150,1.750,4.5764811752226819,-0.3297795837850898,-5.0367315198680487
6.250,1.750,4.4484615925266668,-0.3316023529963472,-4.9419784057912288
6.350,1.750,4.3104035977447195,-0.3311946534285084,-4.8393558228914983
6.450,1.750,4.1633079652710423,-0.3280870275184837,-4.7303488189390350
6.550,1.750,4.0084923019379524,-0.3220573979457323,-4.6163847454327174
6.650,1.750,3.8477074275187158,-0.3130605993915365,-4.4989034627857158
6.750,1.750,3.6830373441303128,-0.3011964702046140,-4.3793607676045854
6.850,1.750,3.5167170517582318,-0.2867095027596999,-4.2591797859676239
6.950,1.750,3.3509918630906097,-0.2699724897484904,-4.1396837759957998
7.050,1.750,3.1880343773919257,-0.2514463665933950,-4.0220381457184367
7.150,1.750,3.0298828995941958,-0.2316342018304975,-3.9072163388615255
7.250,1.750,2.8783761286219050,-0.2110440816398409,-3.7959923125073316
7.350,1.750,2.7350863850688056,-0.1901633097829717,-3.6889544594920163
7.450,1.750,2.6012668579180827,-0.1694396322778531,-3.5865323208992841
7.550,1.750,2.4778250651849749,-0.1492656811787765,-3.4890274568707387
7.650,1.750,2.3653250447458181,-0.1299660470859800,-3.3966420344515593
7.750,1.750,2.2640130644250194,-0.1117885782298850,-3.3095016385820841
7.850,1.750,2.1738584994741390,-0.0949016226478399,-3.2276714438572189
7.950,1.750,2.0946019081365637,-0.0793977137230282,-3.1511666447103517
8.050,1.750,2.0258042820605531,-0.0653027566328891,-3.0799588470650296
8.150,1.750,1.9668935635008398,-0.0525888184809590,-3.0139801872021321
8.250,1.750,1.9172062094545435,-0.0411883549040005,-2.9531265775367745
8.350,1.750,1.8760227592302197,-0.0310079818901901,-2.8972609647305712
8.450,1.750,1.8425971372381016,-0.0219404672700775,-2.8462170098859412
8.550,1.750,1.8161799244871446,-0.0138742407112698,-2.7998032528473220
8.650,1.750,1.7960361469786843,-0.0067002548584777,-2.7578076198169517
8.750,1.750,1.7814583058870135,-0.0003164075043443,-2.7200020516121972
8.850,1.750,1.7717754431622124,0.0053700504767636,-2.6861470299223740
8.950,1.750,1.7663590219170602,0.0104416167060486,-2.6559958231086469
9.050,1.750,1.7646263287463944,0.0149706587321779,-2.6292983326305244
9.150,1.750,1.7660419997021402,0.0190201369394892,-2.6058044779507212
9.250,1.750,1.7701181548369711,0.0226446065499832,-2.5852671028154468
9.350,1.750,1.7764135147352498,0.0258912748145598,-2.5674444166517256
9.450,1.750,1.7845317768981388,0.0288009768483156,-2.5521020027892800
9.550,1.750,1.7941194551193493,0.0314090031269076,-2.5390144333239597
9.650,1.750,1.8048633313829965,0.0337457617053254,-2.5279665320302183
9.750,1.750,1.8164876345886043,0.0358372901875162,-2.5187543246887647
9.850,1.750,1.8287510392336510,0.0377056495074042,-2.5111857126558932
9.950,1.750,1.8414435653537375,0.0393692374395965,-2.5050809018150524
5.350,1.850,4.3862819381541414,-0.1652833222447372,-5.0773388774404218
5.450,1.850,4.2860322533870967,-0.1869921269214294,-5.1834033228938692
5.550,1.850,4.1637906669202733,-0.1960154971673038,-5.2391500676039753
5.650,1.850,4.0256552771650460,-0.1971138519096824,-5.2559645737889644
5.750,1.850,3.8760276243991920,-0.1944160804153209,-5.2434274454447340
5.850,1.850,3.7182929309914607,-0.1902236742265628,-5.2066556098442911
5.950,1.850,3.5545525637283402,-0.1856226850703801,-5.1488920984983970
6.050,1.850,3.3866372070243131,-0.1814218003516783,-5.0761665174444248
6.150,1.850,3.2165615368493721,-0.1774087070626953,-4.9940624781321983
6.250,1.850,3.0456204503454622,-0.1730646801807542,-4.9051826786393580
6.350,1.850,2.8749067947180698,-0.1677990216306448,-4.8102939809666561
6.450,1.850,2.7056534746878609,-0.1612017561113881,-4.7098241489358026
6.550,1.850,2.5391188329214147,-0.1532682020233214,-4.6044681719070448
6.650,1.850,2.3766151644428648,-0.1442477084913709,-4.4952240772250800
6.750,1.850,2.2195737502453747,-0.1344040075243355,-4.3832538408075781
6.850,1.850,2.0694551285807465,-0.1239292092297364,-4.2697514595830883
6.950,1.850,1.9275597435399561,-0.1129862242707564,-4.1558614441300836
7.050,1.850,1.7948826235563444,-0.1017683652763457,-4.0426376227082432
7.150,1.850,1.6720818924776020,-0.0905145760689108,-3.9310241678685358
7.250,1.850,1.5595338313724416,-0.0794831066630061,-3.8218475390187652
7.350,1.850,1.4574091835797496,-0.0689129399259054,-3.7158147803468369
7.450,1.850,1.3657251430624500,-0.0589957982900351,-3.6135165846128126
7.550,1.850,1.2843647691669851,-0.0498650936659969,-3.5154338820629474
7.650,1.850,1.2130788948361737,-0.0415973655926159,-3.4219463742600764
7.750,1.850,1.1514885302754991,-0.0342194902160398,-3.3333414734499054
7.850,1.850,1.0990974453021698,-0.0277173105914797,-3.2498226508776638
7.950,1.850,1.0553154270518792,-0.0220441515500617,-3.1715169065206199
8.050,1.850,1.0194876255839018,-0.0171291301752912,-3.0984816050371018
8.150,1.850,0.9909245179473596,-0.0128853628390344,-3.0307111316585815
8.250,1.850,0.9689284639179653,-0.0092178468187375,-2.9681437505366191
8.350,1.850,0.9528148305777560,-0.0060305280240159,-2.9106688316211211
8.450,1.850,0.9419272783383202,-0.0032320541542650,-2.8581343831030521
8.550,1.850,0.9356477702036209,-0.0007399033659367,-2.8103546665638861
8.650,1.850,0.9334022874825292,0.0015171586691970,-2.7671176066031968
8.750,1.850,0.9346633061129118,0.0035981126906537,-2.7281917223391634
8.850,1.850,0.9389499797229840,0.0055498890662332,-2.6933323743430067
8.950,1.850,0.9458268006506024,0.0074083691565267,-2.6622872063009133
9.050,1.850,0.9549013288545107,0.0091998350618087,-2.6348007428951159
9.150,1.850,0.9658214178209900,0.0109425816353495,-2.6106181709022183
9.250,1.850,0.9782722346896260,0.0126484849453086,-2.5894883746096773
9.350,1.850,0.9919732688205002,0.0143243999562314,-2.5711663203112685
9.450,1.850,1.0066754455306912,0.0159733263752084,-2.5554148918080535
9.550,1.850,1.0221584055491644,0.0175953308769824,-2.5420062744473566
9.650,1.850,1.0382279718735361,0.0191882460790059,-2.5307229739530892
9.750,1.850,1.0547138006637460,0.0207481839900212,-2.5213585419387305
9.850,1.850,1.0714671986079178,0.0222699076584473,-2.5137180652902709
9.950,1.850,1.0883590833132837,0.0237471030520702,-2.5076184632988445
5.350,1.950,2.2152355652577675,-0.0404272239345545,-4.9888980872635260
5.450,1.950,2.0820461208056735,-0.0432414366504659,-5.1322934350152192
5.550,1.950,1.9446963715337253,-0.0419625381455613,-5.2135105228622063
5.650,1.950,1.8090486600243907,-0.0386403451246487,-5.2446441694436503
5.750,1.950,1.6781140730798998,-0.0349548069732570,-5.2381376154981059
5.850,1.950,1.5525459001397188,-0.0316711777524836,-5.2039654042704377
5.950,1.950,1.4325392753932711,-0.0285775556267570,-5.1475781174025599
6.050,1.950,1.3179595511233084,-0.0270877804518055,-5.0753486272743276
6.150,1.950,1.2096438667117240,-0.0272963651446486,-4.9943763019419025
6.250,1.950,1.1084109533955329,-0.0274646330601528,-4.9082323099877554
6.350,1.950,1.0136066294351664,-0.0267784347149754,-4.8170957336088902
6.450,1.950,0.9244976319375148,-0.0253372373191511,-4.7203129856137975
6.550,1.950,0.8411733049776769,-0.0233565092608053,-4.6178980494327559
6.650,1.950,0.7640369086955590,-0.0210183128147426,-4.5106985159019244
6.750,1.950,0.6932695938304917,-0.0184938736496295,-4.4000273466558966
6.850,1.950,0.6287827082740463,-0.0159069125057611,-4.2872905677774664
6.950,1.950,0.5703884713003758,-0.0133097924510777,-4.1737785822549496
7.050,1.950,0.5179125670378193,-0.0107126406948311,-4.0606037500888617
7.150,1.950,0.4711869303270660,-0.0081362477303384,-3.9487156828618177
7.250,1.950,0.4299913582847453,-0.0056473660419255,-3.8389373179740529
7.350,1.950,0.3940227177361983,-0.0033573021181642,-3.7319925195486130
7.450,1.950,0.3629169955784932,-0.0013915761564891,-3.6285180947941695
7.550,1.950,0.3362993478498960,0.0001476462638054,-3.5290643625979490
7.650,1.950,0.3138249756159569,0.0012073684278225,-3.4340910621943270
7.750,1.950,0.2951917313677208,0.0017906342114089,-3.3439637189424469
7.850,1.950,0.2801284313913454,0.0019479585278365,-3.2589529526649059
7.950,1.950,0.2683739933133028,0.0017612597546098,-3.1792372567401679
8.050,1.950,0.2596607404998562,0.0013272504920577,-3.1049087950347616
8.150,1.950,0.2537077751618244,0.0007440973720631,-3.0359814578113102
8.250,1.950,0.2502237762496137,0.0001023887511661,-2.9724004170093794
8.350,1.950,0.2489154405099163,-0.0005200722350262,-2.9140525009791252
8.450,1.950,0.2494975548766867,-0.0010606111829382,-2.8607767909379702
8.550,1.950,0.2517018916588265,-0.0014720682414305,-2.8123749244290335
8.650,1.950,0.2552835625959589,-0.0017219202973189,-2.7686206890834058
8.750,1.950,0.2600245681059372,-0.0017906408371076,-2.7292686060769884
8.850,1.950,0.2657349062630592,-0.0016696637210017,-2.6940613266940687
8.950,1.950,0.2722518545399306,-0.0013592245193155,-2.6627357819764939
9.050,1.950,0.2794380519286329,-0.0008662812098675,-2.6350281215761417
9.150,1.950,0.2871789116494278,-0.0002026525897331,-2.6106775467774623
9.250,1.950,0.2953797635477026,0.0006165451884189,-2.5894291835401968
9.350,1.950,0.3039630011807031,0.0015741340333914,-2.5710361580064265
9.450,1.950,0.3128654073977573,0.0026517915181771,-2.5552610350324323
9.550,1.950,0.3220357562883833,0.0038306889778492,-2.5418767661156831
9.650,1.950,0.3314327352067180,0.0050919043787983,-2.5306672720399370
9.750,1.950,0.3410231931635470,0.0064166695296306,-2.5214277619101653
9.850,1.950,0.3507806967353134,0.0077865081989761,-2.5139648669842942
9.950,1.950,0.3606843585075302,0.0091833131520149,-2.5080966467112815
