0.050,0.050,0.0007713862365844,0.0006161835605136,0.2964448138668603
0.150,0.050,0.0028853574723220,0.0005006937999715,0.2990118926463037
0.250,0.050,0.0048023187326853,0.0001433435755451,0.3002082180994989
0.350,0.050,0.0057053449404113,0.0000126331736530,0.3014634422218263
0.450,0.050,0.0063437039039778,0.0000616347868713,0.3023763851907768
0.550,0.050,0.0068227007254864,0.0000669481605259,0.3029147874186044
0.650,0.050,0.0071289611520500,0.0000493225381183,0.3032322277144424
0.750,0.050,0.0072965616381686,0.0000266741717903,0.3034245207152164
0.850,0.050,0.0073874798177240,0.0000311123294947,0.3035264663462689
0.950,0.050,0.0074449092371531,0.0000835920712068,0.3035392144278708
1.050,0.050,0.0074923126882326,0.0001842415952382,0.3034882656511613
1.150,0.050,0.0075372731607237,0.0003085242278617,0.3033820320307585
1.250,0.050,0.0075799825867259,0.0004278537349226,0.3032308357587383
1.350,0.050,0.0076142822567444,0.0005159715187732,0.3030562089037017
1.450,0.050,0.0076326596889548,0.0005601896633010,0.3028903636849614
1.550,0.050,0.0076224039785409,0.0005547578053985,0.3027257341905139
1.650,0.050,0.0075730729561559,0.0005062042010464,0.3025745447619537
1.750,0.050,0.0074804135371998,0.0004245941819686,0.3024584361354052
1.850,0.050,0.0073488391724004,0.0003285792850184,0.3023782728964868
1.950,0.050,0.0071945172168946,0.0002364052281374,0.3023443495130089
2.050,0.050,0.0070421831928818,0.0001679898730189,0.3023672684801646
2.150,0.050,0.0069152638241261,0.0001347151827428,0.3024397080361245
2.250,0.050,0.0068331195694706,0.0001397669292997,0.3025890239250533
2.350,0.050,0.0067972557641354,0.0001707301141354,0.3028200732139044
2.450,0.050,0.0067851890520793,0.0002066751361039,0.3031469551751367
2.550,0.050,0.0067619125679755,0.0002215503962447,0.3035921408104190
2.650,0.050,0.0066856591716380,0.0002005399840429,0.3041827885051833
2.750,0.050,0.0065236363528200,0.0001426763014004,0.3049076584526467
2.850,0.050,0.0062558232076960,0.0000634188100033,0.3057725185682112
2.950,0.050,0.0058695518934322,0.0000206690066413,0.3067825688464167
3.050,0.050,0.0053542415692961,0.0000944154535426,0.3079821096961224
3.150,0.050,0.0047033167142209,0.0001471833556744,0.3094958625198232
3.250,0.050,0.0038950721322329,0.0001615433702352,0.3115046879044967
3.350,0.050,0.0028636681969200,0.0001134503556803,0.3141986096922955
3.450,0.050,0.0015031123370161,0.0000410482133053,0.3177405525597083
3.550,0.050,0.0003110295588073,0.0003579390656728,0.3222575278583069
3.650,0.050,0.0027329733159688,0.0008467958325630,0.3281365941531491
3.750,0.050,0.0060988961421414,0.0013922676779927,0.3363322965972286
3.850,0.050,0.0110431565349939,0.0019307833835526,0.3480117180744022
3.950,0.050,0.0179965716244028,0.0027848840714895,0.3642637862119820
4.050,0.050,0.0274517035455557,0.0036110448089772,0.3873428309522664
4.150,0.050,0.0409532512843314,0.0037789299762228,0.4217823077251532
4.250,0.050,0.0595165736397129,0.0047585744161924,0.4731223216850653
4.350,0.050,0.0821251324556878,0.0069836029564370,0.5472851689238052
4.450,0.050,0.1072562404673905,0.0087074632127601,0.6510285988115352
4.550,0.050,0.1349694992605601,0.0094725889619664,0.7900747217355493
4.650,0.050,0.1617499291069585,0.0110358944613964,0.9624133856227031
0.050,0.150,0.0030898222536214,0.0016264292256071,0.3013671789608479
0.150,0.150,0.0010008666165409,0.0023505752799365,0.3006750030698786
0.250,0.150,0.0005061057209235,0.0016384747003379,0.3003443205631076
0.350,0.150,0.0010886228016191,0.0010365731399231,0.3014701069284627
0.450,0.150,0.0016481324077858,0.0007086109651930,0.3023966549949790
0.550,0.150,0.0022324705326694,0.0004940572672483,0.3028691029123056
0.650,0.150,0.0026928011062246,0.0003309240730920,0.3031221954059289
0.750,0.150,0.0030023053442220,0.0002114093172287,0.3033082551315394
0.850,0.150,0.0032079044710134,0.0001129660353546,0.3034152446961640
0.950,0.150,0.0033542795420686,0.0000101480826939,0.3034252025128632
1.050,0.150,0.0034649689157787,0.0001128137943587,0.3033530587798561
1.150,0.150,0.0035482801653870,0.0002473617193116,0.3032457570306830
1.250,0.150,0.0036067702442535,0.0003766138343081,0.3031216169911310
1.350,0.150,0.0036446638226925,0.0004796393144150,0.3029998988130842
1.450,0.150,0.0036612720447990,0.0005481282935595,0.3028705318415388
1.550,0.150,0.0036527908960179,0.0005756994282773,0.3027439553752038
1.650,0.150,0.0036102000749810,0.0005684789870341,0.3026110052026794
1.750,0.150,0.0035270899150691,0.0005316053031757,0.3025227880554984
1.850,0.150,0.0033941643134596,0.0004782965189072,0.3024605270398264
1.950,0.150,0.0032100364165066,0.0004197145724230,0.3024454358764355
2.050,0.150,0.0029758406725950,0.0003707259982162,0.3024887821576430
2.150,0.150,0.0027001781948635,0.0003411824477983,0.3026024122895619
2.250,0.150,0.0023880619365682,0.0003396604739887,0.3027700927839763
2.350,0.150,0.0020439641474785,0.0003648699502190,0.3030099966829347
2.450,0.150,0.0016629043866865,0.0004115179895451,0.3033184218573233
2.550,0.150,0.0012255435237128,0.0004650969642016,0.3037343027508497
2.650,0.150,0.0007024672970624,0.0005147455878685,0.3042534332850386
2.750,0.150,0.0000575514792177,0.0005538889341814,0.3049212114995430
2.850,0.150,0.0007478675289970,0.0005937656476365,0.3057642630381090
2.950,0.150,0.0017538686363927,0.0006547630343024,0.3068350670170625
3.050,0.150,0.0030257805295044,0.0007642580935626,0.3081675956984076
3.150,0.150,0.0046559084278797,0.0009433126072425,0.3098503171368572
3.250,0.150,0.0067725986540357,0.0012234747919734,0.3120209445809436
3.350,0.150,0.0095241598972221,0.0016613729849101,0.3149106114134059
3.450,0.150,0.0131025231350699,0.0023555892860266,0.3187348426413461
3.550,0.150,0.0177909260639136,0.0034219679258984,0.3237467767357587
3.650,0.150,0.0240042168771274,0.0049659519521598,0.3302105159954563
3.750,0.150,0.0323275279165193,0.0070662533006666,0.3387727054018530
3.850,0.150,0.0435457870286338,0.0098811095406304,0.3507566339284236
3.950,0.150,0.0586905124568200,0.0136714303640906,0.3679975758085936
4.050,0.150,0.0790249457694818,0.0186117301012711,0.3926892919189982
4.150,0.150,0.1063683982329171,0.0247121923196509,0.4288205210686931
4.250,0.150,0.1424203332479790,0.0324183908456212,0.4823080034215290
4.350,0.150,0.1879796867432637,0.0409275237453841,0.5599347599210964
4.450,0.150,0.2427512333415911,0.0480413345271364,0.6689138904846681
4.550,0.150,0.3043219961249588,0.0515633824889695,0.8147222733727326
4.650,0.150,0.3650504066198617,0.0487180361202296,0.9934173613898118
0.050,0.250,0.0026032516071056,0.0010714646233336,0.3040949113073346
0.150,0.250,0.0013164545848079,0.0020107670535560,0.3016463584263063
0.250,0.250,0.0005421970370211,0.0018350207993254,0.3002269904978823
0.350,0.250,0.0006285773504461,0.0014634719753577,0.3013631547775288
0.450,0.250,0.0005565286588830,0.0011858753932940,0.3024286732887180
0.550,0.250,0.0002411252074845,0.0009375754037222,0.3028062291982474
0.650,0.250,0.0000779920937487,0.0006882609503650,0.3029563028813378
0.750,0.250,0.0003058951580019,0.0004700941122459,0.3031252642386395
0.850,0.250,0.0004597954611715,0.0002963084264292,0.3032934545286841
0.950,0.250,0.0005767534739604,0.0001492562178707,0.3033336421794948
1.050,0.250,0.0006741136975771,0.0000004241572361,0.3032499863142544
1.150,0.250,0.0007547999142442,0.0001558268915006,0.3031074941630143
1.250,0.250,0.0008165438891230,0.0003098704054414,0.3029918641837313
1.350,0.250,0.0008604441125161,0.0004425409507263,0.3028795594618692
1.450,0.250,0.0008813450951346,0.0005436638321930,0.3027979630718591
1.550,0.250,0.0008707742977208,0.0006086737184726,0.3026955162890763
1.650,0.250,0.0008155859963096,0.0006434392334684,0.3025917982366715
1.750,0.250,0.0007068204678893,0.0006544032392675,0.3024875423376137
1.850,0.250,0.0005367884762550,0.0006531272013582,0.3024145964832998
1.950,0.250,0.0003037552308055,0.0006481970299222,0.3023758386972450
2.050,0.250,0.0000101492134945,0.0006513613198812,0.3024150834402413
2.150,0.250,0.0003409411382523,0.0006704426549001,0.3025170733086231
2.250,0.250,0.0007456538365279,0.0007145386664098,0.3026977508156086
2.350,0.250,0.0012036246336407,0.0007872099861541,0.3029551317231856
2.450,0.250,0.0017247031364712,0.0008910743441156,0.3033112150133084
2.550,0.250,0.0023259611754030,0.0010230523415914,0.3037453856744734
2.650,0.250,0.0030365159006835,0.0011815738107761,0.3042795784584982
2.750,0.250,0.0038936779753612,0.0013666814712020,0.3049449822378261
2.850,0.250,0.0049430395140091,0.0015916931260504,0.3057693869476048
2.950,0.250,0.0062360150907014,0.0018847267871053,0.3067839854394347
3.050,0.250,0.0078316842429705,0.0022951235680523,0.3080796261704881
3.150,0.250,0.0098182514022392,0.0028832519431973,0.3096959687711491
3.250,0.250,0.0123291376976329,0.0037200514864752,0.3117414437428030
3.350,0.250,0.0155509114253691,0.0048911147327397,0.3143130070227182
3.450,0.250,0.0197077662000520,0.0065301507444023,0.3176280918489383
3.550,0.250,0.0250594235496799,0.0088375789078628,0.3219304900421411
3.650,0.250,0.0319522243022754,0.0120690242161667,0.3276493208527183
3.750,0.250,0.0409091192806138,0.0164947466211327,0.3353100293597318
3.850,0.250,0.0526487888896041,0.0224590628427061,0.3459257282142900
3.950,0.250,0.0680809222274776,0.0304993368906493,0.3612882697652107
4.050,0.250,0.0884515051209032,0.0411491634587146,0.3840486829117218
4.150,0.250,0.1153311729601436,0.0548924836495553,0.4182242701434515
4.250,0.250,0.1506235466505061,0.0718255982463478,0.4704628523285903
4.350,0.250,0.1959737765018637,0.0906543730360093,0.5506885308267253
4.450,0.250,0.2526377735042873,0.1083696204748821,0.6709939719349021
4.550,0.250,0.3207734438374574,0.1189777802524130,0.8410819429559524
4.650,0.250,0.3905673961173906,0.1136963632885333,1.0577198343667678
0.050,0.350,0.0017810091073658,0.0006567570251464,0.3056402730189234
0.150,0.350,0.0007826538258635,0.0014145075741742,0.3024062527370770
0.250,0.350,0.0002694290498813,0.0015128994842218,0.3001599204514642
0.350,0.350,0.0007417658234161,0.0013657774842680,0.3012716644955731
0.450,0.350,0.0011277515188937,0.0012190286136387,0.3024300618580504
0.550,0.350,0.0011892202968422,0.0010447380691841,0.3027022202885234
0.650,0.350,0.0011655102938608,0.0008238331520743,0.3026822322488139
0.750,0.350,0.0011630338815101,0.0005945465234805,0.3028490527419150
0.850,0.350,0.0011675449116380,0.0003980474393574,0.3031145067901555
0.950,0.350,0.0011562549682513,0.0002290261874187,0.3032417486831740
1.050,0.350,0.0011082392828436,0.0000685357598246,0.3031342628636446
1.150,0.350,0.0010732886246130,0.0000983182040510,0.3029453685558581
1.250,0.350,0.0010607058871184,0.0002615755363945,0.3027881377544803
1.350,0.350,0.0010697341032888,0.0004112718105334,0.3027156296823854
1.450,0.350,0.0011020969243554,0.0005347030130843,0.3026913473255637
1.550,0.350,0.0011452775913772,0.0006356541790378,0.3026598064467203
1.650,0.350,0.0012041199200987,0.0007159198493543,0.3025970824156374
1.750,0.350,0.0012991366709272,0.0007859310138138,0.3025012003579088
1.850,0.350,0.0014520809204077,0.0008485127424690,0.3024022815725140
1.950,0.350,0.0016711917254881,0.0009117683186235,0.3023324361755155
2.050,0.350,0.0019687295071109,0.0009784968889745,0.3023154595544937
2.150,0.350,0.0023420994560226,0.0010584246879749,0.3023864272968444
2.250,0.350,0.0027882056567647,0.0011575456751977,0.3025313030513250
2.350,0.350,0.0032997126511507,0.0012879985302474,0.3027767094965093
2.450,0.350,0.0038818184361060,0.0014564386742203,0.3031000924753662
2.550,0.350,0.0045285594689575,0.0016738524407363,0.3035306369918893
2.650,0.350,0.0052781144435359,0.0019457492381641,0.3040614381609879
2.750,0.350,0.0061568919939232,0.0022850827292750,0.3046935036376639
2.850,0.350,0.0072225938886452,0.0027071081539221,0.3054520151741804
2.950,0.350,0.0085174288721894,0.0032468352258348,0.3063547267626703
3.050,0.350,0.0100946642700765,0.0039566831394554,0.3074513955182296
3.150,0.350,0.0120342881688069,0.0049222946238984,0.3088122745296933
3.250,0.350,0.0143939129329196,0.0062522864292054,0.3104846832290700
3.350,0.350,0.0173143666520696,0.0080867521833569,0.3125725724234880
3.450,0.350,0.0209562103245009,0.0105921208550669,0.3151570546947777
3.550,0.350,0.0255619315245050,0.0139991758765064,0.3184011956036135
3.650,0.350,0.0313558749997156,0.0186311782680801,0.3225713548914650
3.750,0.350,0.0386849713082156,0.0249236770183381,0.3282711468701631
3.850,0.350,0.0480221349526047,0.0333940134702829,0.3364291998963580
3.950,0.350,0.0600560559396999,0.0447239393599259,0.3484581555087445
4.050,0.350,0.0755774553454482,0.0598149276444301,0.3667922635853551
4.150,0.350,0.0958206044243219,0.0794239374514563,0.3958627698292778
4.250,0.350,0.1224395766476389,0.1042209577578552,0.4436357575944596
4.350,0.350,0.1583208842806896,0.1339571153022546,0.5239465473318781
4.450,0.350,0.2082932438733673,0.1674296033196636,0.6595299394067848
4.550,0.350,0.2786274624666749,0.1958378347377049,0.8789683809483080
4.650,0.350,0.3528477534370236,0.1977612368481296,1.1905287919062850
0.050,0.450,0.0011906328267517,0.0003524473725396,0.3067756823243020
0.150,0.450,0.0003603901848277,0.0008909501447525,0.3031896690399156
0.250,0.450,0.0001228973125127,0.0010579870668764,0.3002731215329426
0.350,0.450,0.0004237241441070,0.0010225308381366,0.3012586945993343
0.450,0.450,0.0009803050373778,0.0009560652000139,0.3024580503551961
0.550,0.450,0.0012395212754788,0.0008513476966192,0.3025811246634369
0.650,0.450,0.0013893894915533,0.0006845501150723,0.3023542137667805
0.750,0.450,0.0015613614906855,0.0004943349143294,0.3025078473823237
0.850,0.450,0.0017518214974865,0.0003224731232644,0.3029049212872206
0.950,0.450,0.0018851440608620,0.0001762818011955,0.3031392700547810
1.050,0.450,0.0019567995902390,0.0000328646365076,0.3030247060933009
1.150,0.450,0.0020054501461366,0.0001224496333112,0.3027444805551660
1.250,0.450,0.0020635279083345,0.0002887591188876,0.3025010955769756
1.350,0.450,0.0021363922295656,0.0004489191689178,0.3024163909504929
1.450,0.450,0.0022407129523063,0.0005925337869389,0.3024518303566750
1.550,0.450,0.0023630471478961,0.0007145057900602,0.3025089203926163
1.650,0.450,0.0024894758725420,0.0008231295770975,0.3025297066907209
1.750,0.450,0.0026365784723164,0.0009270648787294,0.3024772928700190
1.850,0.450,0.0028031369801789,0.0010374560439474,0.3023763049187917
1.950,0.450,0.0030112966714022,0.0011586865523115,0.3022831820645124
2.050,0.450,0.0032760715768936,0.0012949441785855,0.3022261524616185
2.150,0.450,0.0036032193862638,0.0014463888440112,0.3022347867129107
2.250,0.450,0.0040169140060506,0.0016182139337796,0.3023191118525461
2.350,0.450,0.0044992228781571,0.0018164465884636,0.3025083686057100
2.450,0.450,0.0050626723869960,0.0020549354870613,0.3027895650691645
2.550,0.450,0.0056957165719240,0.0023484688366001,0.3031560234500592
2.650,0.450,0.0064196972336612,0.0027183553105902,0.3036061736926516
2.750,0.450,0.0072354639715801,0.0031860672420756,0.3041429576058463
2.850,0.450,0.0081781481421046,0.0037815106304343,0.3047643631318802
2.950,0.450,0.0092993762529732,0.0045414023488902,0.3054657200209832
3.050,0.450,0.0106374378689076,0.0055232156989716,0.3062642516043743
3.150,0.450,0.0122478897893554,0.0068085315702732,0.3071657259331166
3.250,0.450,0.0141698816994906,0.0085199482497299,0.3082019091178370
3.350,0.450,0.0164558002577426,0.0108219590234602,0.3094372524115228
3.450,0.450,0.0191697345753119,0.0139311628184703,0.3109081993149556
3.550,0.450,0.0224197328030631,0.0181144144557442,0.3126959569784784
3.650,0.450,0.0263468823377790,0.0237173685024636,0.3148857687565108
3.750,0.450,0.0311324772889343,0.0312103194719496,0.3178023250103852
3.850,0.450,0.0369434498011512,0.0412451459322522,0.3220917025637080
3.950,0.450,0.0441251655332811,0.0546264705152255,0.3290438626146162
4.050,0.450,0.0531417719422158,0.0722637950260157,0.3407831792179463
4.150,0.450,0.0645367359535833,0.0951820840201580,0.3611000099497246
4.250,0.450,0.0794320367228007,0.1245777069440199,0.3978016203200183
4.350,0.450,0.1004060273829201,0.1622504707945190,0.4664427749706830
4.450,0.450,0.1344038274469543,0.2108604506381451,0.5971601766718160
4.550,0.450,0.1922392646656581,0.2636356613486953,0.8557380053480825
4.650,0.450,0.2664005180866509,0.2751982021276956,1.3267758674507091
0.050,0.550,0.0011445173076658,0.0000539369195736,0.3075572602778021
0.150,0.550,0.0003729995702839,0.0004351313362502,0.3038070630871088
0.250,0.550,0.0001718492917175,0.0006143664887174,0.3003770344472096
0.350,0.550,0.0003108874853175,0.0006421729414412,0.3012533703381459
0.450,0.550,0.0008761509360646,0.0006298783054929,0.3025012058154850
0.550,0.550,0.0011538325578648,0.0005742473167443,0.3024728545491104
0.650,0.550,0.0013241243268056,0.0004537801998174,0.3020556379338890
0.750,0.550,0.0015254768262363,0.0002989254972841,0.3021699636692023
0.850,0.550,0.0017639667857137,0.0001512446794460,0.3027278927293091
0.950,0.550,0.0019433628097891,0.0000236118420151,0.3030922010384387
1.050,0.550,0.0020755330990760,0.0001019597722615,0.3029858366249103
1.150,0.550,0.0021710358263871,0.0002422722202834,0.3025816434062980
1.250,0.550,0.0022797889516573,0.0003997173773001,0.3022122332440178
1.350,0.550,0.0024316990692512,0.0005611111767470,0.3020599167745313
1.450,0.550,0.0026071250560340,0.0007147086245347,0.3021166390747001
1.550,0.550,0.0027971202457255,0.0008538390390720,0.3022539017327701
1.650,0.550,0.0029835239901084,0.0009834286540028,0.3023626821290288
1.750,0.550,0.0031690702598521,0.0011118111677685,0.3023633759387141
1.850,0.550,0.0033676432426553,0.0012506240128636,0.3022757823844580
1.950,0.550,0.0035846275377165,0.0014074276991149,0.3021491190404317
2.050,0.550,0.0038271034521615,0.0015883668894146,0.3020519939245014
2.150,0.550,0.0041235886174900,0.0017953086116230,0.3019921830867189
2.250,0.550,0.0044831660074585,0.0020314614504029,0.3020259808586898
2.350,0.550,0.0049040970796435,0.0023003851827744,0.3021368449300672
2.450,0.550,0.0053923503322852,0.0026119469389218,0.3023330884930955
2.550,0.550,0.0059608093013179,0.0029807059874543,0.3025944790953536
2.650,0.550,0.0065899988557325,0.0034302322536762,0.3029277400722621
2.750,0.550,0.0073006703105685,0.0039903004759462,0.3033010594530170
2.850,0.550,0.0080775645935203,0.0047003736071457,0.3037077902370791
2.950,0.550,0.0089526546165879,0.0056079214917383,0.3041296338286137
3.050,0.550,0.0099357651825807,0.0067750698882394,0.3045497960565480
3.150,0.550,0.0110510223075053,0.0082823988535196,0.3049168746555835
3.250,0.550,0.0123392791314749,0.0102429207310197,0.3052004654398224
3.350,0.550,0.0137798123026240,0.0128133373694387,0.3053496894531862
3.450,0.550,0.0153891980467489,0.0162131702066172,0.3053570873116240
3.550,0.550,0.0171292818495741,0.0207348599182352,0.3051864208439392
3.650,0.550,0.0189935240895529,0.0267566449267661,0.3048516881161589
3.750,0.550,0.0209963961359234,0.0347561546880744,0.3044439302487176
3.850,0.550,0.0231905353894213,0.0453563572764103,0.3042706093617205
3.950,0.550,0.0255686167268625,0.0593863621774917,0.3051922110259033
4.050,0.550,0.0281714703524116,0.0778091605909235,0.3090974120332217
4.150,0.550,0.0311585144795010,0.1014561657362281,0.3198379856506488
4.250,0.550,0.0347536628995591,0.1312252996018348,0.3436171044692222
4.350,0.550,0.0381140842838532,0.1685524876138331,0.3903835325769673
4.450,0.550,0.0410106848280560,0.2132351213385845,0.4758637908445396
4.550,0.550,0.0284747993072261,0.2599036757304980,0.6436449256911287
4.650,0.550,0.0005644441767902,0.1780266602570293,1.1504648736860923
0.050,0.650,0.0015969320662865,0.0001344387295771,0.3080569936708875
0.150,0.650,0.0007428348823015,0.0001188838144847,0.3042274533706379
0.250,0.650,0.0000534149527687,0.0002732008288766,0.3004267147371102
0.350,0.650,0.0003885471106324,0.0003249461739034,0.3012265148101161
0.450,0.650,0.0008948703576843,0.0003417977107595,0.3025067459120034
0.550,0.650,0.0011521031952100,0.0003173281285326,0.3023528393634694
0.650,0.650,0.0012918493710343,0.0002327457800440,0.3017434034633393
0.750,0.650,0.0014872892522961,0.0001069812880266,0.3018285191190451
0.850,0.650,0.0017329164018061,0.0000227932555484,0.3025287381086734
0.950,0.650,0.0019239974261589,0.0001434253149993,0.3030546498668274
1.050,0.650,0.0020557797355516,0.0002649788004386,0.3029768207591541
1.150,0.650,0.0021526554712437,0.0004033855528826,0.3024659152338902
1.250,0.650,0.0022675252402569,0.0005594107019484,0.3019528454601521
1.350,0.650,0.0024315293741919,0.0007244992445536,0.3017188418063976
1.450,0.650,0.0026341796779086,0.0008851052110903,0.3017653773444118
1.550,0.650,0.0028537882046502,0.0010362223577188,0.3019539100505160
1.650,0.650,0.0030680040623765,0.0011789296114692,0.3021254275029883
1.750,0.650,0.0032842719611319,0.0013226718605334,0.3021697957712015
1.850,0.650,0.0034901217347241,0.0014773597541018,0.3020949321560940
1.950,0.650,0.0037033362432757,0.0016541353902379,0.3019258401609806
2.050,0.650,0.0039221166659082,0.0018599960951470,0.3017535531043234
2.150,0.650,0.0041752532889456,0.0021014867723953,0.3016240070069274
2.250,0.650,0.0044620134864348,0.0023818618471827,0.3015767780284979
2.350,0.650,0.0047911833648757,0.0027065228758395,0.3016134637913841
2.450,0.650,0.0051687639698361,0.0030813401741569,0.3017052812418100
2.550,0.650,0.0056143355167524,0.0035187036178777,0.3018492498379670
2.650,0.650,0.0061067358116178,0.0040362668470402,0.3020021999373919
2.750,0.650,0.0066599274684842,0.0046626386271398,0.3021618517776266
2.850,0.650,0.0072495433436186,0.0054356125917863,0.3022843617012487
2.950,0.650,0.0078798435950833,0.0064072272228258,0.3023479845699475
3.050,0.650,0.0085200124043761,0.0076420117882511,0.3023128074104791
3.150,0.650,0.0091479874802658,0.0092240057811690,0.3020869101427914
3.250,0.650,0.0097494487094345,0.0112586451783604,0.3015799828255159
3.350,0.650,0.0102895960669853,0.0138876464442799,0.3006566848686338
3.450,0.650,0.0107068252932649,0.0173019444507307,0.2991344259529831
3.550,0.650,0.0109117837560961,0.0217686574102555,0.2968651628174022
3.650,0.650,0.0107635405416957,0.0276570636816173,0.2936817322011192
3.750,0.650,0.0100938514919826,0.0354690622626199,0.2895233441910099
3.850,0.650,0.0087600535202463,0.0458612813483649,0.2845448454063084
3.950,0.650,0.0066892024359930,0.0596614259734083,0.2794500737032157
4.050,0.650,0.0039419205511735,0.0778835320261061,0.2760607847193497
4.150,0.650,0.0008493239137228,0.1016659116514122,0.2788541651742973
4.250,0.650,0.0014695137111018,0.1320096076612963,0.2970904030113006
4.350,0.650,0.0023716146548673,0.1688776027428126,0.3455402675416557
4.450,0.650,0.0049906251644729,0.2018876074624552,0.4382986332858887
4.550,0.650,0.0780580402501456,0.1794521331403325,0.5301632351986250
4.650,0.650,0.6160745300186328,0.5136961484028100,0.6257923200136921
0.050,0.750,0.0020517665376860,0.0001457203157226,0.3083970760334971
0.150,0.750,0.0010971090499128,0.0000142754524169,0.3045170336619645
0.250,0.750,0.0002760750541191,0.0000793774576945,0.3004329769347809
0.350,0.750,0.0004737830290971,0.0001120842690826,0.3011833817746838
0.450,0.750,0.0008966800531041,0.0001199478127537,0.3025036951850870
0.550,0.750,0.0011013578939150,0.0000967785384269,0.3022331557806872
0.650,0.750,0.0012147105484248,0.0000251863317547,0.3014323527950333
0.750,0.750,0.0014043900109260,0.0000826212579978,0.3014617202387644
0.850,0.750,0.0016591057264788,0.0002003029582088,0.3022608698601932
0.950,0.750,0.0018886323615948,0.0003158859252608,0.3029285374392421
1.050,0.750,0.0020335615899147,0.0004365076398400,0.3029028885269955
1.150,0.750,0.0021349067412058,0.0005728235475887,0.3023219560402568
1.250,0.750,0.0022436791986622,0.0007268501037775,0.3016940327593285
1.350,0.750,0.0024005319619922,0.0008908376158834,0.3013678979213030
1.450,0.750,0.0025855289366368,0.0010549253824131,0.3014028075429467
1.550,0.750,0.0027880563026570,0.0012134511442552,0.3016382164302600
1.650,0.750,0.0029868445694035,0.0013678888407472,0.3018632227405416
1.750,0.750,0.0031700166019253,0.0015251730392044,0.3019457326215207
1.850,0.750,0.0033550266319979,0.0016951126430664,0.3018613345297831
1.950,0.750,0.0035283291061794,0.0018873781386348,0.3016418547594708
2.050,0.750,0.0037246421840695,0.0021103329911548,0.3013835442579089
2.150,0.750,0.0039357653958643,0.0023704545993415,0.3011648285837500
2.250,0.750,0.0041690504308967,0.0026734515732066,0.3010135383925427
2.350,0.750,0.0044357205387080,0.0030251741330584,0.3009435123644648
2.450,0.750,0.0047291555512234,0.0034334575491626,0.3009403903678067
2.550,0.750,0.0050329239670048,0.0039092829011607,0.3009462358602328
2.650,0.750,0.0053578496720736,0.0044687503523792,0.3009322963106791
2.750,0.750,0.0056870460442351,0.0051345110260231,0.3008587387807062
2.850,0.750,0.0060078995821158,0.0059381625529529,0.3006696907957109
2.950,0.750,0.0063203530715901,0.0069219842623354,0.3003215690252006
3.050,0.750,0.0065811303341106,0.0081416387710243,0.2997627086406376
3.150,0.750,0.0067435596119934,0.0096689062027672,0.2988828735775155
3.250,0.750,0.0067426195650999,0.0115971847425997,0.2975523998307019
3.350,0.750,0.0064847534701455,0.0140496448668526,0.2955525576511042
3.450,0.750,0.0058209323249039,0.0171929008904043,0.2926014880227648
3.550,0.750,0.0045883611891957,0.0212571173252125,0.2883546668345667
3.650,0.750,0.0025725406003478,0.0265669488293690,0.2824474819499296
3.750,0.750,0.0005170283557343,0.0335889647939761,0.2745349644701314
3.850,0.750,0.0050196888229097,0.0430006462542846,0.2645402126544187
3.950,0.750,0.0113007786921986,0.0557857419181185,0.2529145870654945
4.050,0.750,0.0195094642104217,0.0733592556060891,0.2414900156197595
4.150,0.750,0.0291489443142374,0.0978514517803712,0.2352226041621437
4.250,0.750,0.0380057039461212,0.1324362339660828,0.2462713541967805
4.350,0.750,0.0408264161996439,0.1805455037304905,0.3014617271976947
4.450,0.750,0.0280438604007849,0.2294897869364584,0.4536555642653326
4.550,0.750,0.0297410872882853,0.1144603853052113,0.7581205671506019
4.650,0.750,0.2052205853365017,1.3757351901917843,1.1729130135455752
0.050,0.850,0.0020160636238489,0.0000706616416797,0.3086621405920704
0.150,0.850,0.0010739284539698,0.0000430531080091,0.3047465449495039
0.250,0.850,0.0002159358141745,0.0000175302578842,0.3004640929247371
0.350,0.850,0.0003621941622347,0.0000238169048554,0.3011600855644154
0.450,0.850,0.0007525762715204,0.0000463458597923,0.3024854107607373
0.550,0.850,0.0009262461487238,0.0000897693045763,0.3021131112019431
0.650,0.850,0.0010118363267588,0.0001661174399581,0.3011460043817742
0.750,0.850,0.0011976950160679,0.0002691689821937,0.3011153854217863
0.850,0.850,0.0014520225764021,0.0003827573841859,0.3019806171438812
0.950,0.850,0.0016829000240766,0.0004983882489418,0.3027493307135343
1.050,0.850,0.0018382831791377,0.0006190351451354,0.3027479612986426
1.150,0.850,0.0019360354706373,0.0007505944737316,0.3021223841846794
1.250,0.850,0.0020440285363794,0.0008944258410727,0.3013984717351592
1.350,0.850,0.0021902816133206,0.0010464504859383,0.3010024460395138
1.450,0.850,0.0023530658871755,0.0012013522371263,0.3010209488567717
1.550,0.850,0.0025408870488322,0.0013566619172985,0.3012807864908207
1.650,0.850,0.0027022812530380,0.0015145152931496,0.3015483314254648
1.750,0.850,0.0028454022262390,0.0016808247388024,0.3016585743153923
1.850,0.850,0.0029774143777641,0.0018636267272151,0.3015638183466964
1.950,0.850,0.0030937117802508,0.0020710986321455,0.3013019914986463
2.050,0.850,0.0032069413163514,0.0023105605729409,0.3009545189039433
2.150,0.850,0.0033457272833501,0.0025878784387808,0.3006336455572964
2.250,0.850,0.0035029054318769,0.0029078923955448,0.3003690282088853
2.350,0.850,0.0036830243410404,0.0032751558862749,0.3001833247131178
2.450,0.850,0.0038789046924370,0.0036953908574534,0.3000463995634739
2.550,0.850,0.0040771667966168,0.0041771081815814,0.2999276313138584
2.650,0.850,0.0042627677373037,0.0047336671003599,0.2997556327805628
2.750,0.850,0.0044225579500283,0.0053849986962167,0.2994844353979236
2.850,0.850,0.0045174527945389,0.0061590530282200,0.2990347768438153
2.950,0.850,0.0045118880022315,0.0070920034677126,0.2983485065790417
3.050,0.850,0.0043879070093398,0.0082279278171999,0.2973233237990889
3.150,0.850,0.0040699596613847,0.0096183850845629,0.2958443379316629
3.250,0.850,0.0034960608390533,0.0113248408530080,0.2937288127225584
3.350,0.850,0.0025323905517884,0.0134271435903720,0.2907115648572520
3.450,0.850,0.0009820918952648,0.0160424846323894,0.2864412490375696
3.550,0.850,0.0014178659486719,0.0193517878166816,0.2804520852128682
3.650,0.850,0.0050332089240952,0.0236328848146107,0.2721414857108764
3.750,0.850,0.0103143674549904,0.0292983475933419,0.2608645181858491
3.850,0.850,0.0178218914011510,0.0369615009916492,0.2460037260887891
3.950,0.850,0.0282817681208176,0.0475855532650094,0.2272869928975179
4.050,0.850,0.0426717854661658,0.0628217866552414,0.2053279403973782
4.150,0.850,0.0620808870288898,0.0857675640105535,0.1832085769802028
4.250,0.850,0.0871455085014299,0.1220844800096981,0.1698463343393044
4.350,0.850,0.1177591612698667,0.1799333164047220,0.1882229978024146
4.450,0.850,0.1544341448813752,0.2477457234428876,0.2870303523387641
4.550,0.850,0.2400296757738526,0.0642543313686682,0.5003670863206899
4.650,0.850,0.1737809333755219,1.3071402312974816,0.5499075479450255
0.050,0.950,0.0014920915826966,0.0000475541958135,0.3088256633279594
0.150,0.950,0.0006464039945089,0.0000958700175807,0.3048898535131750
0.250,0.950,0.0001347597704102,0.0001234740607984,0.3004855843225496
0.350,0.950,0.0000406086008751,0.0001587948795331,0.3011342416161291
0.450,0.950,0.0004540496907135,0.0002050905436525,0.3024413632248937
0.550,0.950,0.0006464117066625,0.0002663677900047,0.3020031831415997
0.650,0.950,0.0007381037388370,0.0003471560251832,0.3009444154606093
0.750,0.950,0.0009093946708441,0.0004452347087464,0.3008471823315517
0.850,0.950,0.0011505780697512,0.0005545521271686,0.3017308241016767
0.950,0.950,0.0013719532321632,0.0006707731776988,0.3025322884840547
1.050,0.950,0.0015136539221901,0.0007926338147615,0.3025468193251557
1.150,0.950,0.0015954057757326,0.0009200218992301,0.3018887167874258
1.250,0.950,0.0016763087516709,0.0010522484339410,0.3011119979516925
1.350,0.950,0.0018047187624624,0.0011881753883412,0.3006608388208303
1.450,0.950,0.0019582472365518,0.0013275462195307,0.3006497204790390
1.550,0.950,0.0021138259233495,0.0014720407513248,0.3009132321026167
1.650,0.950,0.0022577234494585,0.0016254486930901,0.3011955016709784
1.750,0.950,0.0023753759240559,0.0017930885543404,0.3012992322830295
1.850,0.950,0.0024709181220413,0.0019809834520754,0.3011743185349278
1.950,0.950,0.0025363632949533,0.0021951422438060,0.3008660032348507
2.050,0.950,0.0026004456897148,0.0024410596067689,0.3004425080723419
2.150,0.950,0.0026571679012293,0.0027235747054655,0.3000220288966458
2.250,0.950,0.0027140501258824,0.0030468843888625,0.2996589207617042
2.350,0.950,0.0027799473988936,0.0034148926558928,0.2993588011670583
2.450,0.950,0.0028321016223831,0.0038317991696275,0.2991021608562252
2.550,0.950,0.0028718765995932,0.0043031186189098,0.2988358767105512
2.650,0.950,0.0028884604870878,0.0048370953573972,0.2985117552066407
2.750,0.950,0.0028397912670766,0.0054464117750432,0.2980508807476436
2.850,0.950,0.0027201066966318,0.0061498412320579,0.2973820847936333
2.950,0.950,0.0024837509753992,0.0069730874942094,0.2964222791479325
3.050,0.950,0.0020648516751995,0.0079480468385995,0.2950657207015572
3.150,0.950,0.0013915846623371,0.0091098076785039,0.2931685617564588
3.250,0.950,0.0003412717473708,0.0104928947914603,0.2904944795663051
3.350,0.950,0.0012015229954865,0.0121303276220689,0.2867471634533962
3.450,0.950,0.0034655404519885,0.0140639621891107,0.2814965159007552
3.550,0.950,0.0067329894769403,0.0163726333161737,0.2741678133512293
3.650,0.950,0.0114727105743571,0.0192184101175919,0.2640155781688485
3.750,0.950,0.0183160552332946,0.0228912277580687,0.2501138434950723
3.850,0.950,0.0281454185310883,0.0278439681603096,0.2313860313490648
3.950,0.950,0.0422396545742298,0.0347622080856381,0.2065756061278945
4.050,0.950,0.0624868590705723,0.0448615783991034,0.1744908336724640
4.150,0.950,0.0919682172128162,0.0606981648707764,0.1349216476824520
4.250,0.950,0.1356150205559570,0.0875662505191890,0.0912746111446854
4.350,0.950,0.2014565666270325,0.1331793084016293,0.0573898635642038
4.450,0.950,0.3000162040427155,0.1791193439007117,0.0746815441502475
4.550,0.950,0.4348217420602136,0.0525746168512080,0.1652239523238368
4.650,0.950,0.1759134695069187,0.8559204267399876,0.0046715944550817
0.050,1.050,0.0010941353014344,0.0001106005083367,0.3087930812003226
0.150,1.050,0.0002997622110068,0.0002147700941750,0.3048478375428294
0.250,1.050,0.0004383795097040,0.0002815088083789,0.3004242777858659
0.350,1.050,0.0002269293965496,0.0003338141351422,0.3010487467564191
0.450,1.050,0.0002160271921972,0.0003920945025870,0.3023303867885030
0.550,1.050,0.0004309161606615,0.0004602088122290,0.3018677926514233
0.650,1.050,0.0005372562927717,0.0005347121308826,0.3007870044751968
0.750,1.050,0.0007143996147179,0.0006176426475189,0.3006806534127762
0.850,1.050,0.0009521534991759,0.0007139524961804,0.3015379595471650
0.950,1.050,0.0011611222478698,0.0008241621455373,0.3023252707304778
1.050,1.050,0.0012826970447444,0.0009432698855128,0.3023268699524424
1.150,1.050,0.0013387059368106,0.0010648914822530,0.3016558349355876
1.250,1.050,0.0013908097705995,0.0011857881072544,0.3008647895769161
1.350,1.050,0.0014897855889846,0.0013068286396513,0.3003964347041999
1.450,1.050,0.0016148600745161,0.0014317914662762,0.3003737827036073
1.550,1.050,0.0017432290478177,0.0015653624954347,0.3006100465388379
1.650,1.050,0.0018598241604075,0.0017120105580370,0.3008481488075088
1.750,1.050,0.0019472826558633,0.0018756572416671,0.3009198209971586
1.850,1.050,0.0019959737973574,0.0020600164843064,0.3007442570570618
1.950,1.050,0.0020238722442862,0.0022687836212431,0.3003662686368518
2.050,1.050,0.0020260653235702,0.0025059124024114,0.2998838612190227
2.150,1.050,0.0020037307828735,0.0027753700044372,0.2993851090592408
2.250,1.050,0.0019724882664969,0.0030811633533613,0.2989241483204221
2.350,1.050,0.0019100588633116,0.0034271094725523,0.2985260247963888
2.450,1.050,0.0018331132379839,0.0038171252189714,0.2981600138753873
2.550,1.050,0.0017130220665549,0.0042554855724473,0.2977808599394249
2.650,1.050,0.0015399472598596,0.0047474429631113,0.2973071390840301
2.750,1.050,0.0013043705585225,0.0052996256400935,0.2966856060742487
2.850,1.050,0.0009748288443510,0.0059202676399112,0.2958399117247117
2.950,1.050,0.0005104298605627,0.0066187329776587,0.2946614364086719
3.050,1.050,0.0001332260028823,0.0074042210715206,0.2930491548983136
3.150,1.050,0.0010458048740387,0.0082831311980659,0.2908544426268609
3.250,1.050,0.0023626642537657,0.0092553200508297,0.2878356736226051
3.350,1.050,0.0042662062764129,0.0103104369743740,0.2836866863938869
3.450,1.050,0.0069850369617601,0.0114271660738003,0.2779634152571107
3.550,1.050,0.0108570397499810,0.0125820237601679,0.2700152951049568
3.650,1.050,0.0163533482678107,0.0137719913065381,0.2589933180122537
3.750,1.050,0.0241431087781308,0.0150493242191072,0.2437835062391853
3.850,1.050,0.0353087960111700,0.0165374932774745,0.2229870914729117
3.950,1.050,0.0514364863319678,0.0184033982123703,0.1948955208815146
4.050,1.050,0.0750317769023265,0.0208493050286343,0.1574131760312527
4.150,1.050,0.1104570508890412,0.0244542019715472,0.1080950762771140
4.250,1.050,0.1658297931497397,0.0310526362245141,0.0460236441717434
4.350,1.050,0.2559777958354683,0.0426838128443792,0.0216354409391730
4.450,1.050,0.4028523113858760,0.0383078624484059,0.0643844994187104
4.550,1.050,0.5839160990017448,0.1632194777735822,0.0446920266582564
4.650,1.050,0.2079210558332153,0.2676632552841577,0.3259222667240831
0.050,1.150,0.0012424222107892,0.0001794807958951,0.3084951849187378
0.150,1.150,0.0003949874796434,0.0003406549806393,0.3045685160492644
0.250,1.150,0.0003922160961614,0.0004461161173414,0.3002348099510268
0.350,1.150,0.0001933885957113,0.0005154300474105,0.3008643951591461
0.450,1.150,0.0002341854943619,0.0005857800183884,0.3021091882928610
0.550,1.150,0.0004303579577736,0.0006593553117087,0.3016795320306738
0.650,1.150,0.0005330722884667,0.0007248678370457,0.3006724072467568
0.750,1.150,0.0006995016896758,0.0007885465953382,0.3005807738356996
0.850,1.150,0.0009170456382763,0.0008659948168158,0.3013837202246092
0.950,1.150,0.0011040113553127,0.0009628704412242,0.3021071135526272
1.050,1.150,0.0011999053113909,0.0010712479936949,0.3020844920997474
1.150,1.150,0.0012353249208035,0.0011800749051507,0.3014380005037518
1.250,1.150,0.0012614891134641,0.0012846271825178,0.3006892221265534
1.350,1.150,0.0013194913158003,0.0013882353277727,0.3002498058082632
1.450,1.150,0.0013994021529542,0.0014979479896126,0.3002118152807083
1.550,1.150,0.0014793823402823,0.0016200334265299,0.3003977499792669
1.650,1.150,0.0015349709489336,0.0017578569729189,0.3005701974987489
1.750,1.150,0.0015586737759934,0.0019125217828863,0.3005610813837634
1.850,1.150,0.0015398863107603,0.0020844993076562,0.3003104631960283
1.950,1.150,0.0014950602957648,0.0022753022723640,0.2998748438787060
2.050,1.150,0.0014078937830069,0.0024880189013413,0.2993348848418433
2.150,1.150,0.0012792286002761,0.0027272317858651,0.2987724320246810
2.250,1.150,0.0011363008058232,0.0029980848152006,0.2982466737666289
2.350,1.150,0.0009510077057071,0.0033056094179670,0.2977691912574150
2.450,1.150,0.0007268998524039,0.0036539830541997,0.2973175613092156
2.550,1.150,0.0004546313476430,0.0040463428967181,0.2968370336759065
2.650,1.150,0.0001255612732867,0.0044846297784773,0.2962696124019191
2.750,1.150,0.0002669337072148,0.0049692262331671,0.2955296000358283
2.850,1.150,0.0007590999906246,0.0054979147414388,0.2945642859065809
2.950,1.150,0.0013823541870719,0.0060637711815358,0.2932679398056797
3.050,1.150,0.0022039982349631,0.0066519524933676,0.2915365719409642
3.150,1.150,0.0032946513484273,0.0072354338238140,0.2892100088089635
3.250,1.150,0.0047942460668633,0.0077707531267092,0.2860867254265411
3.350,1.150,0.0068790252428037,0.0081942141980797,0.2818657139142684
3.450,1.150,0.0097837330709858,0.0084194866866472,0.2761489512078148
3.550,1.150,0.0138379603795236,0.0083341413300317,0.2683390298257002
3.650,1.150,0.0194758086043521,0.0077918807326438,0.2576119760604394
3.750,1.150,0.0273339026334014,0.0065917981292917,0.2428799740111436
3.850,1.150,0.0383769020864473,0.0044356354037186,0.2226985849884766
3.950,1.150,0.0541589723467943,0.0008390719821393,0.1954017728538462
4.050,1.150,0.0771087808690305,0.0050581941811930,0.1592419488383134
4.150,1.150,0.1111566104955575,0.0149150845302317,0.1129258928120329
4.250,1.150,0.1633875487213792,0.0319999029751112,0.0570191856551823
4.350,1.150,0.2489086231443129,0.0636637002867101,0.0001827874162643
4.450,1.150,0.3942787119007211,0.1364855894713332,0.0214886832359662
4.550,1.150,0.5842642251153173,0.2764017742417246,0.0521653530182613
4.650,1.150,0.2487147031358151,0.4372153361411810,0.2109144746744906
0.050,1.250,0.0016154459200972,0.0001900021435006,0.3080023173402093
0.150,1.250,0.0006818874293186,0.0004201059198674,0.3041052885544779
0.250,1.250,0.0001491612993239,0.0005706519256391,0.2999619281486066
0.350,1.250,0.0000208581332668,0.0006622316025481,0.3006162037595344
0.450,1.250,0.0004060176458898,0.0007497664120317,0.3018126012778675
0.550,1.250,0.0005665747781027,0.0008319341042615,0.3014531716657673
0.650,1.250,0.0006402847452851,0.0008906646503525,0.3005959506492761
0.750,1.250,0.0007737355553046,0.0009370527575184,0.3005444664666879
0.850,1.250,0.0009533968944175,0.0009961418450283,0.3012780074862746
0.950,1.250,0.0010962810420059,0.0010772415861104,0.3018923496589601
1.050,1.250,0.0011502328284214,0.0011694415482007,0.3018207008724687
1.150,1.250,0.0011539138086938,0.0012583001122219,0.3012246808502717
1.250,1.250,0.0011465493061229,0.0013393585902146,0.3005552086892203
1.350,1.250,0.0011574934736753,0.0014193821489831,0.3001832104651867
1.450,1.250,0.0011756594070633,0.0015085994777532,0.3001400861575703
1.550,1.250,0.0011888699656248,0.0016142630750884,0.3002678904235077
1.650,1.250,0.0011632077922274,0.0017377231539377,0.3003491881950633
1.750,1.250,0.0011024649390843,0.0018766616365326,0.3002465459787795
1.850,1.250,0.0010077916106348,0.0020278717517891,0.2999316143314528
1.950,1.250,0.0008576005504826,0.0021905861829212,0.2994337461901138
2.050,1.250,0.0006776917121010,0.0023672821226611,0.2988480782933727
2.150,1.250,0.0004514326652989,0.0025637953284609,0.2982529767361410
2.250,1.250,0.0001896921391735,0.0027874918722086,0.2976767100441746
2.350,1.250,0.0001198871783534,0.0030458918846387,0.2971331606743735
2.450,1.250,0.0004747460403018,0.0033445287349652,0.2966063139689816
2.550,1.250,0.0008808548610426,0.0036860843206490,0.2960431655106652
2.650,1.250,0.0013581411294952,0.0040687459339364,0.2953845531498138
2.750,1.250,0.0018881960963275,0.0044854996779232,0.2945832332662115
2.850,1.250,0.0025244717790387,0.0049219112731952,0.2935682602328171
2.950,1.250,0.0032751410145693,0.0053538614308430,0.2922543645089948
3.050,1.250,0.0042088652678147,0.0057433871056850,0.2905445238117297
3.150,1.250,0.0053940104564716,0.0060344408292288,0.2883132547258360
3.250,1.250,0.0069425724832859,0.0061475457668804,0.2853673369181129
3.350,1.250,0.0090015198402538,0.0059746770848154,0.2814799041793115
3.450,1.250,0.0117667299115398,0.0053719581928467,0.2763037561297379
3.550,1.250,0.0154781894508136,0.0041461408455660,0.2693421705681396
3.650,1.250,0.0205188015213240,0.0020231819848281,0.2599245975562399
3.750,1.250,0.0274208030906880,0.0014105888135749,0.2471084884356873
3.850,1.250,0.0370007512092076,0.0068045026338320,0.2297700283878297
3.950,1.250,0.0504680955197230,0.0151720593373486,0.2067123818910970
4.050,1.250,0.0695129585758247,0.0281204078100890,0.1773055963883721
4.150,1.250,0.0965165103797494,0.0484497585774243,0.1428759959982679
4.250,1.250,0.1347311728048299,0.0819165361204542,0.1100921148098690
4.350,1.250,0.1896149816581936,0.1415689695745281,0.1016955237785488
4.450,1.250,0.2690229629940692,0.2580143605390834,0.1938774462908226
4.550,1.250,0.3837967251130349,0.3669754402426799,0.5828164689322399
4.650,1.250,0.4105364019926631,1.0287965096892346,1.1444918953675365
0.050,1.350,0.0017445350736682,0.0001805702218517,0.3074168825004673
0.150,1.350,0.0007821187797976,0.0004917490207257,0.3035864406649251
0.250,1.350,0.0000373605352615,0.0006856937187674,0.2997178999378249
0.350,1.350,0.0001674833661489,0.0007922347382210,0.3003892962003114
0.450,1.350,0.0005526092501964,0.0008897459174947,0.3015282255385037
0.550,1.350,0.0006998091773462,0.0009736624816044,0.3012690759057408
0.650,1.350,0.0007483368225747,0.0010210519959812,0.3005816165175128
0.750,1.350,0.0008463033337427,0.0010483073405533,0.3005706342696914
0.850,1.350,0.0009715938538530,0.0010883299692496,0.3011762867936980
0.950,1.350,0.0010622934222526,0.0011513644435698,0.3016348808838787
1.050,1.350,0.0010667382278278,0.0012233502507162,0.3015298468146792
1.150,1.350,0.0010133482791612,0.0012873824373724,0.3010027426095530
1.250,1.350,0.0009603786889161,0.0013409505072871,0.3004541765942577
1.350,1.350,0.0009156780772874,0.0013938488674569,0.3001545769581040
1.450,1.350,0.0008764893776863,0.0014589898106097,0.3001147630172674
1.550,1.350,0.0008092888540248,0.0015429880156949,0.3001662862273693
1.650,1.350,0.0007096427213666,0.0016453501823886,0.3001415125926545
1.750,1.350,0.0005720669122200,0.0017603027089704,0.2999534149379990
1.850,1.350,0.0003798946229956,0.0018824257029052,0.2995650359651076
1.950,1.350,0.0001351722596579,0.0020090783220883,0.2990285725528303
2.050,1.350,0.0001414002435087,0.0021429636940709,0.2984240187048242
2.150,1.350,0.0004505066021445,0.0022905596024096,0.2978072881556035
2.250,1.350,0.0008143233609974,0.0024613891843544,0.2971877163347774
2.350,1.350,0.0012268904160879,0.0026645377723109,0.2965948129734293
2.450,1.350,0.0016850240072983,0.0029073098511524,0.2959940983844151
2.550,1.350,0.0022101105040326,0.0031918984705320,0.2953518047707937
2.650,1.350,0.0027911136555268,0.0035143328643763,0.2946281535095636
2.750,1.350,0.0034490448001221,0.0038612914251909,0.2937788217337434
2.850,1.350,0.0041929938154766,0.0042087674658557,0.2927540730450415
2.950,1.350,0.0050476431283748,0.0045181321826604,0.2914948273173272
3.050,1.350,0.0060520866795273,0.0047336809398410,0.2899246577180943
3.150,1.350,0.0072499257629093,0.0047778620409356,0.2879363147169989
3.250,1.350,0.0087112678585091,0.0045466932563537,0.2854209444581981
3.350,1.350,0.0105386462494819,0.0039017241565565,0.2821780026703604
3.450,1.350,0.0128408588848710,0.0026561667840988,0.2779549793363683
3.550,1.350,0.0157999560790170,0.0005458608088813,0.2724111072037156
3.650,1.350,0.0196935110357928,0.0028201535617167,0.2650341065705701
3.750,1.350,0.0249015514026181,0.0080352470037049,0.2551744847108441
3.850,1.350,0.0319945954173664,0.0159840133434259,0.2421037219273403
3.950,1.350,0.0417148872354478,0.0279426174928196,0.2253098570428018
4.050,1.350,0.0549075397997008,0.0457678953661169,0.2052915418567780
4.150,1.350,0.0726299202581882,0.0724560087322668,0.1850885834604044
4.250,1.350,0.0958644225680190,0.1135658945698445,0.1738962697765327
4.350,1.350,0.1249555498152377,0.1803407267769608,0.1974739439431428
4.450,1.350,0.1538792438606820,0.2947973559073137,0.3308262686703674
4.550,1.350,0.1844534131490838,0.3982417197752584,0.7943736612633066
4.650,1.350,0.5117267573144959,0.4977074164527873,1.6109375499669147
0.050,1.450,0.0017173400247459,0.0002364620862833,0.3067782087036868
0.150,1.450,0.0007608114308122,0.0006402109522428,0.3030433950609766
0.250,1.450,0.0000191484283441,0.0008589726172721,0.2995354273408370
0.350,1.450,0.0003181253775046,0.0009544856841389,0.3002573181502797
0.450,1.450,0.0007168647359950,0.0010388874551710,0.3013207805669156
0.550,1.450,0.0008497779005399,0.0011032422029105,0.3011635708590106
0.650,1.450,0.0008685089950684,0.0011214358632914,0.3006281825668875
0.750,1.450,0.0009133990882386,0.0011172076289960,0.3006415621581535
0.850,1.450,0.0009643240038255,0.0011294797019163,0.3010755151544267
0.950,1.450,0.0009709746647004,0.0011672449051757,0.3013675181753070
1.050,1.450,0.0008927574515676,0.0012130246636637,0.3012217167269329
1.150,1.450,0.0007785182352613,0.0012489581495134,0.3007799531860966
1.250,1.450,0.0006662659404402,0.0012746069253847,0.3003727247184425
1.350,1.450,0.0005530155343887,0.0013015856369664,0.3001400125765610
1.450,1.450,0.0004248065501486,0.0013426844313655,0.3000819516126567
1.550,1.450,0.0002868958981141,0.0014023164200753,0.3000593233339472
1.650,1.450,0.0000940814211656,0.0014773408608203,0.2999438599936823
1.750,1.450,0.0001389108800725,0.0015599577857538,0.2996683440047754
1.850,1.450,0.0004170483527135,0.0016441007400130,0.2992464792032359
1.950,1.450,0.0007446856073485,0.0017275750443470,0.2987025004918720
2.050,1.450,0.0011153783491875,0.0018142267712559,0.2981004777885681
2.150,1.450,0.0015318482073554,0.0019118138933125,0.2974732598854311
2.250,1.450,0.0019861183823147,0.0020308547453820,0.2968309940804246
2.350,1.450,0.0024898350499674,0.0021810227467388,0.2961891481649452
2.450,1.450,0.0030347864954559,0.0023694218278404,0.2955159522817841
2.550,1.450,0.0036336209743792,0.0025972092092275,0.2947991689825473
2.650,1.450,0.0042907324727883,0.0028580579477973,0.2940120898286476
2.750,1.450,0.0050132204740181,0.0031349136102501,0.2931286441417083
2.850,1.450,0.0058217367659774,0.0033981822471491,0.2921174851691282
2.950,1.450,0.0067009365977466,0.0036022210656008,0.2909448815781270
3.050,1.450,0.0076992267417346,0.0036831928417635,0.2895661756783157
3.150,1.450,0.0088176859209235,0.0035544271966011,0.2879154768225840
3.250,1.450,0.0100785990629539,0.0031019137525625,0.2859232253280775
3.350,1.450,0.0115050426960071,0.0021715475865876,0.2834816644210605
3.450,1.450,0.0131437996991466,0.0005480149510262,0.2804502743443389
3.550,1.450,0.0150423568991755,0.0020877084986059,0.2766299114620869
3.650,1.450,0.0173320890060402,0.0062160427545519,0.2717424376125828
3.750,1.450,0.0201787020309938,0.0125427903326775,0.2654639658022582
3.850,1.450,0.0238423928222047,0.0220410341372655,0.2575502852562765
3.950,1.450,0.0284827871736000,0.0360088483673273,0.2482142521457309
4.050,1.450,0.0341587142538702,0.0563032106364694,0.2389380992333527
4.150,1.450,0.0407081772154321,0.0858686136647397,0.2340279704055348
4.250,1.450,0.0468694761691884,0.1291385481219331,0.2437654505190605
4.350,1.450,0.0479372655933674,0.1921041258844303,0.2932064023963030
4.450,1.450,0.0249081644325266,0.2822559264507591,0.4463207966458875
4.550,1.450,0.0480136162940834,0.3389905526158070,0.8542294525567677
4.650,1.450,0.1204148424421581,0.1534676041013894,1.4519401991607543
0.050,1.550,0.0019060848952674,0.0003788602889532,0.3060111951343396
0.150,1.550,0.0009138065203671,0.0008925650007744,0.3024545275601103
0.250,1.550,0.0002225002280760,0.0010971320785958,0.2994372230780442
0.350,1.550,0.0005549118215500,0.0011397079464351,0.3002280653231013
0.450,1.550,0.0008946906309082,0.0011764196663918,0.3012037993086158
0.550,1.550,0.0009392778899997,0.0011905287394104,0.3011264736578543
0.650,1.550,0.0008523530766700,0.0011550918944338,0.3007421561102817
0.750,1.550,0.0007755534456040,0.0011051027107526,0.3007306742064939
0.850,1.550,0.0006894485585327,0.0010810402183879,0.3009960463427461
0.950,1.550,0.0005639130270043,0.0010890479100378,0.3011173202703841
1.050,1.550,0.0003881100413692,0.0011064146287023,0.3009396020286914
1.150,1.550,0.0001903010690112,0.0011170982931291,0.3006051235780820
1.250,1.550,0.0000123398494594,0.0011204876432061,0.3003042537705847
1.350,1.550,0.0002037835078079,0.0011291959986416,0.3001464008682535
1.450,1.550,0.0004090082378800,0.0011510831773285,0.3000607847228105
1.550,1.550,0.0006236523561578,0.0011880861557865,0.2999770740483956
1.650,1.550,0.0008934808404224,0.0012324816271618,0.2997858911717652
1.750,1.550,0.0011937185252271,0.0012773321360201,0.2994791859606867
1.850,1.550,0.0015483178964908,0.0013162898273936,0.2990404751183648
1.950,1.550,0.0019492342980438,0.0013510904383048,0.2985249353003638
2.050,1.550,0.0023857759098724,0.0013867586329145,0.2979393308376577
2.150,1.550,0.0028840801470249,0.0014345033283571,0.2973217511690041
2.250,1.550,0.0034167402365830,0.0015046372947987,0.2966711311143992
2.350,1.550,0.0039925613197489,0.0016081617448780,0.2959865306304659
2.450,1.550,0.0046163581502787,0.0017499261893825,0.2952561618846659
2.550,1.550,0.0052786099342721,0.0019304704591216,0.2944761734217867
2.650,1.550,0.0059846594304824,0.0021397866228505,0.2936292380127385
2.750,1.550,0.0067429895764239,0.0023592837708832,0.2927130474901567
2.850,1.550,0.0075419538980455,0.0025560009510907,0.2917088993945507
2.950,1.550,0.0083942226732723,0.0026846868333877,0.2906206696594387
3.050,1.550,0.0092882119777491,0.0026820954307430,0.2894246037169910
3.150,1.550,0.0102259912246574,0.0024677461760724,0.2881005340210301
3.250,1.550,0.0111676956166196,0.0019338677793500,0.2866354118480654
3.350,1.550,0.0120731650657275,0.0009340984622677,0.2850007204875786
3.450,1.550,0.0128815652604517,0.0007506254552842,0.2831674086177092
3.550,1.550,0.0135168845783060,0.0034574907508195,0.2811082143312218
3.650,1.550,0.0139077294664613,0.0077049405601862,0.2787740920926680
3.750,1.550,0.0139418571144070,0.0142245897185748,0.2762007264761639
3.850,1.550,0.0134678670825803,0.0239552561863602,0.2736058292425940
3.950,1.550,0.0121072950860517,0.0380613887211911,0.2718915232438306
4.050,1.550,0.0092005808763100,0.0581818935058370,0.2733986069037728
4.150,1.550,0.0033577499693307,0.0867023427251669,0.2834487257436873
4.250,1.550,0.0087355561909845,0.1261014662265693,0.3131964629127029
4.350,1.550,0.0340679506841013,0.1776873234145556,0.3867461621416823
4.450,1.550,0.0872909624976090,0.2388296419127245,0.5514743982557846
4.550,1.550,0.1809652995445901,0.2731067353208377,0.8783584433479685
4.650,1.550,0.2594066562706656,0.2395486181409539,1.2780570951449850
0.050,1.650,0.0022092903844944,0.0005962651851187,0.3050533236670088
0.150,1.650,0.0011044838448406,0.0012339004957077,0.3018211868285645
0.250,1.650,0.0003997523623303,0.0013340073343245,0.2994310827422888
0.350,1.650,0.0006453192807958,0.0012504116213493,0.3002876332945874
0.450,1.650,0.0007885647065418,0.0011943288384545,0.3011528791214797
0.550,1.650,0.0006084158979409,0.0011293226974789,0.3011534895567500
0.650,1.650,0.0003286714587238,0.0010316224900726,0.3008994076988794
0.750,1.650,0.0000602404137711,0.0009407280743560,0.3008535605857459
0.850,1.650,0.0001875543243197,0.0008929728484929,0.3009422898496528
0.950,1.650,0.0004563681752634,0.0008834447540477,0.3009362144215126
1.050,1.650,0.0007286631759347,0.0008875808186773,0.3007513040306478
1.150,1.650,0.0010077414461100,0.0008884449584626,0.3005100082827354
1.250,1.650,0.0012578063475788,0.0008874781336651,0.3003023438475778
1.350,1.650,0.0015039332103937,0.0008917997762383,0.3001868881554657
1.450,1.650,0.0017518850231109,0.0009055966111553,0.3000816609772383
1.550,1.650,0.0020077504081726,0.0009239621660258,0.2999548961317657
1.650,1.650,0.0023074099879199,0.0009391167845283,0.2997257162258076
1.750,1.650,0.0026358537847575,0.0009430487539694,0.2994147262655589
1.850,1.650,0.0030063785963135,0.0009341323424740,0.2990045398771617
1.950,1.650,0.0034296925693642,0.0009157135712660,0.2985202474048578
2.050,1.650,0.0038929461924149,0.0008977619375317,0.2979698308821077
2.150,1.650,0.0044186950160909,0.0008920850755138,0.2973645292760669
2.250,1.650,0.0049837775212047,0.0009121593299936,0.2967091610634891
2.350,1.650,0.0056080560309502,0.0009679654054835,0.2959924231024367
2.450,1.650,0.0062729096729874,0.0010660474000411,0.2952072088611128
2.550,1.650,0.0069792734719982,0.0012048469995135,0.2943710309266483
2.650,1.650,0.0077248748560916,0.0013752755218459,0.2934667002770865
2.750,1.650,0.0084901239869610,0.0015568074852008,0.2925135187732080
2.850,1.650,0.0092718799137752,0.0017189149929085,0.2915093946754603
2.950,1.650,0.0100540786567003,0.0018183472437809,0.2904745064565528
3.050,1.650,0.0108040377036092,0.0018014415362171,0.2894174254103667
3.150,1.650,0.0114732190472782,0.0016005231770498,0.2883549616594121
3.250,1.650,0.0120213559351263,0.0011306690790841,0.2873074308428167
3.350,1.650,0.0123429238942496,0.0002713081651271,0.2863316857250058
3.450,1.650,0.0122842893375326,0.0011640474695613,0.2854757906598695
3.550,1.650,0.0116672522759531,0.0034805811446876,0.2848839454109395
3.650,1.650,0.0101991550290397,0.0071505874301864,0.2846841934153570
3.750,1.650,0.0074833491918784,0.0128269759694141,0.2852153885897630
3.850,1.650,0.0029439171445718,0.0212968023216362,0.2870699911542141
3.950,1.650,0.0043034051097031,0.0334792276740775,0.2916419119068689
4.050,1.650,0.0154987029698559,0.0506073838065933,0.3017505513548020
4.150,1.650,0.0326156651596055,0.0741104502240794,0.3226808352554444
4.250,1.650,0.0590482505448420,0.1043649632849740,0.3642242149396417
4.350,1.650,0.0999414510948597,0.1398803784079210,0.4441428254802582
4.450,1.650,0.1613707482872042,0.1738819748777552,0.5865735467566373
4.550,1.650,0.2432791843038915,0.1926940099841177,0.8150584344185208
4.650,1.650,0.3104101249825604,0.1775275464950631,1.0685071258076435
0.050,1.750,0.0024444540339581,0.0010295092718092,0.3037652126096084
0.150,1.750,0.0011434606166661,0.0017069560123602,0.3012744137745207
0.250,1.750,0.0002581757391383,0.0014763179298005,0.2996629099275623
0.350,1.750,0.0002037602842325,0.0011479547604707,0.3004801279800891
0.450,1.750,0.0000144703589555,0.0009548933756275,0.3011626848370907
0.550,1.750,0.0004775067696742,0.0008097519268587,0.3012013279598680
0.650,1.750,0.0009630889687744,0.0006789695553192,0.3010294133656970
0.750,1.750,0.0013848048596737,0.0005898995601962,0.3009425248703179
0.850,1.750,0.0017554634320359,0.0005579666889421,0.3008988740692242
0.950,1.750,0.0020973534123846,0.0005638251755972,0.3008001802311089
1.050,1.750,0.0024160361284626,0.0005817528681781,0.3006327974132725
1.150,1.750,0.0027063905460890,0.0005974936483287,0.3004589229311403
1.250,1.750,0.0029697088908275,0.0006124376162574,0.3003277806924611
1.350,1.750,0.0032157171295439,0.0006282302120352,0.3002167214460729
1.450,1.750,0.0034604562230701,0.0006431300003844,0.3001022184694495
1.550,1.750,0.0037180033722152,0.0006481938765888,0.2999507620467257
1.650,1.750,0.0039980372025450,0.0006358282323687,0.2997296708114132
1.750,1.750,0.0043092589045550,0.0006003384754246,0.2994278448492933
1.850,1.750,0.0046576757695590,0.0005440077018595,0.2990464868981739
1.950,1.750,0.0050467377898513,0.0004732796844354,0.2985998166654369
2.050,1.750,0.0054822955728728,0.0004008466785175,0.2980758018631859
2.150,1.750,0.0059683219692611,0.0003400341999983,0.2974869307628456
2.250,1.750,0.0065073126006517,0.0003058022473441,0.2968110578941516
2.350,1.750,0.0070982514612090,0.0003093882929835,0.2960623705800014
2.450,1.750,0.0077379923179398,0.0003591392407111,0.2952425541268417
2.550,1.750,0.0084188544436153,0.0004556248409677,0.2943522844936477
2.650,1.750,0.0091291460285498,0.0005925246968716,0.2934032588873059
2.750,1.750,0.0098491900400522,0.0007526582064660,0.2924111003777656
2.850,1.750,0.0105552149022035,0.0009102026744035,0.2913996589670567
2.950,1.750,0.0112141705868961,0.0010286985439959,0.2903874954051866
3.050,1.750,0.0117811301160569,0.0010653006277866,0.2894176845128911
3.150,1.750,0.0121964235078914,0.0009692338858771,0.2885225018586342
3.250,1.750,0.0123759787427610,0.0006817202348022,0.2877750365426404
3.350,1.750,0.0121963973441345,0.0001211392416841,0.2872403622520303
3.450,1.750,0.0114749447243213,0.0008411292192385,0.2870801541713952
3.550,1.750,0.0099351589264398,0.0024240714462020,0.2874487411350866
3.650,1.750,0.0071558849631598,0.0049694515756654,0.2886611609759289
3.750,1.750,0.0025003232310404,0.0089389635703726,0.2911830361647696
3.850,1.750,0.0049521797619125,0.0148600096646282,0.2958924533962457
3.950,1.750,0.0164575000867553,0.0233351828147587,0.3044536871064114
4.050,1.750,0.0336125238558127,0.0351744026877655,0.3197387601565906
4.150,1.750,0.0584385276930242,0.0510821896905779,0.3461939233667293
4.250,1.750,0.0933313805877651,0.0703366314396304,0.3909082637261880
4.350,1.750,0.1407497333835870,0.0906233830536203,0.4653923196791432
4.450,1.750,0.2015727298013883,0.1058846869470885,0.5803617707988513
4.550,1.750,0.2716743731627311,0.1147737392219409,0.7436338710617725
4.650,1.750,0.3367889319559494,0.1016785484361796,0.9272986493103446
0.050,1.850,0.0025220742794014,0.0016673957048000,0.3013195284910317
0.150,1.850,0.0004766688235728,0.0020151718685277,0.3005884955354601
0.250,1.850,0.0010377034598925,0.0012050385686171,0.2999945303238727
0.350,1.850,0.0016362714829695,0.0006370091875154,0.3007296665507253
0.450,1.850,0.0022181732914595,0.0003855158387068,0.3012133330091213
0.550,1.850,0.0028432400596002,0.0002543201300321,0.3012488908051809
0.650,1.850,0.0033790007114424,0.0001788713689134,0.3011218423579649
0.750,1.850,0.0038051500660471,0.0001573245236929,0.3009892895503485
0.850,1.850,0.0041558014151472,0.0001788244562647,0.3008602619832939
0.950,1.850,0.0044619234395482,0.0002233761695052,0.3007165974060984
1.050,1.850,0.0047354624022607,0.0002724546023424,0.3005641240117178
1.150,1.850,0.0049817669430666,0.0003199320768565,0.3004339610980784
1.250,1.850,0.0052070498367270,0.0003619962558181,0.3003338154499979
1.350,1.850,0.0054197255686533,0.0003953444680694,0.3002392023317846
1.450,1.850,0.0056315461295710,0.0004111162264961,0.3001245605306013
1.550,1.850,0.0058505164575571,0.0004024588103638,0.2999742602951132
1.650,1.850,0.0060826054637280,0.0003631213188793,0.2997635222897204
1.750,1.850,0.0063342807839435,0.0002939963988515,0.2994892766449646
1.850,1.850,0.0066088887527678,0.0001987136111979,0.2991409960949438
1.950,1.850,0.0069118797733525,0.0000874351011165,0.2987215385329445
2.050,1.850,0.0072488480056714,0.0000286483815290,0.2982080346691811
2.150,1.850,0.0076233183783797,0.0001343286131984,0.2976028585490855
2.250,1.850,0.0080371788306219,0.0002158759434977,0.2969147254871305
2.350,1.850,0.0084916262017991,0.0002587227503947,0.2961399771027216
2.450,1.850,0.0089834725184906,0.0002532169360160,0.2952741413541520
2.550,1.850,0.0095046411091471,0.0001929911614302,0.2943439033612858
2.650,1.850,0.0100436555660358,0.0000806353127293,0.2933596997546579
2.750,1.850,0.0105818604363391,0.0000743775449156,0.2923392681956907
2.850,1.850,0.0110949612550684,0.0002516195080390,0.2913226609628694
2.950,1.850,0.0115521580958790,0.0004243326408827,0.2903394847452545
3.050,1.850,0.0119135691499147,0.0005585344830994,0.2894294714944317
3.150,1.850,0.0121276797718441,0.0006202758437799,0.2886679216734569
3.250,1.850,0.0121241142274460,0.0005742716658067,0.2881181069927665
3.350,1.850,0.0118021700430693,0.0003839036041286,0.2878935343336102
3.450,1.850,0.0109947943444153,0.0000054596759894,0.2881348176958256
3.550,1.850,0.0094285672490105,0.0006845935897323,0.2890411920859886
3.650,1.850,0.0066529813984284,0.0017995242527294,0.2909405198203756
3.750,1.850,0.0019550348518228,0.0035341174851928,0.2943978886547685
3.850,1.850,0.0056954992693179,0.0060843480084500,0.3004321972918840
3.950,1.850,0.0176597521625756,0.0097136628850515,0.3108791763881302
4.050,1.850,0.0355474214731714,0.0149426470799051,0.3285642245382308
4.150,1.850,0.0610681826213885,0.0222506030276371,0.3571685032684906
4.250,1.850,0.0958861865834741,0.0308235502718750,0.4016876094429453
4.350,1.850,0.1414627591463014,0.0388189925323324,0.4704941237065059
4.450,1.850,0.1967738256480509,0.0439114638236138,0.5709928220030567
4.550,1.850,0.2564122915789002,0.0489784589555943,0.7059177599225022
4.650,1.850,0.3141740182693111,0.0409093893888600,0.8625725163920206
0.050,1.950,0.0001199661086533,0.0007579115162550,0.2965330355955329
0.150,1.950,0.0035805721047108,0.0002513456327859,0.2991076711826874
0.250,1.950,0.0052953729807067,0.0002131071133875,0.3000134239829926
0.350,1.950,0.0060137605400860,0.0003421807669152,0.3008117254097495
0.450,1.950,0.0065036658875019,0.0003352635468390,0.3012021379323251
0.550,1.950,0.0068872222895422,0.0002962127598455,0.3012283555797151
0.650,1.950,0.0071631758633919,0.0002416030835425,0.3011060326888497
0.750,1.950,0.0073648107349774,0.0001700329668756,0.3009419987798507
0.850,1.950,0.0075373625273320,0.0000892777829503,0.3007944640699076
0.950,1.950,0.0077030541164549,0.0000119435902025,0.3006738780733418
1.050,1.950,0.0078680458706467,0.0000564780327109,0.3005641673421913
1.150,1.950,0.0080267560859419,0.0001169686343253,0.3004841432302641
1.250,1.950,0.0081751676184145,0.0001704151586678,0.3004189323614432
1.350,1.950,0.0083138821439792,0.0002121175391171,0.3003513375567612
1.450,1.950,0.0084448047307252,0.0002333945520723,0.3002630827464050
1.550,1.950,0.0085704332574447,0.0002248018718894,0.3001459306812801
1.650,1.950,0.0086907883789026,0.0001805101441455,0.2999826872183098
1.750,1.950,0.0088080520514647,0.0000996193887562,0.2997381217883852
1.850,1.950,0.0089249900863531,0.0000129301442732,0.2994298422539976
1.950,1.950,0.0090442222243112,0.0001477235929406,0.2990191659791281
2.050,1.950,0.0091693782673377,0.0002914882972407,0.2985020299700114
2.150,1.950,0.0093061481326081,0.0004289504498961,0.2978899838782314
2.250,1.950,0.0094562052684138,0.0005437581619285,0.2971813130966541
2.350,1.950,0.0096229648132760,0.0006205928355057,0.2963623480730471
2.450,1.950,0.0098061369285165,0.0006465998056413,0.2954490339721261
2.550,1.950,0.0100010538254743,0.0006139396296187,0.2944688668375184
2.650,1.950,0.0102047770230278,0.0005215785994539,0.2934333553138586
2.750,1.950,0.0104089994147363,0.0003775983075487,0.2923612504569331
2.850,1.950,0.0106066814057188,0.0001998131052627,0.2913029134580998
2.950,1.950,0.0107900926666351,0.0000155324127429,0.2902863799809738
3.050,1.950,0.0109593153690273,0.0001418941930450,0.2893559553940142
3.150,1.950,0.0111151336236788,0.0002384340407136,0.2885645847037424
3.250,1.950,0.0112615228513694,0.0002475220103535,0.2879819139273820
3.350,1.950,0.0113939573900074,0.0001568506526167,0.2876813037949244
3.450,1.950,0.0114745609819222,0.0000278630696975,0.2877622572011385
3.550,1.950,0.0113850772261140,0.0002852247473708,0.2883625844741298
3.650,1.950,0.0108772525040718,0.0005794083179194,0.2897415307653901
3.750,1.950,0.0095222359789468,0.0008569969454166,0.2923902835259264
3.850,1.950,0.0067184778693867,0.0010677992460136,0.2973685893730447
3.950,1.950,0.0017907070205602,0.0013113027316788,0.3066007019861616
4.050,1.950,0.0058286482611415,0.0020825783498559,0.3229234799138352
4.150,1.950,0.0165128184929297,0.0038786481819303,0.3496715350643473
4.250,1.950,0.0309286724157631,0.0055298992676608,0.3909952646102339
4.350,1.950,0.0507180664221668,0.0052774412810539,0.4546636350684117
4.450,1.950,0.0750130478146808,0.0060428526608815,0.5501197689658586
4.550,1.950,0.0989835175876556,0.0105128451362304,0.6789790608333290
4.650,1.950,0.1211091255377164,0.0081221515689313,0.8328617788676724
4.750,0.050,0.1816881201056558,0.0134773335753979,1.1494378358184241
4.850,0.050,0.1936555088565048,0.0131988506124008,1.3274650645770150
4.950,0.050,0.1911734916199512,0.0101692692382346,1.4926343094155130
5.050,0.050,0.1728747327480165,0.0032099405818973,1.6341747493685621
5.150,0.050,0.1418987452170077,0.0011219382766213,1.7270441578344133
5.250,0.050,0.1021165953440405,0.0012390724371874,1.7598241427433572
4.750,0.150,0.4180168947587970,0.0427602740361208,1.1849185605309944
4.850,0.150,0.4599814843535617,0.0307258593527847,1.3743324220004902
4.950,0.150,0.4839011410201111,0.0066837537808763,1.5408146470931645
5.050,0.150,0.4816130208407223,0.0210065185173096,1.6742018770642952
5.150,0.150,0.4463081920465486,0.0432635257683629,1.7464681087239384
5.250,0.150,0.3858346934345371,0.0524079357414202,1.7589223954076108
4.750,0.250,0.4557899619572234,0.1008555307394550,1.2831697459827851
4.850,0.250,0.5155906324680708,0.0726077340149499,1.5023442219581047
4.950,0.250,0.5583908267427766,0.0189570512790869,1.7126078803096576
5.050,0.250,0.5612474605254589,0.0477763314451119,1.8418613825601149
5.150,0.250,0.5305892856144427,0.0995812740749200,1.8746933450437928
5.250,0.250,0.4761468146805483,0.1259754713489290,1.8335996847191312
4.750,0.350,0.4228138180325232,0.1851065699234347,1.4857337624268239
4.850,0.350,0.4735311952632371,0.1233862173401975,1.7822537649014962
4.950,0.350,0.4777529754054410,0.0132044043097180,2.0252507324179567
5.050,0.350,0.4540342991396997,0.0892551408557901,2.1337471193820665
5.150,0.350,0.4021721169089565,0.1613140652580179,2.0822088661275480
5.250,0.350,0.3449069443111972,0.1904206502368983,1.9396363834812718
4.750,0.450,0.2793897790526030,0.2312375222724308,1.7588598683716574
4.850,0.450,0.1907475627793249,0.0833831027268390,2.1008368395584229
4.950,0.450,0.1362868244207829,0.0523717973543848,2.4056278598349317
5.050,0.450,0.0735139142333368,0.1682328698220237,2.4599583315846907
5.150,0.450,0.0159902290486156,0.2292229870099457,2.2665757582017907
5.250,0.450,0.0175591908906148,0.2320844882235905,1.9846004640465431
4.750,0.550,0.3600131505950186,0.0786569809638999,1.5347970251704748
4.850,0.550,0.6262250282231707,0.1233611726169119,2.0159674728516350
4.950,0.550,0.6517831924119128,0.1343868475809976,2.5588701558859119
5.050,0.550,0.6161662604018758,0.1788301409350732,2.6320651906488588
5.150,0.550,0.5707364246590170,0.2034216667638194,2.3323394407188323
5.250,0.550,0.4997755635365699,0.1793522368095468,1.9156433160412709
4.750,0.650,1.6482017474995998,0.6762016373840508,0.3947938660264022
4.850,0.650,1.5098199599290969,0.0976199005070006,1.4596156406291050
4.950,0.650,1.3548050439678483,0.0359960100263857,2.4437247055488305
5.050,0.650,1.2475235484475198,0.0022691798776128,2.6300404924498326
5.150,0.650,1.0385148950806400,0.0284670127571335,2.3394457947333764
5.250,0.650,0.7708953717440689,0.0079449346216488,1.8642240747151650
4.750,1.350,1.4053180569864401,0.7129517828465579,0.2482820950568463
4.850,1.350,1.1974435624395507,0.1378372893728653,0.8550622444992844
4.950,1.350,1.0533559082388695,0.0371052070906036,1.6873595190091184
5.050,1.350,1.0261622135093664,0.0391640078379164,2.0219884654856313
5.150,1.350,0.9487482867383370,0.0166004249262383,2.0216428206178043
5.250,1.350,0.7766003827489979,0.0471015390056945,1.7673727092653326
4.750,1.450,0.2755035662136591,0.1687390767172410,1.3364733645052214
4.850,1.450,0.5262374981765681,0.1670998115889092,1.4407297592616042
4.950,1.450,0.5334967561147690,0.0971513141958797,1.8133457236168022
5.050,1.450,0.5073878613196030,0.0822118220826364,2.0074058617403012
5.150,1.450,0.4893138157115575,0.0983230374552111,1.9556241870024469
5.250,1.450,0.4570618235384500,0.0942110617610207,1.7471769443968879
4.750,1.550,0.2458078777694799,0.1499510413822746,1.4997078851799182
4.850,1.550,0.1569224875133584,0.0489368017274786,1.6601670244533522
4.950,1.550,0.0953545961463407,0.0300242192492767,1.8636985241242416
5.050,1.550,0.0627506950500982,0.0880147541513314,1.9678738065284318
5.150,1.550,0.0380653390088104,0.1262156485773720,1.9208376549881869
5.250,1.550,0.0228565463871799,0.1356106049622812,1.7818718222242997
4.750,1.650,0.3619168812253588,0.1389913848380655,1.2873161514615798
4.850,1.650,0.3818850309818718,0.0928020592035593,1.4639835986246128
4.950,1.650,0.3887739179519647,0.0282100563077456,1.6512342017374715
5.050,1.650,0.3772933491536867,0.0376183498983082,1.7756357101695155
5.150,1.650,0.3501517417859459,0.0864866018534163,1.7918649230977850
5.250,1.650,0.3173612224906939,0.1110581514527123,1.7324330914598240
4.750,1.750,0.3942039320478772,0.0805349569711010,1.1198927754796280
4.850,1.750,0.4347803776347225,0.0612240354752153,1.2911306859994123
4.950,1.750,0.4679280548789801,0.0284152198447649,1.4557712355387216
5.050,1.750,0.4807313043017456,0.0131013476895981,1.5828053713839334
5.150,1.750,0.4692105693409885,0.0491084460426179,1.6408300887072953
5.250,1.750,0.4398684426498236,0.0708697935934948,1.6416893183367229
4.750,1.850,0.3622761205219853,0.0344578915542482,1.0343888531062562
4.850,1.850,0.3948742047902454,0.0291063870971200,1.1976468930324677
4.950,1.850,0.4161966050639108,0.0177018296381936,1.3457977506775860
5.050,1.850,0.4181664136312506,0.0012318188158703,1.4661575231681194
5.150,1.850,0.3994546189368129,0.0145257055174044,1.5423854977562710
5.250,1.850,0.3640206618856860,0.0242052504038778,1.5758888730409906
4.750,1.950,0.1348567873432206,0.0120511599583477,1.0026907563945375
4.850,1.950,0.1435969030684544,0.0142526511890546,1.1733624977167143
4.950,1.950,0.1486159033279543,0.0147567212054754,1.3240208692280842
5.050,1.950,0.1456266346838641,0.0115276561770651,1.4454084075046292
5.150,1.950,0.1343839156187721,0.0066760090330967,1.5293854016661124
5.250,1.950,0.1169325138917835,0.0032489242098874,1.5744939964904359
5.350,0.050,0.0650921720605375,0.0002355359268738,1.7449244839963409
5.450,0.050,0.0375624954374414,0.0032072597209262,1.7051911539882192
5.550,0.050,0.0193943987363742,0.0056113427584411,1.6570987417116751
5.650,0.050,0.0078390727854053,0.0061460449021092,1.6083538484552231
5.750,0.050,0.0003293846960467,0.0052607667304231,1.5617180683758107
5.850,0.050,0.0048355701720596,0.0041209831030170,1.5184282224093812
5.950,0.050,0.0085799174118640,0.0033798250691771,1.4793205243814027
6.050,0.050,0.0113410301545206,0.0030477833401112,1.4448382553367529
6.150,0.050,0.0133528934795021,0.0029349818769820,1.4150054033105830
6.250,0.050,0.0148145313358129,0.0029292492970703,1.3895222857550351
6.350,0.050,0.0159231122915606,0.0029993521737938,1.3679036467313730
6.450,0.050,0.0168210473496690,0.0031139099918701,1.3496054286290966
6.550,0.050,0.0175625020766306,0.0032061555866644,1.3341250842570045
6.650,0.050,0.0181282580932469,0.0031961287354225,1.3210322567072557
6.750,0.050,0.0184803784039643,0.0030304714331336,1.3099678103511423
6.850,0.050,0.0185991500313823,0.0027040603881698,1.3006150010762965
6.950,0.050,0.0185018746050595,0.0022541879967531,1.2926909020905049
7.050,0.050,0.0182272741764817,0.0017387712171609,1.2859412580771239
7.150,0.050,0.0178175552602900,0.0012146189223321,1.2801467478157358
7.250,0.050,0.0173090953157855,0.0007248372641775,1.2751282140145492
7.350,0.050,0.0167240136993116,0.0002959226098055,1.2707426957961525
7.450,0.050,0.0160789474781458,0.0000595144163345,1.2668869275479331
7.550,0.050,0.0153878726682780,0.0003382892801468,1.2634875134361789
7.650,0.050,0.0146666603613480,0.0005428363634036,1.2604932180451449
7.750,0.050,0.0139324130906971,0.0006786631514938,1.2578663302702759
7.850,0.050,0.0132050773589475,0.0007528822106965,1.2555813910417752
7.950,0.050,0.0125062777365654,0.0007734368915387,1.2536160047213505
8.050,0.050,0.0118541926679303,0.0007486451062397,1.2519510617044949
8.150,0.050,0.0112649927766510,0.0006869161904991,1.2505664695718752
8.250,0.050,0.0107511005652236,0.0005965047838347,1.2494413748107616
8.350,0.050,0.0103203661255559,0.0004853315367579,1.2485548113153524
8.450,0.050,0.0099761739234348,0.0003608101674230,1.2478817026505806
8.550,0.050,0.0097174689408710,0.0002297456798115,1.2473991520578898
8.650,0.050,0.0095386892708439,0.0000982344078420,1.2470809663193589
8.750,0.050,0.0094325998164517,0.0000283523962454,1.2469043716512525
8.850,0.050,0.0093870297668872,0.0001453991788803,1.2468428897987351
8.950,0.050,0.0093865219839699,0.0002490037166052,1.2468733500819584
9.050,0.050,0.0094169049429058,0.0003359584134573,1.2469740185985649
9.150,0.050,0.0094587980634644,0.0004036805321571,1.2471218296092210
9.250,0.050,0.0094940599922956,0.0004501697528284,1.2472977067914899
9.350,0.050,0.0095031873900367,0.0004738553993795,1.2474829639212930
9.450,0.050,0.0094656695701242,0.0004733946339028,1.2476637759054183
9.550,0.050,0.0093603022712440,0.0004461829987666,1.2478276121313445
9.650,0.050,0.0091634621169177,0.0003917989311885,1.2479649249438107
9.750,0.050,0.0088543420157573,0.0003145982972080,1.2480727867766979
9.850,0.050,0.0083181469106599,0.0001685975825827,1.2480876701093617
9.950,0.050,0.0072992488766395,0.0002048108815521,1.2482757750028897
5.350,0.150,0.3135391800796226,0.0504508372288253,1.7316779939979998
5.450,0.150,0.2426359107343725,0.0431297550598589,1.6877060792491154
5.550,0.150,0.1808031629681561,0.0346373424044318,1.6403209199262048
5.650,0.150,0.1302637951303363,0.0267113531105116,1.5937552828239450
5.750,0.150,0.0903109770214816,0.0202406130206476,1.5493092411921423
5.850,0.150,0.0593141160660964,0.0156153903198545,1.5082548526133444
5.950,0.150,0.0355535215469880,0.0125910433559410,1.4714929961113179
6.050,0.150,0.0174684999836399,0.0106170748401978,1.4392033298983140
6.150,0.150,0.0037490619183804,0.0092537864865295,1.4111186350330631
6.250,0.150,0.0066316481844342,0.0082687647317081,1.3868334929471096
6.350,0.150,0.0144199757895908,0.0075255420467761,1.3659434343618204
6.450,0.150,0.0201165209235437,0.0068938176544002,1.3480821227422526
6.550,0.150,0.0240678675837311,0.0062527542277872,1.3329172226180308
6.650,0.150,0.0265624364626496,0.0055278709460324,1.3201285563000340
6.750,0.150,0.0278850621282933,0.0047058689297712,1.3093814516628748
6.850,0.150,0.0283144278495510,0.0038189484002620,1.3003393104507031
6.950,0.150,0.0280959182978702,0.0029165464851839,1.2926829279912022
7.050,0.150,0.0274231545354189,0.0020448799145215,1.2861333863024518
7.150,0.150,0.0264332461546382,0.0012383886787715,1.2804668092161411
7.250,0.150,0.0252227492095682,0.0005196918803497,1.2755108629085070
7.350,0.150,0.0238602570411558,0.0000974946214912,1.2711420886179789
7.450,0.150,0.0224002037694304,0.0006058946617695,1.2672748356355577
7.550,0.150,0.0208869390942495,0.0010031254876135,1.2638494793705692
7.650,0.150,0.0193602681955254,0.0012910206560614,1.2608261972524233
7.750,0.150,0.0178565754236154,0.0014750551961442,1.2581744751249910
7.850,0.150,0.0164065045897086,0.0015638321256840,1.2558708406534527
7.950,0.150,0.0150367916642177,0.0015683770919033,1.2538929707515198
8.050,0.150,0.0137685728081171,0.0015013920791315,1.2522201688812542
8.150,0.150,0.0126173618315412,0.0013765017348175,1.2508321589161462
8.250,0.150,0.0115928515239175,0.0012075940387730,1.2497041375463129
8.350,0.150,0.0107006884804366,0.0010082785072091,1.2488140375888779
8.450,0.150,0.0099413707794295,0.0007913939131805,1.2481369671975795
8.550,0.150,0.0093104113367248,0.0005687286550836,1.2476448003288017
8.650,0.150,0.0087998962719860,0.0003507912016165,1.2473149010586368
8.750,0.150,0.0083985499569181,0.0001467348181070,1.2471199689223798
8.850,0.150,0.0080943996066465,0.0000357508433233,1.2470369951281486
8.950,0.150,0.0078701144813070,0.0001903494181303,1.2470403209663101
9.050,0.150,0.0077100791671504,0.0003120171433135,1.2471087905049187
9.150,0.150,0.0075952474493849,0.0003969202300557,1.2472209900708235
9.250,0.150,0.0075098129583864,0.0004421786961954,1.2473595672781288
9.350,0.150,0.0074337248113644,0.0004455950501622,1.2475046226008757
9.450,0.150,0.0073510705278418,0.0004051162469132,1.2476451667558970
9.550,0.150,0.0072403441939016,0.0003166274125951,1.2477610374871153
9.650,0.150,0.0070946148344547,0.0001765759547440,1.2478462697256811
9.750,0.150,0.0068856079102699,0.0000368951701354,1.2479453135298328
9.850,0.150,0.0065937115185137,0.0003346960821523,1.2477662946685426
9.950,0.150,0.0056829180168504,0.0009470513596841,1.2476017331873130
5.350,0.250,0.4123648487383487,0.1275116406774904,1.7613187936978125
5.450,0.250,0.3492292464907485,0.1142087331015628,1.6908437071772155
5.550,0.250,0.2905818152474744,0.0953317369246634,1.6322779182948857
5.650,0.250,0.2369946258475495,0.0761078306768248,1.5820060456018403
5.750,0.250,0.1888159139658963,0.0592325701835375,1.5371705848853208
5.850,0.250,0.1465568194714983,0.0457719970763154,1.4977847320392732
5.950,0.250,0.1103367032235667,0.0356208900758079,1.4635741077249973
6.050,0.250,0.0797748873128286,0.0281341023298642,1.4335316412962040
6.150,0.250,0.0543425063308471,0.0226137960663250,1.4068739883305255
6.250,0.250,0.0335332182817019,0.0184656205345682,1.3833089255334574
6.350,0.250,0.0169035937219191,0.0152118595147925,1.3627642796453356
6.450,0.250,0.0039875075993321,0.0125045309668809,1.3451496327527546
6.550,0.250,0.0057166935988839,0.0101378978659796,1.3302599388481009
6.650,0.250,0.0127293547952545,0.0080164183114730,1.3177832739317177
6.750,0.250,0.0175783989742793,0.0061080411296115,1.3073492036960750
6.850,0.250,0.0207112553546906,0.0044037117671064,1.2985828792734679
6.950,0.250,0.0225346439121756,0.0028984247077359,1.2911523950180088
7.050,0.250,0.0233574875158657,0.0015859928322070,1.2847860039499519
7.150,0.250,0.0234355921374860,0.0004594701158548,1.2792742099431746
7.250,0.250,0.0229733262468799,0.0004877167455196,1.2744612975760055
7.350,0.250,0.0221446805331655,0.0012614796402194,1.2702343925955040
7.450,0.250,0.0210697298337732,0.0018686298002124,1.2665147367482210
7.550,0.250,0.0198438149301186,0.0023170090083432,1.2632403723630621
7.650,0.250,0.0185473624862629,0.0026166557492235,1.2603697095484390
7.750,0.250,0.0172348406033329,0.0027799216721573,1.2578681520358528
7.850,0.250,0.0159519418836700,0.0028214567616070,1.2557048478303021
7.950,0.250,0.0147305853642938,0.0027577480082562,1.2538555895790318
8.050,0.250,0.0135816755290993,0.0026066131586426,1.2522948709471013
8.150,0.250,0.0125257586685158,0.0023864561995761,1.2509990950985583
8.250,0.250,0.0115628116468705,0.0021156197602259,1.2499449259885909
8.350,0.250,0.0107044254038586,0.0018118005453983,1.2491067712570476
8.450,0.250,0.0099466358821213,0.0014915532857656,1.2484623859063844
8.550,0.250,0.0092846285320247,0.0011698708542435,1.2479845874919677
8.650,0.250,0.0087115106945042,0.0008599862541129,1.2476520753425009
8.750,0.250,0.0082213150101532,0.0005731582332929,1.2474413478192294
8.850,0.250,0.0078023692140756,0.0003187076409951,1.2473277125979021
8.950,0.250,0.0074471440879532,0.0001040070741438,1.2472923854250098
9.050,0.250,0.0071446718757631,0.0000653377605723,1.2473146728822651
9.150,0.250,0.0068856116550647,0.0001853300730117,1.2473762345458110
9.250,0.250,0.0066600253937392,0.0002532454334227,1.2474594196901487
9.350,0.250,0.0064609181245998,0.0002672470353429,1.2475486734643455
9.450,0.250,0.0062805873130723,0.0002257550752976,1.2476310073232184
9.550,0.250,0.0061088196387908,0.0001261740475098,1.2476894284576139
9.650,0.250,0.0059489677062412,0.0000355370703057,1.2477066230388565
9.750,0.250,0.0057879343676386,0.0002708358456233,1.2477444882610875
9.850,0.250,0.0057240881746505,0.0005867320286919,1.2474795084102424
9.950,0.250,0.0048751298233483,0.0011375406467039,1.2469793904874666
5.350,0.350,0.2996412035162574,0.1842000253323076,1.7904755063083881
5.450,0.350,0.2701978967310907,0.1621642561394972,1.6826917268426760
5.550,0.350,0.2495660032855067,0.1371798890640400,1.6134374755994401
5.650,0.350,0.2297661161639812,0.1137512095502534,1.5615355365181518
5.750,0.350,0.2076236503621871,0.0933727462232533,1.5179752626507146
5.850,0.350,0.1830896116733221,0.0764899490318793,1.4816281657211496
5.950,0.350,0.1569845895380495,0.0627863897773956,1.4506924537832278
6.050,0.350,0.1304153702455717,0.0516218959782403,1.4230555350455369
6.150,0.350,0.1046775033064100,0.0423927264149397,1.3979286304123044
6.250,0.350,0.0809415916845158,0.0346289679794362,1.3754337243427579
6.350,0.350,0.0599675103226394,0.0279935223444470,1.3557690978936896
6.450,0.350,0.0421278755574601,0.0222672565321157,1.3389233607548123
6.550,0.350,0.0274328513639783,0.0173193438798960,1.3247024008407096
6.650,0.350,0.0157064677489340,0.0130680148249985,1.3128130583193292
6.750,0.350,0.0066261874842442,0.0094526100352082,1.3029131416765147
6.850,0.350,0.0001969057348414,0.0064135441710327,1.2946590170493435
6.950,0.350,0.0051706075809275,0.0038907183532436,1.2877317387253244
7.050,0.350,0.0086696405377944,0.0018235208692567,1.2818614159901112
7.150,0.350,0.0110147547016701,0.0001549068916149,1.2768314765645532
7.250,0.350,0.0124942372747996,0.0011667400226519,1.2724765900314343
7.350,0.350,0.0133083891329422,0.0021861592727923,1.2686764860118176
7.450,0.350,0.0136688354588661,0.0029419655988047,1.2653433735966282
7.550,0.350,0.0136865456933015,0.0034676376880034,1.2624143994035339
7.650,0.350,0.0134843271061562,0.0037929425100108,1.2598433507860074
7.750,0.350,0.0131310417348529,0.0039454967136760,1.2575966108103560
7.850,0.350,0.0126858651453470,0.0039514676203512,1.2556432316321577
7.950,0.350,0.0121916343724271,0.0038358740334669,1.2539619219238549
8.050,0.350,0.0116768093789335,0.0036229682349698,1.2525287300919883
8.150,0.350,0.0111658717543619,0.0033357914630558,1.2513242275799692
8.250,0.350,0.0106581629328892,0.0029964252162438,1.2503280361041278
8.350,0.350,0.0101652631960469,0.0026249353503580,1.2495195852192085
8.450,0.350,0.0096870610448736,0.0022397446769929,1.2488800241461042
8.550,0.350,0.0092366798063495,0.0018568865488822,1.2483872410111885
8.650,0.350,0.0088144275091562,0.0014903960712331,1.2480239632306991
8.750,0.350,0.0084109253926554,0.0011517930660199,1.2477689259572620
8.850,0.350,0.0080295550253200,0.0008503053477259,1.2476041030673199
8.950,0.350,0.0076683469728134,0.0005930743073668,1.2475119988557242
9.050,0.350,0.0073314170245942,0.0003851783405775,1.2474739998665436
9.150,0.350,0.0070200400972231,0.0002303038089959,1.2474747862036777
9.250,0.350,0.0067334375225812,0.0001304481782481,1.2474988009603396
9.350,0.350,0.0064793406514112,0.0000868557426735,1.2475297755336254
9.450,0.350,0.0062443825454601,0.0001003028567313,1.2475553077980555
9.550,0.350,0.0060443599024109,0.0001717667437503,1.2475576895131848
9.650,0.350,0.0058943991248761,0.0003027396377950,1.2475158789657415
9.750,0.350,0.0057690534664934,0.0004987281347420,1.2474779146807458
9.850,0.350,0.0058323523248571,0.0007533860983739,1.2471506660422518
9.950,0.350,0.0050278188709489,0.0010711282143986,1.2464542867998185
5.350,0.450,0.0157001097822391,0.1949483113511044,1.7497810110550776
5.450,0.450,0.0165428130212737,0.1555549798804076,1.6261243015360893
5.550,0.450,0.0576644278742893,0.1271834356820911,1.5697164419762299
5.650,0.450,0.0917419236398205,0.1076464565253676,1.5298368756196334
5.750,0.450,0.1146793272416131,0.0938025016975315,1.4951672231274016
5.850,0.450,0.1268399858867517,0.0834760145113375,1.4658556439146584
5.950,0.450,0.1292746609870301,0.0748613957614510,1.4393351042436942
6.050,0.450,0.1237926915742493,0.0667549749216441,1.4136927924286073
6.150,0.450,0.1128363967590826,0.0586410367092856,1.3892172332214723
6.250,0.450,0.0987736888277060,0.0504577431211549,1.3668512626821117
6.350,0.450,0.0835303152148970,0.0423738295969471,1.3471976028428820
6.450,0.450,0.0684700944908079,0.0346418043524590,1.3304420876431857
6.550,0.450,0.0544973436251504,0.0275004302537092,1.3165021479200965
6.650,0.450,0.0420890406838741,0.0211208067869305,1.3051183774830877
6.750,0.450,0.0314678560507418,0.0155899599817834,1.2959213083388774
6.850,0.450,0.0226007522424789,0.0109166389809166,1.2884987650576569
6.950,0.450,0.0153566448541707,0.0070548634604441,1.2824580912009438
7.050,0.450,0.0095395536541829,0.0039279679378994,1.2774659145942970
7.150,0.450,0.0049326143162853,0.0014455158633718,1.2732620639381327
7.250,0.450,0.0013141731061663,0.0004837317946899,1.2696536944055254
7.350,0.450,0.0014896422919446,0.0019441678050738,1.2665095521121850
7.450,0.450,0.0036703975406931,0.0030107039233458,1.2637401379692301
7.550,0.450,0.0053356323262366,0.0037484137305583,1.2612864268411679
7.650,0.450,0.0066155868275946,0.0042133064417767,1.2591086042717323
7.750,0.450,0.0075850660654897,0.0044537876896969,1.2571797505487439
7.850,0.450,0.0082981040847740,0.0045120168022132,1.2554792870296323
7.950,0.450,0.0088238746671419,0.0044249681995140,1.2539911102582766
8.050,0.450,0.0091828795895721,0.0042256265987632,1.2527005440059382
8.150,0.450,0.0094128546034542,0.0039428111040626,1.2515954591130951
8.250,0.450,0.0095341053944611,0.0036023650521640,1.2506611057087342
8.350,0.450,0.0095641578978061,0.0032268001012512,1.2498853568652297
8.450,0.450,0.0095217102075034,0.0028352726421186,1.2492531760412777
8.550,0.450,0.0094099301956199,0.0024446196167003,1.2487511985493165
8.650,0.450,0.0092391704808095,0.0020684044950936,1.2483633677223154
8.750,0.450,0.0090291819560253,0.0017178327755242,1.2480755971634516
8.850,0.450,0.0087909062581761,0.0014016965701098,1.2478714478539574
8.950,0.450,0.0085279211929346,0.0011265037326130,1.2477358178154716
9.050,0.450,0.0082576042346514,0.0008969410112635,1.2476536458871614
9.150,0.450,0.0079820696123707,0.0007162142463267,1.2476076322487695
9.250,0.450,0.0077089251917648,0.0005860024032575,1.2475839780145941
9.350,0.450,0.0074418869020150,0.0005072565781063,1.2475681453725735
9.450,0.450,0.0072112810645315,0.0004801701540670,1.2475426387973441
9.550,0.450,0.0070044587093661,0.0005049420318953,1.2474913070421350
9.650,0.450,0.0068461407654157,0.0005816512500670,1.2473900649907579
9.750,0.450,0.0067187087816607,0.0007073582777428,1.2472825340348315
9.850,0.450,0.0068024524565506,0.0008910457243669,1.2468884994054319
9.950,0.450,0.0061157825936728,0.0009266090880661,1.2461604827939392
5.350,0.550,0.4012971915384207,0.1124453778544276,1.6021001034447235
5.450,0.550,0.2774091547839703,0.0689738653849828,1.5150668780551242
5.550,0.550,0.1688412934347858,0.0528384200266525,1.5057992545114323
5.650,0.550,0.0881809371067956,0.0502329616878601,1.4914244669378154
5.750,0.550,0.0289491405417963,0.0535104960818670,1.4733704211972067
5.850,0.550,0.0139245175182650,0.0583759523936853,1.4556042664632047
5.950,0.550,0.0428356037588089,0.0619418506383701,1.4344996292153527
6.050,0.550,0.0601942076279420,0.0628623828695386,1.4095702493388558
6.150,0.550,0.0686394324962363,0.0609520413395121,1.3836027027032762
6.250,0.550,0.0705537951183919,0.0566175466957841,1.3593017649070582
6.350,0.550,0.0679097076256983,0.0505335669087492,1.3381264132657111
6.450,0.550,0.0623964685664888,0.0434474966332828,1.3205570418216543
6.550,0.550,0.0553235088969093,0.0360502356799263,1.3064962753256837
6.650,0.550,0.0476399963610705,0.0288856603227870,1.2955340057853193
6.750,0.550,0.0399993182831415,0.0223178205112087,1.2871168173475569
6.850,0.550,0.0327935687334484,0.0165469801247033,1.2806716633265613
6.950,0.550,0.0262099928357196,0.0116414093993090,1.2756860313961647
7.050,0.550,0.0203385069377948,0.0075847638388500,1.2717429347575810
7.150,0.550,0.0151886251163926,0.0043093743603731,1.2685314195144892
7.250,0.550,0.0107113903690939,0.0017235470500674,1.2658290723174661
7.350,0.550,0.0068563305803468,0.0002700215471368,1.2634900772853115
7.450,0.550,0.0035555486958050,0.0017641822559617,1.2614212253122048
7.550,0.550,0.0007576667921245,0.0028431377517464,1.2595651960194352
7.650,0.550,0.0016058076203853,0.0035805480822747,1.2578884532734345
7.750,0.550,0.0035795728296251,0.0040400849447312,1.2563704032863914
7.850,0.550,0.0052074572081018,0.0042760261398583,1.2550014732493802
7.950,0.550,0.0065479873420093,0.0043352300630683,1.2537740991663626
8.050,0.550,0.0076117542850738,0.0042575024321942,1.2526840416494747
8.150,0.550,0.0084499876741806,0.0040770587908421,1.2517268619102777
8.250,0.550,0.0090839307760060,0.0038230242660116,1.2508997372170461
8.350,0.550,0.0095347382215543,0.0035202328433556,1.2501950632289696
8.450,0.550,0.0098337072561254,0.0031895257067599,1.2496064859202882
8.550,0.550,0.0100027144408152,0.0028483289849878,1.2491271415549283
8.650,0.550,0.0100647714466866,0.0025109354735451,1.2487459737949611
8.750,0.550,0.0100246419749332,0.0021887364063001,1.2484500552854092
8.850,0.550,0.0099194811589898,0.0018908573525089,1.2482288770987244
8.950,0.550,0.0097494719754407,0.0016239527140222,1.2480685907730176
9.050,0.550,0.0095484421917063,0.0013931097481133,1.2479541996528729
9.150,0.550,0.0093144515518457,0.0012016077242174,1.2478697024399490
9.250,0.550,0.0090703431470929,0.0010515719845684,1.2478021946400613
9.350,0.550,0.0088142558425002,0.0009441569907794,1.2477339344456209
9.450,0.550,0.0085800966428140,0.0008796872284364,1.2476483794321425
9.550,0.550,0.0083579732564552,0.0008578802393425,1.2475282998140751
9.650,0.550,0.0081845880444007,0.0008793720762102,1.2473474732038621
9.750,0.550,0.0080435951509534,0.0009350620919581,1.2471571650090971
9.850,0.550,0.0080259229957715,0.0010606911245117,1.2466460978637117
9.950,0.550,0.0076400645249419,0.0008368647499314,1.2460555728492015
5.350,0.650,0.6269102238944564,0.0921402065811919,1.4614001752694195
5.450,0.650,0.4359504558425502,0.0858258081492466,1.4342669452888048
5.550,0.650,0.2953440663948483,0.0578950602528352,1.4657199181174119
5.650,0.650,0.2063508842305859,0.0287819821722569,1.4693228999452688
5.750,0.650,0.1421708814868208,0.0026619445951920,1.4649444575394361
5.850,0.650,0.0924621982275529,0.0187036902812924,1.4556640910703533
5.950,0.650,0.0545973482087210,0.0344639888343508,1.4369611626945895
6.050,0.650,0.0264148200036605,0.0447258195919965,1.4106826968899142
6.150,0.650,0.0059106989487407,0.0500538095349430,1.3818818253649856
6.250,0.650,0.0083763523891947,0.0511982934923840,1.3545987896654710
6.350,0.650,0.0175918353710733,0.0490607198177306,1.3309945693573879
6.450,0.650,0.0227926767564299,0.0446285084937246,1.3118427765227132
6.550,0.650,0.0249615973708477,0.0388566515591863,1.2970527410044490
6.650,0.650,0.0249524498741898,0.0325524257405727,1.2860641290049930
6.750,0.650,0.0234594519278912,0.0263157380967726,1.2781227530396813
6.850,0.650,0.0210162821553224,0.0205352337793267,1.2724711341345254
6.950,0.650,0.0180311370668145,0.0154173148376375,1.2684487153442436
7.050,0.650,0.0147842052816813,0.0110396405847403,1.2655309549326486
7.150,0.650,0.0114755158787674,0.0073946760079392,1.2633315808341614
7.250,0.650,0.0082556209671392,0.0044268088946644,1.2615827269760955
7.350,0.650,0.0051952976768324,0.0020605101774430,1.2601100087442911
7.450,0.650,0.0023826473194586,0.0002137761782223,1.2588064350407659
7.550,0.650,0.0001729669049240,0.0011920941172016,1.2576105683626360
7.650,0.650,0.0024302384387760,0.0022287105119130,1.2564891169755308
7.750,0.650,0.0043883822733664,0.0029594749305369,1.2554319156589759
7.850,0.650,0.0060625315994991,0.0034396401807360,1.2544351148995851
7.950,0.650,0.0074717895082845,0.0037171181825262,1.2535037720721658
8.050,0.650,0.0086096240635405,0.0038330147918156,1.2526435863125036
8.150,0.650,0.0095262828430362,0.0038229869781934,1.2518610676278552
8.250,0.650,0.0102229099266282,0.0037175776962995,1.2511629041451626
8.350,0.650,0.0107270694397641,0.0035427213930943,1.2505506668994579
8.450,0.650,0.0110594098864489,0.0033205636295847,1.2500252733096184
8.550,0.650,0.0112612379460619,0.0030696297468603,1.2495848332930366
8.650,0.650,0.0113328055623598,0.0028053304262250,1.2492216430922376
8.750,0.650,0.0113021475819612,0.0025400206457505,1.2489311871735265
8.850,0.650,0.0111843374645215,0.0022838424176532,1.2487000710377543
8.950,0.650,0.0110110550127802,0.0020444869186399,1.2485188474839324
9.050,0.650,0.0108003825046072,0.0018277120227498,1.2483727231642321
9.150,0.650,0.0105467642291246,0.0016379491370142,1.2482471464113738
9.250,0.650,0.0102810795949491,0.0014780299928321,1.2481262849392352
9.350,0.650,0.0100207921333406,0.0013497604361899,1.2479944055703083
9.450,0.650,0.0097601463224672,0.0012542647049913,1.2478341692539527
9.550,0.650,0.0095303916482750,0.0011913203874627,1.2476260543569637
9.650,0.650,0.0093300190869063,0.0011632013069888,1.2473421201965391
9.750,0.650,0.0091949995858172,0.0011563429946588,1.2470462214505913
9.850,0.650,0.0090490174241162,0.0012326431760540,1.2463651826619051
9.950,0.650,0.0092136937861003,0.0008253077826125,1.2460658306834147
5.350,0.750,0.1577146795468016,0.0743191753254239,1.2464809377192141
5.450,0.750,0.1783838595304591,0.1103627138228815,1.3616783892495155
5.550,0.750,0.1819236386868637,0.0936197489714844,1.4339921386229726
5.650,0.750,0.1780731556076366,0.0640420530691153,1.4583303510407142
5.750,0.750,0.1622084538440860,0.0339996064696761,1.4662164097924666
5.850,0.750,0.1409518706386420,0.0084822425913598,1.4610638829842033
5.950,0.750,0.1192414436132680,0.0111783100806113,1.4422228166322901
6.050,0.750,0.0986255798074348,0.0252331059810246,1.4140709895756858
6.150,0.750,0.0795743645768947,0.0342850407960264,1.3825712124187217
6.250,0.750,0.0625542668648604,0.0390027335256492,1.3523557650043201
6.350,0.750,0.0479817333062915,0.0401398539334571,1.3261627775435831
6.450,0.750,0.0360340873159153,0.0385405461824755,1.3051370125798147
6.550,0.750,0.0266453347092799,0.0350804666286145,1.2892962394117471
6.650,0.750,0.0195794767383299,0.0305627922713297,1.2779926588043331
6.750,0.750,0.0144868870365973,0.0256453664517141,1.2702944207417439
6.850,0.750,0.0110128321820886,0.0207963526727426,1.2652538284228732
6.950,0.750,0.0088328070778723,0.0163061711562685,1.2620471287919512
7.050,0.750,0.0076354023268694,0.0123224542754840,1.2600304382595333
7.150,0.750,0.0071736190918665,0.0088949699731374,1.2587333316101401
7.250,0.750,0.0072458538032771,0.0060142769777393,1.2578394850869907
7.350,0.750,0.0076747292338279,0.0036382465560642,1.2571416079409197
7.450,0.750,0.0083289548290513,0.0017125758809425,1.2565205177785841
7.550,0.750,0.0091013869667214,0.0001800935142586,1.2559098306230645
7.650,0.750,0.0098952908624352,0.0010135453087699,1.2552808733502494
7.750,0.750,0.0106601325030840,0.0019183125397330,1.2546284312364040
7.850,0.750,0.0113577985512487,0.0025789641209627,1.2539595358639724
7.950,0.750,0.0119498281170967,0.0030353606205143,1.2532878456880454
8.050,0.750,0.0124159952380523,0.0033227649123695,1.2526307941839274
8.150,0.750,0.0127643914698370,0.0034726037895457,1.2520053334278822
8.250,0.750,0.0129830196017091,0.0035125015993542,1.2514236765998121
8.350,0.750,0.0130928167784401,0.0034666013777808,1.2508979072298199
8.450,0.750,0.0130919704491772,0.0033562177952395,1.2504326773660985
8.550,0.750,0.0129913646183679,0.0031996436310768,1.2500314768551044
8.650,0.750,0.0128209882438697,0.0030121765139739,1.2496931409060121
8.750,0.750,0.0125771450291605,0.0028071579176445,1.2494113912195310
8.850,0.750,0.0122903186738561,0.0025950299070761,1.2491772924159277
8.950,0.750,0.0119735658789588,0.0023847218292356,1.2489815622591891
9.050,0.750,0.0116313284015872,0.0021829819958180,1.2488107102571131
9.150,0.750,0.0112785736064545,0.0019949701505612,1.2486500012116857
9.250,0.750,0.0109401893935053,0.0018246261459307,1.2484822529036310
9.350,0.750,0.0106205737144078,0.0016746293338898,1.2482924836104017
9.450,0.750,0.0103233710573492,0.0015469620116832,1.2480604278328185
9.550,0.750,0.0100713183932009,0.0014419890226936,1.2477686389618656
9.650,0.750,0.0098661713448684,0.0013632643824387,1.2473814966532952
9.750,0.750,0.0097486880091180,0.0012964746254655,1.2469868350380746
9.850,0.750,0.0094786531750048,0.0013138274720656,1.2461087059825082
9.950,0.750,0.0103649298764974,0.0008309934035723,1.2462045896644920
5.350,0.850,0.0019768784438145,0.0002680411971538,1.2925521647134481
5.450,0.850,0.0238249026081750,0.0470039672156371,1.3717664975702146
5.550,0.850,0.0746675157932325,0.0585774905751265,1.4267607199165981
5.650,0.850,0.1158095838547821,0.0471710947495117,1.4566322170480417
5.750,0.850,0.1396838267220716,0.0295593920205238,1.4689588601281249
5.850,0.850,0.1499656895928988,0.0122010925864400,1.4640497883010655
5.950,0.850,0.1509778069305763,0.0026814080207731,1.4441971833204565
6.050,0.850,0.1456017006901143,0.0141058716809873,1.4148526217934727
6.150,0.850,0.1357852550080336,0.0219330343285138,1.3819353716427982
6.250,0.850,0.1231555678477286,0.0265341395098801,1.3501215491548377
6.350,0.850,0.1091876451843645,0.0284458747238337,1.3223929571998974
6.450,0.850,0.0951171008079854,0.0282179089339336,1.3001529904330547
6.550,0.850,0.0818551359057689,0.0264107915363082,1.2835613684320011
6.650,0.850,0.0699037104080487,0.0235749011455281,1.2719857192281117
6.750,0.850,0.0595005564044155,0.0202104854688096,1.2644171220261586
6.850,0.850,0.0506731399674460,0.0167126301132438,1.2597904076906827
6.950,0.850,0.0433240498274199,0.0133545501174324,1.2571699429206737
7.050,0.850,0.0373157153862425,0.0102941147806820,1.2558161568424482
7.150,0.850,0.0324676789498604,0.0076007568757853,1.2551942587583236
7.250,0.850,0.0286088932546862,0.0052866118317931,1.2549422600354956
7.350,0.850,0.0255871251677058,0.0033322396717796,1.2548312299349378
7.450,0.850,0.0232539685768620,0.0017045971482951,1.2547265280063449
7.550,0.850,0.0214506768875391,0.0003669277866553,1.2545588980296849
7.650,0.850,0.0200679418929659,0.0007160095298899,1.2543028710386013
7.750,0.850,0.0190016449042094,0.0015758435488647,1.2539581225886089
7.850,0.850,0.0181460434725698,0.0022412639447120,1.2535376939771901
7.950,0.850,0.0174455192372271,0.0027376122944162,1.2530662532957804
8.050,0.850,0.0168457507013762,0.0030882425572042,1.2525662198671519
8.150,0.850,0.0162949432005193,0.0033143370576157,1.2520622877056682
8.250,0.850,0.0157655443630158,0.0034355435474634,1.2515755213395003
8.350,0.850,0.0152367040225028,0.0034698645270630,1.2511207157235100
8.450,0.850,0.0147076066107950,0.0034339211350161,1.2507101101691769
8.550,0.850,0.0141617099169915,0.0033427604547710,1.2503498407539588
8.650,0.850,0.0136118614534673,0.0032096968590533,1.2500407274857253
8.750,0.850,0.0130562257936400,0.0030464870324219,1.2497791412866477
8.850,0.850,0.0125049365565055,0.0028633413321152,1.2495577981018133
8.950,0.850,0.0119573795821264,0.0026688746966392,1.2493663960869590
9.050,0.850,0.0114300148564961,0.0024702000787207,1.2491920566984205
9.150,0.850,0.0109346506456613,0.0022729670736897,1.2490195588398840
9.250,0.850,0.0104770918025789,0.0020818482640793,1.2488323722593653
9.350,0.850,0.0100660937799506,0.0019002758227624,1.2486125058739956
9.450,0.850,0.0097125635378461,0.0017308310527593,1.2483391912541908
9.550,0.850,0.0094289576863420,0.0015749897229554,1.2479942229367140
9.650,0.850,0.0091988365293814,0.0014359362300684,1.2475378767938066
9.750,0.850,0.0091165400329691,0.0013039797427225,1.2470732261853394
9.850,0.850,0.0087569580989486,0.0012355455458668,1.2460355736013711
9.950,0.850,0.0103253729238759,0.0007906347988810,1.2465181133013838
5.350,0.950,0.0177499921389647,0.0059083151744732,1.3300081451149175
5.450,0.950,0.0155883183980739,0.0141448584596056,1.3815406905822236
5.550,0.950,0.0330747450189152,0.0173765571621272,1.4222166194772843
5.650,0.950,0.0845221211192865,0.0118364100121805,1.4523908684583935
5.750,0.950,0.1261623042126205,0.0046732410185770,1.4662583335334707
5.850,0.950,0.1544571723272180,0.0020361648020082,1.4619116593580077
5.950,0.950,0.1702316648866619,0.0080776899282256,1.4422969267305832
6.050,0.950,0.1756747804350582,0.0127045182089227,1.4130985107026501
6.150,0.950,0.1730745662055487,0.0155500893771545,1.3801655901762766
6.250,0.950,0.1645664210475332,0.0168453153378882,1.3481035391482012
6.350,0.950,0.1521328530898773,0.0169931803211594,1.3199411449494296
6.450,0.950,0.1375401468528094,0.0162975161984695,1.2972075181690417
6.550,0.950,0.1222329759904768,0.0149609933282376,1.2802049993482065
6.650,0.950,0.1072612678397882,0.0131659928603840,1.2683926463901960
6.750,0.950,0.0932870193285464,0.0111095772279516,1.2607928505526405
6.850,0.950,0.0806582549552852,0.0089849262306402,1.2563205825507060
6.950,0.950,0.0695032511292311,0.0069471093492450,1.2539918093747116
7.050,0.950,0.0598261160164826,0.0050945709387837,1.2530138750383819
7.150,0.950,0.0515556254744622,0.0034709843222512,1.2528032576635135
7.250,0.950,0.0445608004106806,0.0020796634383044,1.2529642570609796
7.350,0.950,0.0387145389173622,0.0009020705652957,1.2532414038787405
7.450,0.950,0.0338757806424503,0.0000888796049611,1.2534867941672219
7.550,0.950,0.0298877017756380,0.0009193601781110,1.2536234692040247
7.650,0.950,0.0266267344980471,0.0016115035920829,1.2536244329049433
7.750,0.950,0.0239654213823424,0.0021819036574071,1.2534903922784195
7.850,0.950,0.0217710958474395,0.0026433315959353,1.2532401990757565
7.950,0.950,0.0199518074464535,0.0030053490720296,1.2529010773092384
8.050,0.950,0.0184305534902895,0.0032764280616516,1.2525053218549973
8.150,0.950,0.0171286169934299,0.0034641867338931,1.2520818684368837
8.250,0.950,0.0159885989226543,0.0035763003876196,1.2516557932095405
8.350,0.950,0.0149675573873362,0.0036206785250097,1.2512493412222185
8.450,0.950,0.0140405251561442,0.0036055048931246,1.2508765010866874
8.550,0.950,0.0131645678157690,0.0035390606781791,1.2505484536912377
8.650,0.950,0.0123534644203045,0.0034295445372556,1.2502664472315159
8.750,0.950,0.0115830357822997,0.0032848797987569,1.2500298096602325
8.850,0.950,0.0108471075217151,0.0031125054773815,1.2498309200270834
8.950,0.950,0.0101540709614876,0.0029192564159302,1.2496600354847811
9.050,0.950,0.0095139910729261,0.0027112395528751,1.2495049210573672
9.150,0.950,0.0089162039143855,0.0024937577729612,1.2493482620142256
9.250,0.950,0.0083773441148323,0.0022713494592113,1.2491738592347774
9.350,0.950,0.0079097442821405,0.0020477101269018,1.2489606201305301
9.450,0.950,0.0075201515826113,0.0018258818666093,1.2486893642461883
9.550,0.950,0.0072087113032138,0.0016079363539537,1.2483381655145716
9.650,0.950,0.0069781723790481,0.0013964476081780,1.2478636536354191
9.750,0.950,0.0069332752329665,0.0011879313008847,1.2473806961115312
9.850,0.950,0.0065202875491683,0.0010054480996398,1.2462658807364548
9.950,0.950,0.0085166586009295,0.0006815491983021,1.2469968162037377
5.350,1.050,0.0090751836295281,0.0335302246985153,1.3321619324035061
5.450,1.050,0.0071179086335996,0.0083737594626565,1.3830669927947150
5.550,1.050,0.0450035911941811,0.0271794437387426,1.4215305324342535
5.650,1.050,0.1006910615928508,0.0314002339360266,1.4514051807243353
5.750,1.050,0.1449839982785588,0.0290002353143187,1.4652964066332472
5.850,1.050,0.1746569383486266,0.0241398444756339,1.4607632684942229
5.950,1.050,0.1908011552507480,0.0195333376267069,1.4409326851617279
6.050,1.050,0.1957770650769088,0.0154846531994476,1.4116508481467469
6.150,1.050,0.1921610447110589,0.0116856079318146,1.3787690425883798
6.250,1.050,0.1822988489141790,0.0082474626461572,1.3468092134090854
6.350,1.050,0.1682684966425142,0.0054441669398881,1.3187131128852854
6.450,1.050,0.1518913918533608,0.0033571279821928,1.2959767270601208
6.550,1.050,0.1346753694755498,0.0018528380473815,1.2789180672815510
6.650,1.050,0.1177559488984081,0.0007282120993250,1.2670358112209017
6.750,1.050,0.1018688361094571,0.0001709899215824,1.2593931954962452
6.850,1.050,0.0874404201170724,0.0009200328528000,1.2549299116423125
6.950,1.050,0.0746409669838719,0.0015406386202074,1.2526665871210572
7.050,1.050,0.0634890665352323,0.0020371258668860,1.2518070129898291
7.150,1.050,0.0538986131559362,0.0024187028435086,1.2517549359812641
7.250,1.050,0.0457446086977020,0.0027048219046817,1.2520941787999438
7.350,1.050,0.0388746926054335,0.0029212131991597,1.2525558143564046
7.450,1.050,0.0331354142911331,0.0030924364096667,1.2529785737368997
7.550,1.050,0.0283713335418883,0.0032380990164584,1.2532760091591788
7.650,1.050,0.0244330813529761,0.0033698928583486,1.2534144682363948
7.750,1.050,0.0211986182365573,0.0034926369921238,1.2533923404266396
7.850,1.050,0.0185504675233774,0.0036054122761227,1.2532288100487157
7.950,1.050,0.0163706958682899,0.0037044895107217,1.2529543568615900
8.050,1.050,0.0145647582400388,0.0037842589449537,1.2526017763063093
8.150,1.050,0.0130649071461211,0.0038391437256250,1.2522051630262407
8.250,1.050,0.0117935998598813,0.0038645044170656,1.2517959333562505
8.350,1.050,0.0107071664658775,0.0038570124804537,1.2513994884973809
8.450,1.050,0.0097498906670150,0.0038148679373016,1.2510345293500522
8.550,1.050,0.0088985831578086,0.0037377698813970,1.2507123393736816
8.650,1.050,0.0081176806657675,0.0036266788045286,1.2504395734671354
8.750,1.050,0.0074048739267571,0.0034836187787865,1.2502162485349744
8.850,1.050,0.0067372492003002,0.0033113509218762,1.2500367418549283
8.950,1.050,0.0061179166156942,0.0031131589682216,1.2498896796833814
9.050,1.050,0.0055530920999256,0.0028925429485911,1.2497636505249201
9.150,1.050,0.0050295961792797,0.0026530769426809,1.2496407122912268
9.250,1.050,0.0045727314801867,0.0023981704568308,1.2495026853107432
9.350,1.050,0.0041745005999079,0.0021310291612284,1.2493292374753284
9.450,1.050,0.0038421267565938,0.0018543986796754,1.2490977763154085
9.550,1.050,0.0035968410019473,0.0015707642553580,1.2487864673205096
9.650,1.050,0.0034229016226892,0.0012809189908539,1.2483494996721962
9.750,1.050,0.0034368135492004,0.0009904636874436,1.2479008206569733
9.850,1.050,0.0030867180366652,0.0006780318921787,1.2468125590312868
9.950,1.050,0.0051519255005750,0.0005026144725694,1.2475669559771041
5.350,1.150,0.0038796139460727,0.0298726861750946,1.2897425506037432
5.450,1.150,0.0467811999539058,0.0505921526826226,1.3726432321603570
5.550,1.150,0.1107827770510856,0.0761736454415071,1.4268628355796735
5.650,1.150,0.1602217346664110,0.0720504347396112,1.4559821855571515
5.750,1.150,0.1889953355168801,0.0568637731077621,1.4675724632886631
5.850,1.150,0.2017784263660896,0.0397971220634393,1.4617957525271530
5.950,1.150,0.2032302073536866,0.0247849038019992,1.4410179518861370
6.050,1.150,0.1962643650260567,0.0125432491875967,1.4109586525048139
6.150,1.150,0.1832952228108472,0.0028640171349626,1.3776696046467416
6.250,1.150,0.1666150659777376,0.0043816136015535,1.3457360495301720
6.350,1.150,0.1481313168463670,0.0092690054056496,1.3179897027071030
6.450,1.150,0.1292432514034092,0.0120610162605323,1.2957482111541976
6.550,1.150,0.1109563688427251,0.0132267320694200,1.2791641777163156
6.650,1.150,0.0939248532340005,0.0133041027681367,1.2676305074730998
6.750,1.150,0.0785604597157872,0.0127465419029445,1.2601754755846379
6.850,1.150,0.0650677319407027,0.0118685662456995,1.2557564153337051
6.950,1.150,0.0534489507916456,0.0108614430670562,1.2534403240777627
7.050,1.150,0.0436218492247991,0.0098308296996095,1.2524782898163718
7.150,1.150,0.0354026074422913,0.0088388831200947,1.2523118417033259
7.250,1.150,0.0286005178704580,0.0079238164520101,1.2525524256033371
7.350,1.150,0.0230157200886481,0.0071101454066522,1.2529392601211629
7.450,1.150,0.0184647845383894,0.0064114199816189,1.2533135948207712
7.550,1.150,0.0147701932403341,0.0058314689275539,1.2535841645255010
7.650,1.150,0.0117894364294002,0.0053657849419718,1.2537105301679552
7.750,1.150,0.0094082788229266,0.0050032984251352,1.2536833157262282
7.850,1.150,0.0075013802479096,0.0047286284721595,1.2535176146514313
7.950,1.150,0.0059922538166806,0.0045242667576961,1.2532370498958580
8.050,1.150,0.0047836509289307,0.0043720395020354,1.2528745482899204
8.150,1.150,0.0038288735948211,0.0042549271999013,1.2524645340709248
8.250,1.150,0.0030641666931863,0.0041574322892686,1.2520368259297507
8.350,1.150,0.0024321605259379,0.0040662617010748,1.2516209935559230
8.450,1.150,0.0019162541990672,0.0039707463393167,1.2512362918582294
8.550,1.150,0.0014658078630856,0.0038622675875328,1.2508985591357120
8.650,1.150,0.0010720178178045,0.0037347121393445,1.2506156590703108
8.750,1.150,0.0007243660194765,0.0035839358890707,1.2503891838564609
8.850,1.150,0.0003975555672522,0.0034074866263558,1.2502152322257956
8.950,1.150,0.0000988619951432,0.0032041130800670,1.2500861432462596
9.050,1.150,0.0001841549554127,0.0029739727976038,1.2499871132007143
9.150,1.150,0.0004256231656072,0.0027178416337856,1.2499026547698100
9.250,1.150,0.0006430495727745,0.0024373216870171,1.2498128795150167
9.350,1.150,0.0008187616062278,0.0021341411297899,1.2496975993121833
9.450,1.150,0.0009511252093639,0.0018100376435002,1.2495312520257915
9.550,1.150,0.0010155634058893,0.0014673664714654,1.2492922627994827
9.650,1.150,0.0010253974650178,0.0011053840453388,1.2489359558951043
9.750,1.150,0.0008825312097520,0.0007360384611666,1.2485612337718723
9.850,1.150,0.0010279976795462,0.0003032986207059,1.2476007405901179
9.950,1.150,0.0007776139193609,0.0002415745107750,1.2481404269430414
5.350,1.250,0.1809598011321156,0.0752921573619424,1.2531881918264394
5.450,1.250,0.2234869061515880,0.1310939779416956,1.3714602495551054
5.550,1.250,0.2389416725637383,0.1221704427970499,1.4396966712663894
5.650,1.250,0.2420887226576503,0.0947858555758721,1.4605863562054986
5.750,1.250,0.2285406916082157,0.0639308828594953,1.4659291078487975
5.850,1.250,0.2068221812108533,0.0362664486997984,1.4586315017166374
5.950,1.250,0.1824581868448787,0.0142299489681634,1.4379102067951743
6.050,1.250,0.1574075673782983,0.0024041577734261,1.4082585828720888
6.150,1.250,0.1328008353156600,0.0143900216113454,1.3756799335847387
6.250,1.250,0.1095787478204941,0.0223079678668375,1.3447452087880858
6.350,1.250,0.0884601169771784,0.0267263469627305,1.3181427447509939
6.450,1.250,0.0697929125093733,0.0283416818132612,1.2970083086018880
6.550,1.250,0.0536467210990619,0.0279279968902024,1.2813390646694018
6.650,1.250,0.0399532624753571,0.0262200461869368,1.2704353707460641
6.750,1.250,0.0285570247847222,0.0238125096681137,1.2632929305459137
6.850,1.250,0.0192662886369126,0.0211337379390068,1.2589021993311014
6.950,1.250,0.0118542412014480,0.0184580576092394,1.2563972672180594
7.050,1.250,0.0060615660322474,0.0159474720499822,1.2551091388283868
7.150,1.250,0.0016395056559291,0.0136871878256675,1.2545511025153724
7.250,1.250,0.0016679626532616,0.0117135972917341,1.2543918197594666
7.350,1.250,0.0040856666454452,0.0100327737159740,1.2544082423069156
7.450,1.250,0.0058223853880659,0.0086330113406709,1.2544634040588982
7.550,1.250,0.0070066898822683,0.0074913451347219,1.2544730324991380
7.650,1.250,0.0077994745722227,0.0065786616876402,1.2543953732694848
7.750,1.250,0.0082695098881624,0.0058628352782547,1.2542161952206301
7.850,1.250,0.0085193384224813,0.0053117238757611,1.2539380009174499
7.950,1.250,0.0085899019746745,0.0048940358346249,1.2535780907762841
8.050,1.250,0.0085431384795662,0.0045808633640610,1.2531608698942038
8.150,1.250,0.0084023580890269,0.0043459287026441,1.2527104577787005
8.250,1.250,0.0082105342511538,0.0041660844081468,1.2522552040192951
8.350,1.250,0.0079967984306193,0.0040212442888479,1.2518171257858728
8.450,1.250,0.0077614715551151,0.0038946934089793,1.2514175852547513
8.550,1.250,0.0075299501270432,0.0037720305959248,1.2510687406525103
8.650,1.250,0.0073157220561602,0.0036422298662394,1.2507804555640671
8.750,1.250,0.0071227354571883,0.0034961624145238,1.2505544553869972
8.850,1.250,0.0069472930047596,0.0033273926912630,1.2503895910367118
8.950,1.250,0.0067995997357628,0.0031309457722321,1.2502761183140472
9.050,1.250,0.0066650552339111,0.0029040347857363,1.2502049339822916
9.150,1.250,0.0065453521336363,0.0026447336698761,1.2501577316530046
9.250,1.250,0.0064294212520786,0.0023525798863088,1.2501180555580536
9.350,1.250,0.0063142484317071,0.0020276925173264,1.2500632405621261
9.450,1.250,0.0061755782288568,0.0016708925451846,1.2499722339194033
9.550,1.250,0.0060185137584308,0.0012836135625128,1.2498184993209045
9.650,1.250,0.0058180191962158,0.0008645924545018,1.2495630073645887
9.750,1.250,0.0055293306506514,0.0004287306534547,1.2492858191146812
9.850,1.250,0.0053982815037770,0.0000944825897346,1.2485051711544337
9.950,1.250,0.0041015492247509,0.0001255927880339,1.2486707716426682
5.350,1.350,0.6739596713004112,0.1255986834612533,1.4562533072458717
5.450,1.350,0.4969535685127977,0.1191273202121515,1.4486663858090254
5.550,1.350,0.3585521105486436,0.0912524779190469,1.4771556507454766
5.650,1.350,0.2674301149005616,0.0600085141861572,1.4742830046364470
5.750,1.350,0.1998224938243394,0.0308019683233098,1.4643480136631226
5.850,1.350,0.1459874155336349,0.0058430727107874,1.4510525095355975
5.950,1.350,0.1031164152292476,0.0137458601563913,1.4296596660384753
6.050,1.350,0.0688886195430394,0.0277693060959933,1.4015657078094907
6.150,1.350,0.0415271507420991,0.0367428598428103,1.3714818278153069
6.250,1.350,0.0199839166489091,0.0414672362756282,1.3433363435564627
6.350,1.350,0.0033854311087913,0.0427902788763357,1.3193108061177208
6.450,1.350,0.0091282720354773,0.0415626416461274,1.3001938351059059
6.550,1.350,0.0183241400638134,0.0386177078914185,1.2858516873050891
6.650,1.350,0.0248369745364199,0.0347027103220505,1.2756264495049763
6.750,1.350,0.0291782978514599,0.0304037341993453,1.2686516190764785
6.850,1.350,0.0318023755308621,0.0261304147551048,1.2640683313475436
6.950,1.350,0.0331183104278605,0.0221360149076681,1.2611402391543045
7.050,1.350,0.0334561827265218,0.0185598866337039,1.2592985265322592
7.150,1.350,0.0330885344882408,0.0154587023646615,1.2581300631822934
7.250,1.350,0.0322344078448524,0.0128383109187650,1.2573559570394668
7.350,1.350,0.0310496736334189,0.0106725748376818,1.2567920373097901
7.450,1.350,0.0296795275571085,0.0089161704091204,1.2563210409604704
7.550,1.350,0.0282010272573452,0.0075168885319584,1.2558762124077663
7.650,1.350,0.0266943810298734,0.0064210130758892,1.2554203848858823
7.750,1.350,0.0252020751556339,0.0055776886844303,1.2549366216633695
7.850,1.350,0.0237452844974539,0.0049400800623978,1.2544247656823289
7.950,1.350,0.0223473843542386,0.0044671515115415,1.2538929512864445
8.050,1.350,0.0210246867937860,0.0041223834714565,1.2533548734084925
8.150,1.350,0.0197847150472421,0.0038745826069890,1.2528282370900348
8.250,1.350,0.0186324115444390,0.0036965741453546,1.2523302913305554
8.350,1.350,0.0175546807762146,0.0035653943969959,1.2518747008594726
8.450,1.350,0.0165736311887452,0.0034612143621203,1.2514762553967966
8.550,1.350,0.0156688259820650,0.0033677030933924,1.2511420854841733
8.650,1.350,0.0148587962045874,0.0032709639742045,1.2508771691099216
8.750,1.350,0.0141220183110466,0.0031599335388569,1.2506809906573022
8.850,1.350,0.0134675148711598,0.0030254098893477,1.2505502650324354
8.950,1.350,0.0128752012837752,0.0028605683701501,1.2504756734763363
9.050,1.350,0.0123560720222913,0.0026601206614173,1.2504465792689099
9.150,1.350,0.0118922957900387,0.0024205763596661,1.2504477052321517
9.250,1.350,0.0114672689091968,0.0021394711957289,1.2504627633407128
9.350,1.350,0.0110756595714809,0.0018157318913742,1.2504720317097042
9.450,1.350,0.0107134618371201,0.0014487534294145,1.2504528770294410
9.550,1.350,0.0103680672985427,0.0010394697210185,1.2503812220257315
9.650,1.350,0.0100083540449079,0.0005861030518164,1.2502235583267702
9.750,1.350,0.0096347868861020,0.0001034811890243,1.2500360055900475
9.850,1.350,0.0092795195510615,0.0004710863436685,1.2494390181118011
9.950,1.350,0.0086164884789288,0.0005712794765146,1.2491872005247320
5.350,1.450,0.3939066395734474,0.0502727455291265,1.5470967527660648
5.450,1.450,0.2924438535289353,0.0227099814093533,1.5022053967624369
5.550,1.450,0.1937694049339580,0.0163906521477378,1.5018599548997811
5.650,1.450,0.1156177604541182,0.0206735125911783,1.4863213508630526
5.750,1.450,0.0548573892230033,0.0294100177683466,1.4654042214727081
5.850,1.450,0.0079089947539517,0.0391431541844201,1.4449426722611802
5.950,1.450,0.0266067404249517,0.0474032679658592,1.4216248230226713
6.050,1.450,0.0504234582413741,0.0528007308233721,1.3950079837163862
6.150,1.450,0.0658199820919227,0.0549826199102213,1.3679142889275790
6.250,1.450,0.0748737227547838,0.0543052467149984,1.3431101768292470
6.350,1.450,0.0791733526345844,0.0514522342776826,1.3221027069314819
6.450,1.450,0.0800315044699627,0.0471347574083710,1.3052869870549118
6.550,1.450,0.0785687907400863,0.0419614914242773,1.2923827740020402
6.650,1.450,0.0756639976084226,0.0364323684917535,1.2827707288392136
6.750,1.450,0.0719165582242147,0.0309595608185563,1.2757599183204098
6.850,1.450,0.0677309466991014,0.0258513779379005,1.2707079699612587
6.950,1.450,0.0633645939195868,0.0212974503369613,1.2670837563075641
7.050,1.450,0.0590015857563657,0.0173763473526469,1.2644592518506941
7.150,1.450,0.0547875828156257,0.0140888222879765,1.2625114866963476
7.250,1.450,0.0508097379186010,0.0113896269106126,1.2609993629734195
7.350,1.450,0.0471181087485766,0.0092126445490950,1.2597612803086280
7.450,1.450,0.0437187756178727,0.0074854275258045,1.2586849246095582
7.550,1.450,0.0405934543447271,0.0061376715854608,1.2577088336284292
7.650,1.450,0.0377424826158104,0.0051046746928856,1.2567915101592635
7.750,1.450,0.0351309878741841,0.0043292092887459,1.2559216116158980
7.850,1.450,0.0327294929782400,0.0037614428297564,1.2550915608268955
7.950,1.450,0.0305404786766144,0.0033583530121955,1.2543109786805324
8.050,1.450,0.0285221902010349,0.0030832737971467,1.2535845726447454
8.150,1.450,0.0266806441369021,0.0029046218872323,1.2529274116520055
8.250,1.450,0.0249905022667904,0.0027951821537979,1.2523457984907693
8.350,1.450,0.0234452590110950,0.0027319671037789,1.2518501813663439
8.450,1.450,0.0220370312940448,0.0026948922309159,1.2514427208670080
8.550,1.450,0.0207561306643282,0.0026672035800624,1.2511272543459839
8.650,1.450,0.0195905249185293,0.0026343349681529,1.2508994875326462
8.750,1.450,0.0185452502458336,0.0025847433262273,1.2507563032580751
8.850,1.450,0.0175918071468213,0.0025082596438837,1.2506851177471447
8.950,1.450,0.0167275580553872,0.0023971921376989,1.2506782420808820
9.050,1.450,0.0159551372264646,0.0022453226153714,1.2507182244632586
9.150,1.450,0.0152618807897529,0.0020481436560316,1.2507921607782595
9.250,1.450,0.0146392846072767,0.0018021915423976,1.2508779685744882
9.350,1.450,0.0140724981357832,0.0015052370112926,1.2509616243883090
9.450,1.450,0.0135598628621458,0.0011558024397064,1.2510173670974170
9.550,1.450,0.0130825034649493,0.0007534799082997,1.2510257713890474
9.650,1.450,0.0126339784135419,0.0002971296627647,1.2509521958558181
9.750,1.450,0.0122199942748416,0.0002044571409685,1.2508434100108019
9.850,1.450,0.0117281847907047,0.0007871438207291,1.2503844038835152
9.950,1.450,0.0116679521846723,0.0010323910117461,1.2497953530123074
5.350,1.550,0.0276206563043404,0.1171371954187576,1.6414109503535097
5.450,1.550,0.0535954006623354,0.0963344680275125,1.5661830915325101
5.550,1.550,0.0862586861193200,0.0827681781098331,1.5312856236258183
5.650,1.550,0.1140704232682328,0.0744892291956666,1.5005475684618637
5.750,1.550,0.1342863336849076,0.0695982554057249,1.4697027771188182
5.850,1.550,0.1470884926178790,0.0669102457092447,1.4419665524718508
5.950,1.550,0.1527921602270959,0.0649565864052881,1.4161684729580815
6.050,1.550,0.1522957484856819,0.0624992943561598,1.3910228024933688
6.150,1.550,0.1470618033200424,0.0589737044438261,1.3671237941050307
6.250,1.550,0.1386385745657934,0.0543754130529523,1.3456144278274991
6.350,1.550,0.1283826374227517,0.0489808991699938,1.3272128863910364
6.450,1.550,0.1173315192194102,0.0431602168613562,1.3121152209939178
6.550,1.550,0.1062871930084313,0.0372669551153696,1.3001250028804403
6.650,1.550,0.0957563904928125,0.0315847515415961,1.2907998788714381
6.750,1.550,0.0861018067778778,0.0263050101068504,1.2835942002733725
6.850,1.550,0.0775158391876998,0.0215496637708652,1.2779950110610521
6.950,1.550,0.0700116655708307,0.0173896821292125,1.2735913126949656
7.050,1.550,0.0634936477689136,0.0138571542158388,1.2700805248111746
7.150,1.550,0.0578139389910890,0.0109381832971553,1.2672389774249910
7.250,1.550,0.0528444783861579,0.0085822775665368,1.2648983054469880
7.350,1.550,0.0484792055016388,0.0067157940662104,1.2629234407874455
7.450,1.550,0.0446457347252269,0.0052614177982738,1.2612128737020210
7.550,1.550,0.0412576541567173,0.0041463415257319,1.2596926557062025
7.650,1.550,0.0382562447652235,0.0033092109228260,1.2583170814323150
7.750,1.550,0.0355721758176641,0.0026972632446298,1.2570594881312565
7.850,1.550,0.0331658827612600,0.0022681120388821,1.2559096365947167
7.950,1.550,0.0309860749615869,0.0019844292132929,1.2548663766554158
8.050,1.550,0.0290166619944427,0.0018156438287145,1.2539359178724461
8.150,1.550,0.0272127318311524,0.0017335712678419,1.2531226522749130
8.250,1.550,0.0255661994885077,0.0017146843283416,1.2524332778134888
8.350,1.550,0.0240615829765589,0.0017368182250474,1.2518689183629945
8.450,1.550,0.0226921818600572,0.0017815885365463,1.2514319616794474
8.550,1.550,0.0214367854745638,0.0018317498531751,1.2511163909591940
8.650,1.550,0.0202869353986428,0.0018735059414258,1.2509154420841957
8.750,1.550,0.0192447052748848,0.0018939829855867,1.2508164665359425
8.850,1.550,0.0182909301595315,0.0018837861684429,1.2508079168521264
8.950,1.550,0.0174338070047309,0.0018338711977559,1.2508723984227419
9.050,1.550,0.0166477894777668,0.0017387737306156,1.2509927504685145
9.150,1.550,0.0159427083695500,0.0015927498468193,1.2511491322955912
9.250,1.550,0.0152930596808971,0.0013930894047018,1.2513221000788131
9.350,1.550,0.0147074139522412,0.0011363712762852,1.2514896657600931
9.450,1.550,0.0141879113688927,0.0008215352553101,1.2516323340504503
9.550,1.550,0.0137098170693635,0.0004466500646911,1.2517236165961034
9.650,1.550,0.0132611196650423,0.0000106605665750,1.2517349245041813
9.750,1.550,0.0128721631473701,0.0004842998079207,1.2517019418709949
9.850,1.550,0.0123753080706099,0.0010479430681802,1.2513382838712663
9.950,1.550,0.0127246221330146,0.0014747168880308,1.2505806234481911
5.350,1.650,0.2899604854083520,0.1132296214127732,1.6517596063446596
5.450,1.650,0.2726679303808495,0.1044762895847245,1.5891142744375868
5.550,1.650,0.2615534738737271,0.0935773216029370,1.5463849238629794
5.650,1.650,0.2510219965922444,0.0831684617549755,1.5098934796794405
5.750,1.650,0.2387004219200675,0.0739258560445023,1.4754955080056207
5.850,1.650,0.2241015676496594,0.0662052375509477,1.4446479195873070
5.950,1.650,0.2071494055950529,0.0597299549920767,1.4172555094033616
6.050,1.650,0.1882095304423355,0.0539165719708316,1.3924487640093495
6.150,1.650,0.1682152730236894,0.0483597683066744,1.3700565232302111
6.250,1.650,0.1482749820837872,0.0429222634663220,1.3503453932017977
6.350,1.650,0.1293548418265678,0.0376247131027115,1.3334339685216547
6.450,1.650,0.1120861278000829,0.0325535438496011,1.3192536860005273
6.550,1.650,0.0968536194718586,0.0277877032629605,1.3075843323281813
6.650,1.650,0.0837867162686492,0.0233831658642404,1.2981409944772317
6.750,1.650,0.0728457531216700,0.0193778633684513,1.2905527876076834
6.850,1.650,0.0638167737282505,0.0157996015131240,1.2844365245399314
6.950,1.650,0.0564176026347492,0.0126604569904776,1.2794196734366428
7.050,1.650,0.0503866387853591,0.0099549302338385,1.2752235753661272
7.150,1.650,0.0454433789867463,0.0076703121222407,1.2716430287812188
7.250,1.650,0.0413490468108970,0.0057891191086423,1.2685577459353361
7.350,1.650,0.0378923054058302,0.0042854290672754,1.2658779282649899
7.450,1.650,0.0349191040016006,0.0031201345977983,1.2635429352271901
7.550,1.650,0.0323368827882946,0.0022454691131103,1.2614894260068912
7.650,1.650,0.0300721568221665,0.0016113660564389,1.2596760903806852
7.750,1.650,0.0280860395965283,0.0011721877042841,1.2580606005537829
7.850,1.650,0.0263255231765103,0.0008887704030639,1.2566280282937354
7.950,1.650,0.0247711827524815,0.0007291316456282,1.2553594748066239
8.050,1.650,0.0233690375209852,0.0006658396659036,1.2542571543097436
8.150,1.650,0.0221043356697876,0.0006764592016944,1.2533121879913267
8.250,1.650,0.0209459989638840,0.0007398131719087,1.2525328653876489
8.350,1.650,0.0198813016161850,0.0008378986937052,1.2519096624309678
8.450,1.650,0.0188908104573606,0.0009533167150827,1.2514440221146104
8.550,1.650,0.0179737578215018,0.0010710597315594,1.2511217788327142
8.650,1.650,0.0171239983601130,0.0011767817526959,1.2509380767684193
8.750,1.650,0.0163366240552625,0.0012590972628200,1.2508716456650442
8.850,1.650,0.0156052358323759,0.0013071910808745,1.2509123246360689
8.950,1.650,0.0149298169770076,0.0013134542872616,1.2510337525235407
9.050,1.650,0.0143051251898592,0.0012707876746630,1.2512231665838116
9.150,1.650,0.0137395109993550,0.0011748330471603,1.2514512689860646
9.250,1.650,0.0132240733938969,0.0010217154648609,1.2517041334083827
9.350,1.650,0.0127620731248419,0.0008094078840051,1.2519501330016356
9.450,1.650,0.0123485361831668,0.0005355650186376,1.2521758772078997
9.550,1.650,0.0119999921137339,0.0001984967125650,1.2523485492079780
9.650,1.650,0.0116843029338372,0.0002037866270528,1.2524445387548260
9.750,1.650,0.0114405480566988,0.0006779824721444,1.2524970672659044
9.850,1.650,0.0110789388001564,0.0012180034024479,1.2522126035961083
9.950,1.650,0.0117107429948540,0.0018279473312345,1.2514867300898977
5.350,1.750,0.4022862258522997,0.0773083441083129,1.6126793148566163
5.450,1.750,0.3632657548508011,0.0738451164367089,1.5769993913459508
5.550,1.750,0.3251719000738293,0.0664495226039598,1.5428153992257916
5.650,1.750,0.2880568027986166,0.0582669893543235,1.5093287248066107
5.750,1.750,0.2522501394281287,0.0505694749149484,1.4767574820936327
5.850,1.750,0.2184483223436464,0.0440027793917861,1.4467544525687028
5.950,1.750,0.1871395823967243,0.0386899381964327,1.4198752375456656
6.050,1.750,0.1586284166785681,0.0343297794062023,1.3957506969405533
6.150,1.750,0.1331992906509172,0.0305701676181658,1.3741666136334896
6.250,1.750,0.1110164828724540,0.0271891966152061,1.3551640285931030
6.350,1.750,0.0921007625290891,0.0240615191836750,1.3387988386546854
6.450,1.750,0.0762998134326061,0.0211080554046779,1.3249566597705218
6.550,1.750,0.0633453451417469,0.0182935769109341,1.3134031865548783
6.650,1.750,0.0528630744647280,0.0156219550996840,1.3038117705995815
6.750,1.750,0.0444700618301899,0.0131162842356421,1.2958581272883842
6.850,1.750,0.0378241053968240,0.0107938227359287,1.2892206844651652
6.950,1.750,0.0326089328614616,0.0086679061976583,1.2836442182608758
7.050,1.750,0.0285479687716363,0.0067535333244732,1.2788941968349143
7.150,1.750,0.0253752041904196,0.0050706600021861,1.2747985391919121
7.250,1.750,0.0228892141022587,0.0036339756124902,1.2712129140608908
7.350,1.750,0.0209208687476337,0.0024515808717269,1.2680552336709838
7.450,1.750,0.0193246462580414,0.0015217918775042,1.2652598186453501
7.550,1.750,0.0180022558413060,0.0008326558401893,1.2627933699358582
7.650,1.750,0.0168890570242306,0.0003588929460256,1.2606194890749898
7.750,1.750,0.0159554226736121,0.0000668079923842,1.2587146718144329
7.850,1.750,0.0151526406212210,0.0000818544649850,1.2570486059867405
7.950,1.750,0.0144795065292951,0.0001223120610478,1.2556080796289033
8.050,1.750,0.0139048328657223,0.0000853959679622,1.2543726692534618
8.150,1.750,0.0134169467348586,0.0000051424184325,1.2533414121859383
8.250,1.750,0.0129783087328011,0.0001297972427313,1.2524994910810885
8.350,1.750,0.0125686971535625,0.0002738311665582,1.2518458532706926
8.450,1.750,0.0121690808963897,0.0004239655216373,1.2513642809296486
8.550,1.750,0.0117652875645501,0.0005694650528197,1.2510500805129454
8.650,1.750,0.0113512968397328,0.0006997167088248,1.2508813617586452
8.750,1.750,0.0109233422494394,0.0008061430928451,1.2508487974749483
8.850,1.750,0.0104870872060679,0.0008801339020778,1.2509257433422678
8.950,1.750,0.0100470881979140,0.0009153572020105,1.2510966136494210
9.050,1.750,0.0096146653614876,0.0009056176995661,1.2513334330894244
9.150,1.750,0.0092002174744708,0.0008470911781782,1.2516195071628042
9.250,1.750,0.0088149611678440,0.0007359558036757,1.2519261714382623
9.350,1.750,0.0084710425685315,0.0005702817457007,1.2522355927984381
9.450,1.750,0.0081799572041975,0.0003473827409061,1.2525196047292275
9.550,1.750,0.0079532137006372,0.0000650395456519,1.2527594647243805
9.650,1.750,0.0077951828846679,0.0002818520591020,1.2529218258531856
9.750,1.750,0.0077230825232060,0.0007047753340044,1.2530647171415545
9.850,1.750,0.0076420568013852,0.0012095256003255,1.2528508291149221
9.950,1.750,0.0084483176154960,0.0019521397231097,1.2523352919659243
5.350,1.850,0.3191646062460429,0.0269017988728573,1.5772475933811965
5.450,1.850,0.2723928247840512,0.0257093472768338,1.5604516332513989
5.550,1.850,0.2287179910942785,0.0235311370938639,1.5353179994559192
5.650,1.850,0.1902296771003682,0.0215263617310880,1.5067529461817064
5.750,1.850,0.1574027929758310,0.0198047954770184,1.4774391398840807
5.850,1.850,0.1299042161412316,0.0183630136515432,1.4491671515344304
5.950,1.850,0.1069559215871492,0.0171892203152213,1.4228658491536228
6.050,1.850,0.0876793715258128,0.0161571050614362,1.3988877560214150
6.150,1.850,0.0714106475261915,0.0151203621264917,1.3774039988434923
6.250,1.850,0.0576573350506264,0.0140254653718885,1.3585189428679958
6.350,1.850,0.0460462863494435,0.0128860762279398,1.3422141162425594
6.450,1.850,0.0363106171140698,0.0117190546168218,1.3283349245776104
6.550,1.850,0.0282654447645573,0.0105131412271752,1.3166351146791855
6.650,1.850,0.0217594766550095,0.0092522100438843,1.3068317562461069
6.750,1.850,0.0166161482412565,0.0079429369606399,1.2986288198476992
6.850,1.850,0.0126169289844975,0.0066267913080089,1.2917430452209937
6.950,1.850,0.0095456872080339,0.0053535657317381,1.2859127890842688
7.050,1.850,0.0072427562303010,0.0041578126560806,1.2809128396780927
7.150,1.850,0.0056010945007365,0.0030550174821009,1.2765614197162800
7.250,1.850,0.0045086830147754,0.0020640580371548,1.2727218706444474
7.350,1.850,0.0038303766509142,0.0012133668889850,1.2693037306750612
7.450,1.850,0.0034305681248413,0.0005316913954699,1.2662518594130026
7.550,1.850,0.0032169719502158,0.0000305379599708,1.2635337029128053
7.650,1.850,0.0031306919992250,0.0002963605279091,1.2611325526753576
7.750,1.850,0.0031316257568267,0.0004702666018666,1.2590301771431485
7.850,1.850,0.0031901477029240,0.0005185987807932,1.2572093570543514
7.950,1.850,0.0032780067185408,0.0004731461479917,1.2556491782296222
8.050,1.850,0.0033799893352918,0.0003640637150811,1.2543321917910113
8.150,1.850,0.0034818731319771,0.0002194981856636,1.2532409242779148
8.250,1.850,0.0035736107400912,0.0000609464547382,1.2523631672307003
8.350,1.850,0.0036448105092144,0.0000949278013105,1.2516868649673998
8.450,1.850,0.0036799507343482,0.0002382258637267,1.2511996823404976
8.550,1.850,0.0036686213090652,0.0003618481647288,1.2508879705205616
8.650,1.850,0.0036001808406712,0.0004625535475141,1.2507344061513848
8.750,1.850,0.0034704622179187,0.0005370877062669,1.2507202920154066
8.850,1.850,0.0032808349207110,0.0005840329441458,1.2508253856626923
8.950,1.850,0.0030405131788447,0.0006007077570156,1.2510261031331484
9.050,1.850,0.0027633138233931,0.0005858582277676,1.2512989699842634
9.150,1.850,0.0024681558508728,0.0005368144793202,1.2516202274128732
9.250,1.850,0.0021765545250408,0.0004525150288867,1.2519655326357086
9.350,1.850,0.0019122785601311,0.0003304913064716,1.2523107158304807
9.450,1.850,0.0017002565500669,0.0001695591762079,1.2526355713696544
9.550,1.850,0.0015667570625794,0.0000346308389425,1.2529125706932847
9.650,1.850,0.0015298282511300,0.0002864575104978,1.2531283898513716
9.750,1.850,0.0016229630912050,0.0006059017469870,1.2533170479573126
9.850,1.850,0.0018739494424009,0.0010061096865116,1.2531761545289608
9.950,1.850,0.0028308648260550,0.0017181368870494,1.2529904745845848
5.350,1.950,0.0976859577342010,0.0011635752854722,1.5846403639553932
5.450,1.950,0.0805993302213762,0.0011020158324951,1.5712016203108838
5.550,1.950,0.0671327533554746,0.0034953125703402,1.5456763006099292
5.650,1.950,0.0567262649628941,0.0052681148253325,1.5156199183471248
5.750,1.950,0.0483429409117250,0.0060790764144993,1.4848756615528202
5.850,1.950,0.0411922248771848,0.0061193947429771,1.4552224901548205
5.950,1.950,0.0347092344117994,0.0057568210864683,1.4275352714762390
6.050,1.950,0.0285277897706319,0.0052647105252453,1.4022998175610857
6.150,1.950,0.0225283424001126,0.0047854833238670,1.3798060416610540
6.250,1.950,0.0167918081114135,0.0043812602591302,1.3601813742260880
6.350,1.950,0.0114688949521049,0.0040685902985040,1.3433772128843107
6.450,1.950,0.0066933790745123,0.0038320004753063,1.3291894466680936
6.550,1.950,0.0025453670162523,0.0036340281557874,1.3173158789560184
6.650,1.950,0.0009350903981736,0.0034248125879668,1.3074166714047206
6.750,1.950,0.0037328002379327,0.0031553207331566,1.2991572275198369
6.850,1.950,0.0058545306991982,0.0027935785583621,1.2922333853255772
6.950,1.950,0.0073531929735763,0.0023400778552972,1.2863805606303398
7.050,1.950,0.0083305442548106,0.0018291046812715,1.2813764571089576
7.150,1.950,0.0089079847159968,0.0013111707558673,1.2770381956946442
7.250,1.950,0.0091777971394569,0.0008263073239934,1.2732209427995522
7.350,1.950,0.0091796243338270,0.0003926690228925,1.2698156832061132
7.450,1.950,0.0089426849844585,0.0000179568426446,1.2667477650521963
7.550,1.950,0.0085311093318379,0.0002827778527363,1.2639755329025681
7.650,1.950,0.0080486801981616,0.0004866069123242,1.2614849587824644
7.750,1.950,0.0075906059191934,0.0005781121177763,1.2592770753051101
7.850,1.950,0.0071954680467974,0.0005637870816706,1.2573575675880679
7.950,1.950,0.0068524049220346,0.0004707441800859,1.2557232741761155
8.050,1.950,0.0065371899151947,0.0003340965189787,1.2543625389188400
8.150,1.950,0.0062474285734059,0.0001837992187608,1.2532547052568397
8.250,1.950,0.0059987510728056,0.0000397906825432,1.2523790699458623
8.350,1.950,0.0058153410292277,0.0000869430232697,1.2517162019002948
8.450,1.950,0.0057147551674300,0.0001907483624493,1.2512457977074791
8.550,1.950,0.0057007679527236,0.0002692831311720,1.2509508940241911
8.650,1.950,0.0057662567565143,0.0003221286743357,1.2508146441069516
8.750,1.950,0.0058979759453821,0.0003506006543106,1.2508174965316234
8.850,1.950,0.0060819536131713,0.0003569136659495,1.2509391055324579
8.950,1.950,0.0062998469481442,0.0003439344706677,1.2511579546104787
9.050,1.950,0.0065339663751362,0.0003142874014904,1.2514495246296027
9.150,1.950,0.0067618791292105,0.0002703021800043,1.2517898169849202
9.250,1.950,0.0069621747445745,0.0002134835131296,1.2521540794882937
9.350,1.950,0.0071085960496400,0.0001448242528729,1.2525186322508195
9.450,1.950,0.0071744966154162,0.0000643811827368,1.2528607329735768
9.550,1.950,0.0071294881070457,0.0000296483582839,1.2531596504747666
9.650,1.950,0.0069431363818073,0.0001375306026344,1.2534016333143276
9.750,1.950,0.0065836014941999,0.0002540463630384,1.2535692702152677
9.850,1.950,0.0059261609193665,0.0004267482651301,1.2535966436363737
9.950,1.950,0.0047035918423070,0.0008156287830679,1.2537409995526780
