0.050,0.050,0.1950213862365844,-0.0002686794394864,4.1819751861331396
0.150,0.050,0.1948756425276780,-0.0001936062000285,4.1661681073536965
0.250,0.050,0.1947046812673147,-0.0001978284244549,4.1501717819005011
0.350,0.050,0.1945576550595887,-0.0002174571736530,4.1340665577781737
0.450,0.050,0.1944512960960222,-0.0002060667868713,4.1179136148092228
0.550,0.050,0.1943952992745136,-0.0001594026605259,4.1017552125813959
0.650,0.050,0.1943910388479500,-0.0001010380381183,4.0856177722855573
0.750,0.050,0.1944294383618314,-0.0000616780717903,4.0695154792847834
0.850,0.050,0.1944935201822760,-0.0000638970294947,4.0534535336537312
0.950,0.050,0.1945640907628469,-0.0001150354712068,4.0374307855721296
1.050,0.050,0.1946256873117674,-0.0002071056952382,4.0214417343488389
1.150,0.050,0.1946707268392763,-0.0003211626278617,4.0054779679692416
1.250,0.050,0.1947010174132741,-0.0004335284149226,3.9895291642412620
1.350,0.050,0.1947267177432556,-0.0005218541287732,3.9735837910962988
1.450,0.050,0.1947633403110452,-0.0005698055933010,3.9576296363150383
1.550,0.050,0.1948275960214591,-0.0005698751053985,3.9416542658094857
1.650,0.050,0.1949329270438441,-0.0005243018010464,3.9256454552380466
1.750,0.050,0.1950855864628002,-0.0004443087819686,3.9095915638645944
1.850,0.050,0.1952821608275996,-0.0003478950850184,3.8934817271035129
1.950,0.050,0.1955094827831054,-0.0002563663281374,3.8773056504869907
2.050,0.050,0.1957478168071182,-0.0001897992730189,3.8610527315198357
2.150,0.050,0.1959777361758739,-0.0001618896827428,3.8447102919638754
2.250,0.050,0.1961898804305294,-0.0001752648292997,3.8282609760749464
2.350,0.050,0.1963947442358646,-0.0002192321141354,3.8116799267860952
2.450,0.050,0.1966278109479207,-0.0002723751361039,3.7949330448248637
2.550,0.050,0.1969460874320245,-0.0003110802962447,3.7779778591895812
2.650,0.050,0.1974173408283620,-0.0003212229840429,3.7607672114948163
2.750,0.050,0.1981103636471800,-0.0003060193014004,3.7432523415473535
2.850,0.050,0.1990951767923040,-0.0002838618100033,3.7253774814317890
2.950,0.050,0.2004524481065678,-0.0002784279933587,3.7070574311535833
3.050,0.050,0.2022837584307039,-0.0003116765464574,3.6881378903038775
3.150,0.050,0.2047236832857791,-0.0004066276443256,3.6683541374801769
3.250,0.050,0.2079679278677671,-0.0005948206297648,3.6473153120955031
3.350,0.050,0.2123173318030800,-0.0009228096443197,3.6245313903077045
3.450,0.050,0.2182058876629839,-0.0014625582133053,3.5994494474402918
3.550,0.050,0.2262020295588073,-0.0023113590656728,3.5713724721416931
3.650,0.050,0.2370629733159688,-0.0035309458325630,3.5391134058468507
3.750,0.050,0.2519388961421414,-0.0050769476779927,3.5005977034027715
3.850,0.050,0.2725391565349939,-0.0069686633835526,3.4530282819255977
3.950,0.050,0.3006815716244028,-0.0096247640714895,3.3930162137880182
4.050,0.050,0.3385717035455557,-0.0127797848089772,3.3150471690477334
4.150,0.050,0.3897322512843314,-0.0158307299762228,3.2100476922748467
4.250,0.050,0.4571995736397129,-0.0201321744161924,3.0663376783149348
4.350,0.050,0.5415301324556878,-0.0257392029564370,2.8701548310761948
4.450,0.050,0.6415192404673905,-0.0301026632127601,2.6056714011884647
4.550,0.050,0.7548784992605602,-0.0313851889619664,2.2583052782644506
4.650,0.050,0.8721709291069585,-0.0298971944613964,1.8254666143772968
0.050,0.150,0.5550128222536215,-0.0001958507743929,4.1820228210391521
0.150,0.150,0.5549218666165409,-0.0000848247200635,4.1660849969301212
0.250,0.150,0.5548478942790765,-0.0000928652996621,4.1500456794368921
0.350,0.150,0.5547863771983809,-0.0001274368600769,4.1339498930715370
0.450,0.150,0.5547428675922141,-0.0001447610348070,4.1178333450050211
0.550,0.150,0.5547305294673306,-0.0001395907327517,4.1017208970876942
0.650,0.150,0.5547591988937753,-0.0001269329269080,4.0856278045940710
0.750,0.150,0.5548286946557780,-0.0001266246827713,4.0695617448684605
0.850,0.150,0.5549290955289866,-0.0001534619646454,4.0535247553038358
0.950,0.150,0.5550457204579314,-0.0002126339173061,4.0375147974871366
1.050,0.150,0.5551650310842212,-0.0002993847943587,4.0215269412201442
1.150,0.150,0.5552787198346130,-0.0004015567193116,4.0055542429693167
1.250,0.150,0.5553852297557466,-0.0005035458343081,3.9895883830088685
1.350,0.150,0.5554893361773076,-0.0005903313144150,3.9736201011869161
1.450,0.150,0.5556007279552010,-0.0006506492935595,3.9576394681584612
1.550,0.150,0.5557322091039821,-0.0006789094282773,3.9416360446247958
1.650,0.150,0.5558977999250190,-0.0006758729870341,3.9255989947973204
1.750,0.150,0.5561109100849309,-0.0006483243031757,3.9095172119445016
1.850,0.150,0.5563828356865403,-0.0006079975189072,3.8933794729601732
1.950,0.150,0.5567219635834934,-0.0005699555724230,3.8771745641235644
2.050,0.150,0.5571341593274050,-0.0005505499982162,3.8608912178423571
2.150,0.150,0.5576248218051365,-0.0005650934477983,3.8445175877104383
2.250,0.150,0.5582029380634318,-0.0006255134739887,3.8280399072160241
2.350,0.150,0.5588870358525214,-0.0007385689502190,3.8114400033170650
2.450,0.150,0.5597120956133135,-0.0009056669895451,3.7946915781426771
2.550,0.150,0.5607354564762872,-0.0011256619642016,3.7777556972491499
2.650,0.150,0.5620395327029376,-0.0014016025878685,3.7605765667149611
2.750,0.150,0.5637314485207823,-0.0017504089341814,3.7430787885004571
2.850,0.150,0.5659448675289970,-0.0022112156476365,3.7251657369618907
2.950,0.150,0.5688528686363927,-0.0028468630343024,3.7067149329829379
3.050,0.150,0.5726947805295044,-0.0037386380935626,3.6875624043015924
3.150,0.150,0.5778059084278797,-0.0049853726072425,3.6674696828631430
3.250,0.150,0.5846375986540356,-0.0067204647919734,3.6460790554190563
3.350,0.150,0.5937801598972221,-0.0091429529849101,3.6228793885865942
3.450,0.150,0.6060205231350698,-0.0125389892860266,3.5972051573586539
3.550,0.150,0.6224379260639137,-0.0172782679258984,3.5682432232642411
3.650,0.150,0.6445092168771274,-0.0237931519521598,3.5349094840045439
3.750,0.150,0.6742165279165193,-0.0325784533006666,3.4954172945981470
3.850,0.150,0.7141487870286337,-0.0442879095406304,3.4467833660715765
3.950,0.150,0.7676185124568200,-0.0597253303640906,3.3848824241914066
4.050,0.150,0.8386629457694819,-0.0795590301012711,3.3041607080810018
4.150,0.150,0.9323013982329171,-0.1040493923196509,3.1959694789313069
4.250,0.150,1.0536013332479790,-0.1333213908456212,3.0479119965784709
4.350,0.150,1.2063596867432638,-0.1651825237453841,2.8447052400789037
4.450,0.150,1.3920012333415912,-0.1942933345271364,2.5688261095153320
4.550,0.150,1.6064119961249588,-0.2127823824889695,2.2043177266272673
4.650,0.150,1.8362004066198616,-0.2106980361202296,1.7498926386101883
0.050,0.250,0.8749332516071057,-0.0000635953766664,4.1819450886926655
0.150,0.250,0.8748364545848079,-0.0000053629464440,4.1659736415736939
0.250,0.250,0.8747921970370210,-0.0000387192006746,4.1499330095021181
0.350,0.250,0.8747705773504461,-0.0000885980246423,4.1338568452224713
0.450,0.250,0.8747645286588830,-0.0001284146067060,4.1177713267112823
0.550,0.250,0.8747801252074845,-0.0001585445962778,4.1016937708017522
0.650,0.250,0.8748270079062513,-0.0001888780496350,4.0856336971186620
0.750,0.250,0.8749111048419981,-0.0002286438877541,4.0695947357613607
0.850,0.250,0.8750302045388285,-0.0002827315735708,4.0535765454713157
0.950,0.250,0.8751732465260397,-0.0003518567821293,4.0375763578205053
1.050,0.250,0.8753238863024230,-0.0004338468427639,4.0215900136857456
1.150,0.250,0.8754672000857557,-0.0005244998915006,4.0056125058369858
1.250,0.250,0.8755964561108770,-0.0006179314054414,3.9896381358162687
1.350,0.250,0.8757165558874840,-0.0007071219507263,3.9736604405381306
1.450,0.250,0.8758426549048653,-0.0007852068321930,3.9576720369281406
1.550,0.250,0.8759952257022793,-0.0008473547184726,3.9416644837109240
1.650,0.250,0.8761944140036904,-0.0008925762334684,3.9256282017633288
1.750,0.250,0.8764561795321107,-0.0009248242392675,3.9095524576623863
1.850,0.250,0.8767912115237450,-0.0009531282013582,3.8934254035166997
1.950,0.250,0.8772062447691945,-0.0009908950299222,3.8772341613027552
2.050,0.250,0.8777068507865055,-0.0010547063198812,3.8609649165597588
2.150,0.250,0.8783009411382523,-0.0011629656549001,3.8446029266913770
2.250,0.250,0.8790026538365279,-0.0013347256664098,3.8281322491843910
2.350,0.250,0.8798366246336407,-0.0015890649861541,3.8115348682768144
2.450,0.250,0.8808427031364712,-0.0019455343441156,3.7947887849866913
2.550,0.250,0.8820809611754029,-0.0024264123415914,3.7778646143255270
2.650,0.250,0.8836365159006836,-0.0030616638107761,3.7607204215415022
2.750,0.250,0.8856236779753612,-0.0038972814712020,3.7432950177621738
2.850,0.250,0.8881900395140091,-0.0050066931260504,3.7255006130523953
2.950,0.250,0.8915240150907013,-0.0065030167871053,3.7072160145605655
3.050,0.250,0.8958726842429705,-0.0085484535680523,3.6882803738295120
3.150,0.250,0.9015752514022393,-0.0113594819431973,3.6684840312288509
3.250,0.250,0.9091061376976329,-0.0152151514864752,3.6475485562571972
3.350,0.250,0.9191099114253691,-0.0204837147327397,3.6250869929772818
3.450,0.250,0.9324237662000520,-0.0276729507444023,3.6005419081510617
3.550,0.250,0.9501244235496800,-0.0374788789078628,3.5731095099578587
3.650,0.250,0.9736442243022754,-0.0507948242161667,3.5416506791472817
3.750,0.250,1.0049291192806138,-0.0686949466211327,3.5045199706402683
3.850,0.250,1.0465517888896041,-0.0924850628427061,3.4591442717857102
3.950,0.250,1.1017909222274775,-0.1237767368906493,3.4013917302347894
4.050,0.250,1.1748815051209032,-0.1641351634587146,3.3250913170882783
4.150,0.250,1.2710311729601436,-0.2147424836495553,3.2210157298565485
4.250,0.250,1.3963735466505061,-0.2755035982463478,3.0748771476714096
4.350,0.250,1.5571637765018636,-0.3432093730360093,2.8660614691732746
4.450,0.250,1.7591277735042874,-0.4098916204748821,2.5685560280650979
4.550,0.250,2.0041334438374574,-0.4600397802524130,2.1559080570440474
4.650,0.250,2.2829473961173905,-0.4716183632885333,1.6207401656332321
0.050,0.350,1.1545110091073658,0.0000267340251464,4.1818697269810770
0.150,0.350,1.1545226538258635,0.0000127175741742,4.1659137472629233
0.250,0.350,1.1545694290498814,-0.0000514805157782,4.1499000795485355
0.350,0.350,1.1546317658234162,-0.0001175625157320,4.1338583355044269
0.450,0.350,1.1547077515188937,-0.0001726913863613,4.1178099381419493
0.550,0.350,1.1547992202968422,-0.0002214919308159,4.1017677797114764
0.650,0.350,1.1549055102938608,-0.0002733368479257,4.0857377677511861
0.750,0.350,1.1550230338815102,-0.0003350954765195,4.0697209472580846
0.850,0.350,1.1551475449116380,-0.0004085535606426,4.0537154932098449
0.950,0.350,1.1552762549682514,-0.0004911048125813,4.0377182513168259
1.050,0.350,1.1554082392828438,-0.0005781192401754,4.0217257371363555
1.150,0.350,1.1555432886246131,-0.0006655112040510,4.0057346314441418
1.250,0.350,1.1556807058871184,-0.0007513935363945,3.9897418622455199
1.350,0.350,1.1558197341032888,-0.0008362988105334,3.9737443703176147
1.450,0.350,1.1559620969243554,-0.0009221960130843,3.9577386526744367
1.550,0.350,1.1561152775913772,-0.0010111721790378,3.9417201935532793
1.650,0.350,1.1562941199200987,-0.0011048258493543,3.9256829175843624
1.750,0.350,1.1565191366709271,-0.0012049700138138,3.9096187996420908
1.850,0.350,1.1568120809204077,-0.0013154357424690,3.8935177184274861
1.950,0.350,1.1571911917254882,-0.0014441553186235,3.8773675638244849
2.050,0.350,1.1576687295071109,-0.0016046668889745,3.8611545404455065
2.150,0.350,1.1582520994560226,-0.0018166496879749,3.8448635727031553
2.250,0.350,1.1589482056567648,-0.0021056996751977,3.8284786969486748
2.350,0.350,1.1597697126511508,-0.0025029785302474,3.8119832905034912
2.450,0.350,1.1607418184361060,-0.0030455486742203,3.7953599075246340
2.550,0.350,1.1619085594689575,-0.0037782524407363,3.7785893630081104
2.650,0.350,1.1633381144435360,-0.0047580192381641,3.7616485618390123
2.750,0.350,1.1651268919939233,-0.0060614927292750,3.7445064963623360
2.850,0.350,1.1674025938886452,-0.0077967181539221,3.7271179848258194
2.950,0.350,1.1703274288721894,-0.0101190752258348,3.7094152732373296
3.050,0.350,1.1741046642700765,-0.0132505331394554,3.6912986044817702
3.150,0.350,1.1789942881688069,-0.0175000946238984,3.6726277254703068
3.250,0.350,1.1853439129329195,-0.0232837864292054,3.6532153167709298
3.350,0.350,1.1936343666520697,-0.0311474521833569,3.6328174275765122
3.450,0.350,1.2045262103245009,-0.0418041208550669,3.6111029453052224
3.550,0.350,1.2188919315245050,-0.0561985758765064,3.5875688043963865
3.650,0.350,1.2378558749997155,-0.0755877782680801,3.5613686451085349
3.750,0.350,1.2629149713082155,-0.1015887770183381,3.5310588531298368
3.850,0.350,1.2961521349526046,-0.1361780134702829,3.4942908001036419
3.950,0.350,1.3403860559396998,-0.1817419393599259,3.4473218444912557
4.050,0.350,1.3993574553454482,-0.2410039276444301,3.3838977364146450
4.150,0.350,1.4783006044243219,-0.3163459374514563,3.2932372301707220
4.250,0.350,1.5842395766476389,-0.4091649577578552,3.1573142424055405
4.350,0.350,1.7271708842806897,-0.5178211153022546,2.9471634526681219
4.450,0.350,1.9209232438733674,-0.6351516033196636,2.6188000605932151
4.550,0.350,2.1804674624666749,-0.7399048347377049,2.1165716190516921
4.650,0.350,2.5059577534370234,-0.7878902368481296,1.4083712080937150
0.050,0.450,1.3941706328267518,-0.0000350726274604,4.1818343176756985
0.150,0.450,1.3943103901848277,-0.0000764838552475,4.1658903309600843
0.250,0.450,1.3944371026874873,-0.0001405729331236,4.1498968784670573
0.350,0.450,1.3945437241441070,-0.0002063591618634,4.1338813054006653
0.450,0.450,1.3946403050373777,-0.0002693447999861,4.1178619496448041
0.550,0.450,1.3947395212754787,-0.0003317923033808,4.1018488753365627
0.650,0.450,1.3948493894915532,-0.0003971698849277,4.0858457862332198
0.750,0.450,1.3949713614906856,-0.0004676700856706,4.0698521526176759
0.850,0.450,1.3951018214974866,-0.0005437238767356,4.0538650787127795
0.950,0.450,1.3952351440608621,-0.0006245111988045,4.0378807299452193
1.050,0.450,1.3953667995902390,-0.0007087543634924,4.0218952939066988
1.150,0.450,1.3954954501461365,-0.0007954386333112,4.0059055194448341
1.250,0.450,1.3956235279083344,-0.0008843691188876,3.9899089044230247
1.350,0.450,1.3957563922295657,-0.0009765721689178,3.9739036090495072
1.450,0.450,1.3959007129523062,-0.0010745237869389,3.9578881696433252
1.550,0.450,1.3960630471478961,-0.0011821467900602,3.9418610796073836
1.650,0.450,1.3962494758725421,-0.0013045645770975,3.9258202933092790
1.750,0.450,1.3964665784723163,-0.0014477598787294,3.9097627071299814
1.850,0.450,1.3967231369801789,-0.0016184850439474,3.8936836950812084
1.950,0.450,1.3970312966714022,-0.0018248515523115,3.8775768179354873
2.050,0.450,1.3974060715768937,-0.0020778561785855,3.8614338475383816
2.150,0.450,1.3978632193862639,-0.0023937108440112,3.8452452132870891
2.250,0.450,1.3984169140060507,-0.0027964839337796,3.8290008881474535
2.350,0.450,1.3990792228781570,-0.0033205365884636,3.8126916313942898
2.450,0.450,1.3998626723869960,-0.0040126354870613,3.7963104349308354
2.550,0.450,1.4007857165719240,-0.0049342388366001,3.7798539765499406
2.650,0.450,1.4018796972336611,-0.0061649853105902,3.7633238263073485
2.750,0.450,1.4031954639715802,-0.0078087072420756,3.7467270423941534
2.850,0.450,1.4048081481421046,-0.0100033606304343,3.7300756368681198
2.950,0.450,1.4068193762529733,-0.0129361823488902,3.7133842799790164
3.050,0.450,1.4093574378689075,-0.0168651156989716,3.6966657483956258
3.150,0.450,1.4125778897893555,-0.0221469315702732,3.6799242740668832
3.250,0.450,1.4166698816994907,-0.0292714482497299,3.6631480908821632
3.350,0.450,1.4218758002577425,-0.0389004590234602,3.6463027475884773
3.450,0.450,1.4285297345753118,-0.0519115628184703,3.6293218006850445
3.550,0.450,1.4371097328030631,-0.0694539144557442,3.6120740430215217
3.650,0.450,1.4482868823377790,-0.0930326685024636,3.5942542312434891
3.750,0.450,1.4629724772889343,-0.1246339194719496,3.5751176749896150
3.850,0.450,1.4824434498011512,-0.1668541459322522,3.5529982974362921
3.950,0.450,1.5086651655332810,-0.2229434705152255,3.5245861373853837
4.050,0.450,1.5446917719422157,-0.2967767950260157,3.4837568207820535
4.150,0.450,1.5951367359535833,-0.3927650840201580,3.4190999900502752
4.250,0.450,1.6676620367228008,-0.5154497069440199,3.3088683796799816
4.350,0.450,1.7754960273829201,-0.6687914707945191,3.1132072250293170
4.450,0.450,1.9408938274469543,-0.8528024506381451,2.7632798233281841
4.550,0.450,2.1984692646656581,-1.0494326613486953,2.1419119946519176
4.650,0.450,2.5709705180866509,-1.1669872021276957,1.1089541325492909
0.050,0.550,1.5943045173076658,-0.0001986500804264,4.1818927397221977
0.150,0.550,1.5944629995702839,-0.0002308766637498,4.1659429369128915
0.250,0.550,1.5945981507082825,-0.0002644705112826,4.1499529655527905
0.350,0.550,1.5947008874853175,-0.0003029530585588,4.1339466296618541
0.450,0.550,1.5947761509360647,-0.0003507396945071,4.1179387941845151
0.550,0.550,1.5948338325578648,-0.0004101956832557,4.1019371454508899
0.650,0.550,1.5948841243268057,-0.0004809308001826,4.0859443620661109
0.750,0.550,1.5949354768262363,-0.0005604885027159,4.0699600363307979
0.850,0.550,1.5949939667857136,-0.0006456593205540,4.0539821072706905
0.950,0.550,1.5950633628097892,-0.0007337531579849,4.0380077989615613
1.050,0.550,1.5951455330990760,-0.0008234197722615,4.0220341633750900
1.150,0.550,1.5952410358263871,-0.0009149122202834,4.0060583565937016
1.250,0.550,1.5953497889516572,-0.0010099283773001,3.9900777667559826
1.350,0.550,1.5954716990692512,-0.0011112801767470,3.9740900832254691
1.450,0.550,1.5956071250560340,-0.0012226276245347,3.9580933609252997
1.550,0.550,1.5957571202457255,-0.0013484140390720,3.9420860982672301
1.650,0.550,1.5959235239901084,-0.0014940126540028,3.9260673178709715
1.750,0.550,1.5961090702598522,-0.0016660121677685,3.9100366240612856
1.850,0.550,1.5963176432426553,-0.0018725810128636,3.8939942176155422
1.950,0.550,1.5965546275377165,-0.0021239556991149,3.8779408809595681
2.050,0.550,1.5968271034521615,-0.0024332318894146,3.8618780060754982
2.150,0.550,1.5971435886174901,-0.0028177086116230,3.8458078169132812
2.250,0.550,1.5975131660074584,-0.0033010014504029,3.8297340191413101
2.350,0.550,1.5979440970796435,-0.0039160251827744,3.8136631550699329
2.450,0.550,1.5984423503322853,-0.0047088169389218,3.7976069115069047
2.550,0.550,1.5990108093013180,-0.0057431159874543,3.7815855209046463
2.650,0.550,1.5996499988557324,-0.0071057422536762,3.7656322599277376
2.750,0.550,1.6003606703105684,-0.0089131904759462,3.7497989405469827
2.850,0.550,1.6011475645935203,-0.0113204236071457,3.7341622097629208
2.950,0.550,1.6020226546165879,-0.0145334414917383,3.7188303661713866
3.050,0.550,1.6030057651825806,-0.0188276698882394,3.7039502039434518
3.150,0.550,1.6041210223075053,-0.0245744988535196,3.6897131253444164
3.250,0.550,1.6053892791314750,-0.0322783207310197,3.6763595345601776
3.350,0.550,1.6068198123026241,-0.0426259373694387,3.6641803105468136
3.450,0.550,1.6084091980467490,-0.0565490702066172,3.6535129126883761
3.550,0.550,1.6101592818495740,-0.0753000599182352,3.6447235791560608
3.650,0.550,1.6121235240895528,-0.1005448449267661,3.6381483118838411
3.750,0.550,1.6144763961359234,-0.1344911546880744,3.6339260697512823
3.850,0.550,1.6175905353894213,-0.1800853572764103,3.6315993906382795
3.950,0.550,1.6221686167268625,-0.2412813621774917,3.6292777889740968
4.050,0.550,1.6296614703524117,-0.3232671605909235,3.6219925879667785
4.150,0.550,1.6432085144795010,-0.4326051657362281,3.5986120143493512
4.250,0.550,1.6689336628995590,-0.5779652996018348,3.5365428955307778
4.350,0.550,1.7184640842838532,-0.7711974876138331,3.3912764674230327
4.450,0.550,1.8132206848280561,-1.0241251213385845,3.0722262091554606
4.550,0.550,1.9892947993072261,-1.3377736757304981,2.3981150743088713
4.650,0.550,2.2437855558232096,-1.5021466602570293,0.8644251263139074
0.050,0.650,1.7548669320662866,-0.0003009387295771,4.1820230063291124
0.150,0.650,1.7549028348823015,-0.0003338701855153,4.1660625466293624
0.250,0.650,1.7549434149527687,-0.0003492831711234,4.1500732852628897
0.350,0.650,1.7549785471106325,-0.0003660508260966,4.1340734851898837
0.450,0.650,1.7550048703576844,-0.0003952472892405,4.1180732540879967
0.550,0.650,1.7550221031952100,-0.0004417738714674,4.1020771606365303
0.650,0.650,1.7550318493710344,-0.0005060012199560,4.0860865965366608
0.750,0.650,1.7550372892522961,-0.0005854707119734,4.0701014808809548
0.850,0.650,1.7550429164018060,-0.0006765042555484,4.0541212618913267
0.950,0.650,1.7550539974261590,-0.0007755103149993,4.0381453501331723
1.050,0.650,1.7550757797355516,-0.0008798568004386,4.0221731792408457
1.150,0.650,1.7551126554712437,-0.0009883115528826,4.0062040847661100
1.250,0.650,1.7551675252402568,-0.0011011517019484,3.9902371545398476
1.350,0.650,1.7552415293741919,-0.0012200872445536,3.9742711581936025
1.450,0.650,1.7553341796779085,-0.0013481402110903,3.9583046226555880
1.550,0.650,1.7554437882046503,-0.0014895893577188,3.9423360899494844
1.650,0.650,1.7555680040623765,-0.0016500486114692,3.9263645724970115
1.750,0.650,1.7557042719611320,-0.0018367048605334,3.9103902042287983
1.850,0.650,1.7558501217347240,-0.0020587037541018,3.8944150678439060
1.950,0.650,1.7560033362432756,-0.0023276543902379,3.8784441598390194
2.050,0.650,1.7561621166659083,-0.0026582500951470,3.8624864468956770
2.150,0.650,1.7563252532889457,-0.0030690967723953,3.8465559929930726
2.250,0.650,1.7564920134864348,-0.0035839918471827,3.8306732219715021
2.350,0.650,1.7566611833648758,-0.0042340328758395,3.8148665362086160
2.450,0.650,1.7568287639698361,-0.0050609501741569,3.7991747187581901
2.550,0.650,1.7569843355167525,-0.0061219136178777,3.7836507501620327
2.650,0.650,1.7571067358116177,-0.0074958668470402,3.7683678000626077
2.750,0.650,1.7571599274684842,-0.0092913886271398,3.7534281482223730
2.850,0.650,1.7570895433436187,-0.0116563025917863,3.7389756382987516
2.950,0.650,1.7568198435950833,-0.0147897472228258,3.7252120154300528
3.050,0.650,1.7562500124043761,-0.0189581117882511,3.7124171925895211
3.150,0.650,1.7552479874802658,-0.0245171057811690,3.7009730898572082
3.250,0.650,1.7536394487094344,-0.0319432451783604,3.6913900171744842
3.350,0.650,1.7511895960669852,-0.0418791464442799,3.6843333151313660
3.450,0.650,1.7475768252932649,-0.0551980444507307,3.6806455740470168
3.550,0.650,1.7423617837560961,-0.0730936574102555,3.6813548371825977
3.650,0.650,1.7349635405416957,-0.0972021636816173,3.6876482677988807
3.750,0.650,1.7246638514919825,-0.1297657622626199,3.7007666558089900
3.850,0.650,1.7106600535202463,-0.1738572813483649,3.7217251545936914
3.950,0.650,1.6921692024359931,-0.2337094259734083,3.7506599262967839
4.050,0.650,1.6686019205511735,-0.3152305320261061,3.7853492152806507
4.150,0.650,1.6400293239137229,-0.4268139116514122,3.8179458348257027
4.250,0.650,1.6083904862888982,-0.5806436076612963,3.8286195969886991
4.350,0.650,1.5792083853451326,-0.7946976027428126,3.7748697324583440
4.450,0.650,1.5625093748355270,-1.0883856074624552,3.5661213667141110
4.550,0.650,1.5440319597498544,-1.4413821331403325,3.0294467648013752
4.650,0.650,1.0403654699813671,-1.1219738515971900,1.4187276799863078
0.050,0.750,1.8754017665376861,-0.0002520953157226,4.1821329239665026
0.150,0.750,1.8753071090499127,-0.0003079264524169,4.1661729663380358
0.250,0.750,1.8752360750541190,-0.0003349355423055,4.1501970230652194
0.350,0.750,1.8751837830290972,-0.0003579837309174,4.1342166182253157
0.450,0.750,1.8751466800531040,-0.0003902721872463,4.1182363048149133
0.550,0.750,1.8751213578939150,-0.0004378574615731,4.1022568442193128
0.650,0.750,1.8751047105484249,-0.0005023526682453,4.0862776472049669
0.750,0.750,1.8750943900109260,-0.0005827532579978,4.0702982797612357
0.850,0.750,1.8750891057264787,-0.0006767619582088,4.0543191301398069
0.950,0.750,1.8750886323615947,-0.0007817359252608,4.0383414625607577
1.050,0.750,1.8750935615899147,-0.0008953226398400,4.0223671114730042
1.150,0.750,1.8751049067412058,-0.0010158645475887,4.0063980439597433
1.250,0.750,1.8751236791986623,-0.0011426631037775,3.9904359672406717
1.350,0.750,1.8751505319619921,-0.0012761786158834,3.9744821020786971
1.450,0.750,1.8751855289366368,-0.0014182103824131,3.9585371924570536
1.550,0.750,1.8752280563026571,-0.0015720691442552,3.9426017835697396
1.650,0.750,1.8752768445694035,-0.0017427358407472,3.9266767772594582
1.750,0.750,1.8753300166019253,-0.0019370050392044,3.9107642673784797
1.850,0.750,1.8753850266319980,-0.0021636376430664,3.8948686654702165
1.950,0.750,1.8754383291061794,-0.0024335871386348,3.8789981452405295
2.050,0.750,1.8754846421840696,-0.0027604029911548,3.8631664557420913
2.150,0.750,1.8755157653958643,-0.0031609405993415,3.8473951714162498
2.250,0.750,1.8755190504308967,-0.0036565155732066,3.8317164616074568
2.350,0.750,1.8754757205387080,-0.0042746441330584,3.8161764876355351
2.450,0.750,1.8753591555512235,-0.0050515375491626,3.8008396096321930
2.550,0.750,1.8751329239670049,-0.0060355829011607,3.7857937641397670
2.650,0.750,1.8747478496720738,-0.0072921203523792,3.7711577036893211
2.750,0.750,1.8741370460442350,-0.0089098610260231,3.7570912612192937
2.850,0.750,1.8732078995821158,-0.0110092725529529,3.7438103092042891
2.950,0.750,1.8718303530715901,-0.0137533342623354,3.7316084309747994
3.050,0.750,1.8698211303341106,-0.0173614787710243,3.7208872913593622
3.150,0.750,1.8669235596119933,-0.0221284062027672,3.7121971264224842
3.250,0.750,1.8627826195650998,-0.0284505847425997,3.7062876001692984
3.350,0.750,1.8569147534701456,-0.0368643448668526,3.7041674423488957
3.450,0.750,1.8486709323249040,-0.0481007008904043,3.7071685119772351
3.550,0.750,1.8371883611891957,-0.0631644173252125,3.7170053331654329
3.650,0.750,1.8213225406003479,-0.0834499488293690,3.7358125180500701
3.750,0.750,1.7995529716442658,-0.1109152647939761,3.7661250355298685
3.850,0.750,1.7698703111770904,-0.1483436462542846,3.8107297873455810
3.950,0.750,1.7296792213078014,-0.1997347419181185,3.8722354129345051
4.050,0.750,1.6757705357895782,-0.2709192556060891,3.9519999843802402
4.150,0.750,1.6044110556857625,-0.3706354517803712,4.0475373958378560
4.250,0.750,1.5115342960538787,-0.5122852339660828,4.1466986458032196
4.350,0.750,1.3926335838003561,-0.7157035037304905,4.2164482728023049
4.450,0.750,1.2388261395992151,-0.9949147869364584,4.1801144357346676
4.550,0.750,0.9794989127117146,-1.1969603853052113,3.9086594328493982
4.650,0.750,0.2206894146634983,0.2164951901917843,3.2465869864544250
0.050,0.850,1.9554060636238488,-0.0001302234416797,4.1821578594079298
0.150,0.850,1.9553039284539697,-0.0002086961080091,4.1662134550504959
0.250,0.850,1.9552159358141745,-0.0002552722578842,4.1502659070752630
0.350,0.850,1.9551421941622347,-0.0002961839048554,4.1343199144355847
0.450,0.850,1.9550825762715203,-0.0003442948597923,4.1183745892392629
0.550,0.850,1.9550362461487238,-0.0004052423045763,4.1024268887980568
0.650,0.850,1.9550018363267587,-0.0004805864399581,4.0864739956182259
0.750,0.850,1.9549776950160680,-0.0005696019821937,4.0705146145782134
0.850,0.850,1.9549620225764022,-0.0006704223841859,4.0545493828561190
0.950,0.850,1.9549529000240766,-0.0007808232489418,4.0385806692864659
1.050,0.850,1.9549482831791376,-0.0008987711451354,4.0226120387013573
1.150,0.850,1.9549460354706372,-0.0010228124737316,4.0066476158153206
1.250,0.850,1.9549440285363795,-0.0011523568410727,3.9906915282648407
1.350,0.850,1.9549402816133206,-0.0012878934859383,3.9747475539604866
1.450,0.850,1.9549330658871755,-0.0014311632371263,3.9588190511432280
1.550,0.850,1.9549208870488322,-0.0015852939172985,3.9429092135091790
1.650,0.850,1.9549022812530379,-0.0017548962931496,3.9270216685745356
1.750,0.850,1.9548754022262389,-0.0019461137388024,3.9111614256846075
1.850,0.850,1.9548374143777640,-0.0021666267272151,3.8953361816533039
1.950,0.850,1.9547837117802507,-0.0024256386321455,3.8795580085013537
2.050,0.850,1.9547069413163514,-0.0027339145729409,3.8638454810960563
2.150,0.850,1.9545957272833501,-0.0031040054387808,3.8482263544427036
2.250,0.850,1.9544329054318770,-0.0035508503955448,3.8327409717911149
2.350,0.850,1.9541930243410404,-0.0040929898862749,3.8174466752868823
2.450,0.850,1.9538389046924369,-0.0047546108574534,3.8024236004365264
2.550,0.850,1.9533171667966169,-0.0055685681815814,3.7877823686861420
2.650,0.850,1.9525527677373038,-0.0065803871003599,3.7736743672194373
2.750,0.850,1.9514425579500283,-0.0078530986962167,3.7603055646020760
2.850,0.850,1.9498474527945389,-0.0094726930282200,3.7479552231561848
2.950,0.850,1.9475818880022315,-0.0115541434677126,3.7370014934209586
3.050,0.850,1.9443979070093398,-0.0142485578171999,3.7279566762009115
3.150,0.850,1.9399599596613848,-0.0177532450845629,3.7215156620683372
3.250,0.850,1.9338060608390533,-0.0223283408530080,3.7186211872774413
3.350,0.850,1.9252923905517885,-0.0283254435903720,3.7205484351427480
3.450,0.850,1.9135220918952647,-0.0362339846323894,3.7290087509624308
3.550,0.850,1.8972621340513280,-0.0467488878166816,3.7462679147871318
3.650,0.850,1.8748467910759048,-0.0608616848146107,3.7752685142891238
3.750,0.850,1.8440456325450096,-0.0799858475933419,3.8197354818141505
3.850,0.850,1.8018481085988489,-0.1061536009916492,3.8842162739112105
3.950,0.850,1.7441182318791824,-0.1423608532650094,3.9739330071024823
4.050,0.850,1.6651182145338341,-0.1931997866552414,4.0941520596026217
4.150,0.850,1.5569691129711103,-0.2660335640105535,4.2483514230197974
4.250,0.850,1.4091444914985700,-0.3726604800096981,4.4333336656606956
4.350,0.850,1.2073408387301332,-0.5296663164047221,4.6278470021975853
4.450,0.850,0.9277558551186248,-0.7338647234428877,4.7709696476612358
4.550,0.850,0.4956373242261473,-0.7043043313686682,4.7846429136793098
4.650,0.850,0.0123590666244781,0.6965452312974815,4.8266424520549744
0.050,0.950,1.9949120915826966,-0.0000668332958135,4.1821343366720409
0.150,0.950,1.9948964039945090,-0.0001489916175807,4.1662101464868249
0.250,0.950,1.9948752402295897,-0.0002002201607984,4.1502944156774504
0.350,0.950,1.9948506086008750,-0.0002469970795331,4.1343857583838712
0.450,0.950,1.9948240496907135,-0.0003015233436525,4.1184786367751061
0.550,0.950,1.9947964117066626,-0.0003688207900047,4.1025668168584000
0.650,0.950,1.9947681037388370,-0.0004500870251832,4.0866455845393910
0.750,0.950,1.9947393946708440,-0.0005444107087464,4.0707128176684479
0.850,0.950,1.9947105780697512,-0.0006497716271686,4.0547691758983229
0.950,0.950,1.9946819532321631,-0.0007637174776988,4.0388177115159456
1.050,0.950,1.9946536539221900,-0.0008838872147615,4.0228631806748441
1.150,0.950,1.9946254057757327,-0.0010084524992301,4.0069112832125739
1.250,0.950,1.9945963087516709,-0.0011364930339410,3.9909680020483078
1.350,0.950,1.9945647187624624,-0.0012682862883412,3.9750391611791693
1.450,0.950,1.9945282472365518,-0.0014054782195307,3.9591302795209611
1.550,0.950,1.9944838259233495,-0.0015511108513248,3.9432467678973833
1.650,0.950,1.9944277234494585,-0.0017095087930901,3.9273944983290212
1.750,0.950,1.9943553759240560,-0.0018860572543404,3.9115807677169707
1.850,0.950,1.9942609181220412,-0.0020869264520754,3.8958156814650726
1.950,0.950,1.9941363632949534,-0.0023188062438060,3.8801139967651492
2.050,0.950,1.9939704456897149,-0.0025887146067689,3.8644974919276578
2.150,0.950,1.9937471679012293,-0.0029039447054655,3.8489979711033544
2.250,0.950,1.9934440501258825,-0.0032722273888625,3.8336610792382961
2.350,0.950,1.9930299473988937,-0.0037022106558928,3.8185511988329419
2.450,0.950,1.9924621016223831,-0.0042043841696275,3.8037578391437745
2.550,0.950,1.9916818765995932,-0.0047925816189098,3.7894041232894486
2.650,0.950,1.9906084604870877,-0.0054861433573972,3.7756582447933589
2.750,0.950,1.9891297912670765,-0.0063126827750432,3.7627491192523568
2.850,0.950,1.9870901066966318,-0.0073111612320579,3.7509879152063670
2.950,0.950,1.9842737509753992,-0.0085346974942094,3.7407977208520671
3.050,0.950,1.9803848516751996,-0.0100524268385995,3.7327542792984429
3.150,0.950,1.9750215846623371,-0.0119502176785039,3.7276414382435412
3.250,0.950,1.9676412717473708,-0.0143317647914603,3.7265255204336944
3.350,0.950,1.9575084770045135,-0.0173248576220689,3.7308528365466036
3.450,0.950,1.9436144595480114,-0.0211014121891107,3.7425734840992448
3.550,0.950,1.9245570105230596,-0.0259203133161737,3.7642921866487704
3.650,0.950,1.8983772894256430,-0.0321939101175919,3.7994444218311516
3.750,0.950,1.8623539447667055,-0.0405646277580687,3.8524961565049280
3.850,0.950,1.8127245814689117,-0.0519833681603096,3.9291639686509350
3.950,0.950,1.7442303454257702,-0.0678487080856381,4.0366043938721052
4.050,0.950,1.6493431409294277,-0.0903940783991034,4.1832891663275360
4.150,0.950,1.5170917827871837,-0.1236196648707764,4.3777283523175479
4.250,0.950,1.3313849794440431,-0.1748004505191890,4.6243853888553144
4.350,0.950,1.0690034333729674,-0.2540793084016293,4.9127601364357965
4.450,0.950,0.6982917959572845,-0.3444533439007117,5.1898984558497521
4.550,0.950,0.1987282579397863,-0.1573073831487920,5.3876960476761635
4.650,0.950,-0.0425904695069187,0.6707864267399876,5.7087984055449184
0.050,1.050,1.9945141353014344,-0.0000906783083367,4.1821669187996777
0.150,1.050,1.9945497622110069,-0.0001605530941750,4.1662521624571704
0.250,1.050,1.9945716204902959,-0.0002022101083789,4.1503557222141341
0.350,1.050,1.9945830706034504,-0.0002416939351422,4.1344712532435812
0.450,1.050,1.9945860271921971,-0.0002901235025870,4.1185896132114967
0.550,1.050,1.9945809161606616,-0.0003516748122290,4.1027022073485764
0.650,1.050,1.9945672562927717,-0.0004272071308826,4.0868029955248035
0.750,1.050,1.9945443996147179,-0.0005159396475189,4.0708893465872240
0.850,1.050,1.9945121534991759,-0.0006162509961804,4.0549620404528346
0.950,1.050,1.9944711222478697,-0.0007260918455373,4.0390247292695225
1.050,1.050,1.9944226970447443,-0.0008432598855128,4.0230831300475574
1.150,1.050,1.9943687059368107,-0.0009656719822530,4.0071441650644122
1.250,1.050,1.9943108097705995,-0.0010916874072544,3.9912152104230842
1.350,1.050,1.9942497855889847,-0.0012204643396513,3.9753035652957998
1.450,1.050,1.9941848600745160,-0.0013522763662762,3.9594162172963925
1.550,1.050,1.9941132290478176,-0.0014886915954347,3.9435599534611625
1.650,1.050,1.9940298241604075,-0.0016325328580370,3.9277418511924909
1.750,1.050,1.9939272826558634,-0.0017875882416671,3.9119701790028412
1.850,1.050,1.9937959737973574,-0.0019581084843064,3.8962557429429383
1.950,1.050,1.9936238722442863,-0.0021481866212431,3.8806137313631481
2.050,1.050,1.9933960653235703,-0.0023611444024114,3.8650661387809775
2.150,1.050,1.9930937307828736,-0.0025990400044372,3.8496448909407590
2.250,1.050,1.9926924882664969,-0.0028623673533613,3.8343958516795782
2.350,1.050,1.9921600588633117,-0.0031499534725523,3.8193839752036114
2.450,1.050,1.9914531132379838,-0.0034589922189714,3.8046999861246125
2.550,1.050,1.9905130220665548,-0.0037850895724473,3.7904691400605754
2.650,1.050,1.9892599472598596,-0.0041221369631113,3.7768628609159696
2.750,1.050,1.9875843705585226,-0.0044617676400935,3.7641143939257518
2.850,1.050,1.9853348288443509,-0.0047920776399112,3.7525400882752882
2.950,1.050,1.9823004298605627,-0.0050952029776587,3.7425685635913282
3.050,1.050,1.9781867739971177,-0.0053432510715206,3.7347808451016862
3.150,1.050,1.9725841951259613,-0.0054920511980659,3.7299655573731387
3.250,1.050,1.9649273357462342,-0.0054724000508297,3.7291943263773950
3.350,1.050,1.9544437937235870,-0.0051792969743740,3.7339233136061134
3.450,1.050,1.9400849630382400,-0.0044614460738003,3.7461265847428895
3.550,1.050,1.9204229602500191,-0.0031154637601679,3.7684647048950430
3.650,1.050,1.8934866517321893,-0.0008882913065381,3.8044866819877465
3.750,1.050,1.8565068912218692,0.0025198757808928,3.8588564937608147
3.850,1.050,1.8055512039888300,0.0074836067225255,3.9375929085270887
3.950,1.050,1.7350135136680322,0.0145486017876297,4.0483144791184857
4.050,1.050,1.6367782230976735,0.0245312949713657,4.2004168239687472
4.150,1.050,1.4985829491109588,0.0382967980284528,4.4046149237228862
4.250,1.050,1.3011502068502603,0.0559912637754859,4.6696763558282566
4.350,1.050,1.0144722041645318,0.0780141871556208,4.9919454409391726
4.450,1.050,0.5954946886141240,0.1268661375515941,5.3290244994187104
4.550,1.050,0.0496589009982552,0.3730114777735822,5.5976320266582569
4.650,1.050,-0.0745930558332153,0.4526782552841577,6.0394122667240833
0.050,1.150,1.9546324222107891,-0.0001192274958951,4.1823148150812619
0.150,1.150,1.9546249874796433,-0.0001740609806393,4.1663914839507354
0.250,1.150,1.9546077839038387,-0.0002060001173414,4.1504951900489733
0.350,1.150,1.9545866114042887,-0.0002392260474105,4.1346156048408540
0.450,1.150,1.9545641854943618,-0.0002824740183884,4.1187408117071387
0.550,1.150,1.9545403579577736,-0.0003380663117087,4.1028604679693261
0.650,1.150,1.9545130722884667,-0.0004059348370457,4.0869675927532434
0.750,1.150,1.9544795016896759,-0.0004853045953382,4.0710592261643006
0.850,1.150,1.9544370456382762,-0.0005752658168158,4.0551362797753905
0.950,1.150,1.9543840113553126,-0.0006748324412242,4.0392028864473728
1.050,1.150,1.9543199053113909,-0.0007828189936949,4.0232655079002528
1.150,1.150,1.9542453249208034,-0.0008977409051507,4.0073319994962482
1.250,1.150,1.9541614891134642,-0.0010178551825178,3.9914107778734462
1.350,1.150,1.9540694913158003,-0.0011413753277727,3.9755101941917368
1.450,1.150,1.9539694021529541,-0.0012668149896126,3.9596381847192919
1.550,1.150,1.9538593823402823,-0.0013933514265299,3.9438022500207333
1.650,1.150,1.9537349709489336,-0.0015210679729189,3.9280098025012511
1.750,1.150,1.9535886737759933,-0.0016509447828863,3.9122689186162369
1.850,1.150,1.9534098863107603,-0.0017845183076562,3.8965895368039720
1.950,1.150,1.9531850602957648,-0.0019232072723640,3.8809851561212940
2.050,1.150,1.9528978937830068,-0.0020673799013413,3.8654751151581568
2.150,1.150,1.9525292286002760,-0.0022152837858651,3.8500875679753190
2.250,1.150,1.9520563008058232,-0.0023619528152006,3.8348633262333713
2.350,1.150,1.9514510077057070,-0.0024981364179670,3.8198608087425852
2.450,1.150,1.9506768998524040,-0.0026091730541997,3.8051624386907843
2.550,1.150,1.9496846313476430,-0.0026735728967181,3.7908829663240935
2.650,1.150,1.9484055612732867,-0.0026609097784773,3.7771803875980812
2.750,1.150,1.9467430662927852,-0.0025284762331671,3.7642703999641718
2.850,1.150,1.9445609000093753,-0.0022160547414388,3.7524457140934193
2.950,1.150,1.9416676458129281,-0.0016381311815358,3.7421020601943207
3.050,1.150,1.9377960017650369,-0.0006729424933676,3.7337734280590360
3.150,1.150,1.9325753486515727,0.0008521161761860,3.7281799911910363
3.250,1.150,1.9254957539331368,0.0031791468732908,3.7262932745734592
3.350,1.150,1.9158609747571962,0.0066432858019203,3.7294242860857314
3.450,1.150,1.9027262669290141,0.0117034133133528,3.7393410487921850
3.550,1.150,1.8848120396204764,0.0189855586699683,3.7584209701743001
3.650,1.150,1.8603741913956480,0.0293497192673562,3.7898380239395610
3.750,1.150,1.8269960973665986,0.0439974018707083,3.8377700259888567
3.850,1.150,1.7812530979135528,0.0646456645962814,3.9075814150115233
3.950,1.150,1.7182010276532056,0.0938115280178607,4.0058882271461540
4.050,1.150,1.6306312191309695,0.1352961941811930,4.1403380511616863
4.150,1.150,1.5078333895044425,0.1950240845302317,4.3187441071879675
4.250,1.150,1.3328424512786208,0.2824089029751112,4.5463108143448174
4.350,1.150,1.0761913768556870,0.4132317002867101,4.8160572125837353
4.450,1.150,0.6879412880992789,0.6224615894713332,5.0795486832359664
4.550,1.150,0.1513947748846827,0.9163467742417246,5.2332246469817383
4.650,1.150,-0.0625137031358151,0.1732816638588190,5.5875344746744906
0.050,1.250,1.8749654459200973,-0.0000829971435006,4.1825176826597907
0.150,1.250,1.8748918874293186,-0.0001252619198674,4.1665747114455218
0.250,1.250,1.8748108387006761,-0.0001535279256391,4.1506680718513937
0.350,1.250,1.8747308581332669,-0.0001883856025481,4.1347837962404652
0.450,1.250,1.8746560176458897,-0.0002347704120317,4.1189073987221327
0.550,1.250,1.8745865747781028,-0.0002921141042615,4.1030268283342330
0.650,1.250,1.8745202847452851,-0.0003587246503525,4.0871340493507242
0.750,1.250,1.8744537355553046,-0.0004333887575184,4.0712255335333118
0.850,1.250,1.8743833968944175,-0.0005156448450283,4.0553019925137255
0.950,1.250,1.8743062810420059,-0.0006054655861104,4.0393676503410401
1.050,1.250,1.8742202328284214,-0.0007027605482007,4.0234292991275309
1.150,1.250,1.8741239138086938,-0.0008069401122219,4.0074953191497285
1.250,1.250,1.8740165493061229,-0.0009166745902146,3.9915747913107800
1.350,1.250,1.8738974934736754,-0.0010298991489831,3.9756767895348131
1.450,1.250,1.8737656594070633,-0.0011440434777532,3.9598099138424296
1.550,1.250,1.8736188699656249,-0.0012564040750884,3.9439821095764924
1.650,1.250,1.8734532077922275,-0.0013645311539377,3.9282008118049370
1.750,1.250,1.8732624649390843,-0.0014664786365326,3.9124734540212205
1.850,1.250,1.8730377916106349,-0.0015607707517891,3.8968083856685474
1.950,1.250,1.8727676005504825,-0.0016459731829212,3.8812162538098862
2.050,1.250,1.8724376917121011,-0.0017198121226611,3.8657119217066271
2.150,1.250,1.8720314326652989,-0.0017778423284609,3.8503170232638593
2.250,1.250,1.8715296921391735,-0.0018116998722086,3.8350632899558255
2.350,1.250,1.8709101128216465,-0.0018069618846387,3.8199968393256269
2.450,1.250,1.8701452539596981,-0.0017405587349652,3.8051836860310186
2.550,1.250,1.8691991451389574,-0.0015775443206490,3.7907168344893347
2.650,1.250,1.8680218588705049,-0.0012668459339364,3.7767254468501865
2.750,1.250,1.8665418039036725,-0.0007354196779232,3.7633867667337886
2.850,1.250,1.8646555282209614,0.0001199287268048,3.7509417397671827
2.950,1.250,1.8622148589854308,0.0014438985691570,3.7397156354910055
3.050,1.250,1.8590111347321854,0.0034380928943150,3.7301454761882704
3.150,1.250,1.8547559895435284,0.0063813591707712,3.7228167452741636
3.250,1.250,1.8490574275167142,0.0106562542331196,3.7185126630818868
3.350,1.250,1.8413884801597462,0.0167839229151846,3.7182800958206887
3.450,1.250,1.8310432700884602,0.0254725418071533,3.7235162438702623
3.550,1.250,1.8170718105491863,0.0376900591544340,3.7360778294318604
3.650,1.250,1.7981811984786760,0.0547801180151719,3.7584054024437599
3.750,1.250,1.7725891969093122,0.0786479888135749,3.7936315115643131
3.850,1.250,1.7378192487907924,0.1120475026338320,3.8455899716121702
3.950,1.250,1.6904319044802769,0.1590120593373486,3.9185476181089030
4.050,1.250,1.6256770414241752,0.2255594078100890,4.0163144036116281
4.150,1.250,1.5369634896202506,0.3211047585774243,4.1400540040017324
4.250,1.250,1.4147488271951700,0.4616255361204542,4.2830678851901309
4.350,1.250,1.2438350183418063,0.6766169695745281,4.4163044762214509
4.450,1.250,0.9978970370059308,1.0233153605390835,4.4400025537091778
4.550,1.250,0.6254832748869651,1.4494354402426799,4.0842635310677604
4.650,1.250,0.0154135980073369,0.1304334903107654,3.2751681046324639
0.050,1.350,1.7550145350736683,-0.0000133252218517,4.1826531174995329
0.150,1.350,1.7549421187797976,-0.0000377790207257,4.1666935593350747
0.250,1.350,1.7548526394647386,-0.0000606397187674,4.1507821000621750
0.350,1.350,1.7547574833661490,-0.0000974547382210,4.1349007037996888
0.450,1.350,1.7546626092501965,-0.0001485059174947,4.1190317744614964
0.550,1.350,1.7545698091773463,-0.0002099244816044,4.1031609240942588
0.650,1.350,1.7544783368225747,-0.0002782119959812,4.0872783834824871
0.750,1.350,1.7543863033337428,-0.0003515533405533,4.0713793657303086
0.850,1.350,1.7542915938538530,-0.0004296489692496,4.0554637132063016
0.950,1.350,1.7541922934222527,-0.0005129784435698,4.0395351191161213
1.050,1.350,1.7540867382278278,-0.0006019862507162,4.0236001531853205
1.150,1.350,1.7539733482791613,-0.0006964434373724,4.0076672573904473
1.250,1.350,1.7538503786889161,-0.0007950925072871,3.9917458234057426
1.350,1.350,1.7537156780772873,-0.0008955888674569,3.9758454230418958
1.450,1.350,1.7535664893776863,-0.0009946908106097,3.9599752369827326
1.550,1.350,1.7533992888540249,-0.0010886100156949,3.9441437137726303
1.650,1.350,1.7532096427213666,-0.0011734081823886,3.9283584874073458
1.750,1.350,1.7529920669122201,-0.0012453087089704,3.9126265850620010
1.850,1.350,1.7527398946229955,-0.0013007847029052,3.8969549640348919
1.950,1.350,1.7524451722596579,-0.0013362873220883,3.8813514274471701
2.050,1.350,1.7520985997564913,-0.0013474916940709,3.8658259812951759
2.150,1.350,1.7516894933978555,-0.0013279576024096,3.8503927118443966
2.250,1.350,1.7512056766390025,-0.0012671191843544,3.8350722836652222
2.350,1.350,1.7506331095839121,-0.0011475177723109,3.8198951870265705
2.450,1.350,1.7499549759927018,-0.0009411598511524,3.8049059016155851
2.550,1.350,1.7491498894959674,-0.0006048084705320,3.7901681952292061
2.650,1.350,1.7481888863444732,-0.0000739028643763,3.7757718464904366
2.750,1.350,1.7470309551998779,0.0007453385748091,3.7618411782662569
2.850,1.350,1.7456170061845235,0.0019862225341443,3.7485459269549581
2.950,1.350,1.7438623568716252,0.0038350278173396,3.7361151726826729
3.050,1.350,1.7416479133204728,0.0065485190601590,3.7248553422819057
3.150,1.350,1.7388100742370907,0.0104768379590644,3.7151736852830015
3.250,1.350,1.7351287321414910,0.0160940067436463,3.7076090555418020
3.350,1.350,1.7303113537505181,0.0240402758434435,3.7028719973296398
3.450,1.350,1.7239691411151290,0.0351841332159012,3.7018950206636316
3.550,1.350,1.7155800439209830,0.0507167391911187,3.7058888927962843
3.650,1.350,1.7044364889642072,0.0722957535617167,3.7163858934294298
3.750,1.350,1.6895884485973820,0.1022553470037049,3.7352155152891560
3.850,1.350,1.6698154045826337,0.1438970133434259,3.7642862780726594
3.950,1.350,1.6436751127645521,0.2019006174928196,3.8049201429571986
4.050,1.350,1.6096524602002993,0.2830188953661169,3.8562684581432221
4.150,1.350,1.5664500797418119,0.3975040087322668,3.9118714165395958
4.250,1.350,1.5139355774319809,0.5621028945698445,3.9519337302234669
4.350,1.350,1.4566244501847623,0.8060607267769608,3.9230160560568574
4.450,1.350,1.4137207561393181,1.1812583559073138,3.6733937313296328
4.550,1.350,1.4377865868509161,1.6601717197752583,2.7645863387366933
4.650,1.350,1.1447432426855042,1.1380525835472128,0.4336124500330854
0.050,1.450,1.5948773400247458,0.0000167029137167,4.1826617912963133
0.150,1.450,1.5948508114308122,0.0000269850477572,4.1666966049390233
0.250,1.450,1.5947891484283441,0.0000222033827279,4.1507945726591631
0.350,1.450,1.5947081253775046,-0.0000067136841389,4.1349326818497207
0.450,1.450,1.5946168647359951,-0.0000547724551710,4.1190892194330848
0.550,1.450,1.5945197779005398,-0.0001146402029105,4.1032464291409898
0.650,1.450,1.5944185089950684,-0.0001810138632914,4.0873918174331125
0.750,1.450,1.5943133990882385,-0.0002514266289960,4.0715184378418465
0.850,1.450,1.5942043240038255,-0.0003255087019163,4.0556244848455734
0.950,1.450,1.5940909746647005,-0.0004037859051757,4.0397124818246928
1.050,1.450,1.5939727574515676,-0.0004865796636637,4.0237882832730669
1.150,1.450,1.5938485182352613,-0.0005732621495134,4.0078600468139030
1.250,1.450,1.5937162659404402,-0.0006619309253847,3.9919372752815572
1.350,1.450,1.5935730155343888,-0.0007494556369664,3.9760299874234386
1.450,1.450,1.5934148065501486,-0.0008317904313655,3.9601480483873432
1.550,1.450,1.5932368958981142,-0.0009044214200753,3.9443006766660531
1.650,1.450,1.5930340814211656,-0.0009628138608203,3.9284961400063176
1.750,1.450,1.5928010891199276,-0.0010027277857538,3.9127416559952248
1.850,1.450,1.5925329516472866,-0.0010202767400130,3.8970435207967644
1.950,1.450,1.5922253143926515,-0.0010116090443470,3.8814074995081280
2.050,1.450,1.5918746216508124,-0.0009720937712559,3.8658395222114321
2.150,1.450,1.5914781517926446,-0.0008948938933125,3.8503467401145692
2.250,1.450,1.5910338816176854,-0.0007688047453820,3.8349390059195758
2.350,1.450,1.5905401649500326,-0.0005752227467388,3.8196308518350550
2.450,1.450,1.5899952135045441,-0.0002840818278404,3.8044440477182162
2.550,1.450,1.5893963790256207,0.0001514507907725,3.7894108310174524
2.650,1.450,1.5887392675272116,0.0008017920522027,3.7745779101713528
2.750,1.450,1.5880167795259819,0.0017696263897499,3.7600113558582917
2.850,1.450,1.5872182632340226,0.0032009077528509,3.7458025148308716
2.950,1.450,1.5863290634022533,0.0052987889343992,3.7320751184218728
3.050,1.450,1.5853307732582653,0.0083414071582365,3.7189938243216845
3.150,1.450,1.5842023140790766,0.0127051728033989,3.7067745231774158
3.250,1.450,1.5829214009370460,0.0188966862474375,3.6956967746719225
3.350,1.450,1.5814649573039929,0.0275989524134124,3.6861183355789393
3.450,1.450,1.5798062003008535,0.0397407850489738,3.6784897256556612
3.550,1.450,1.5779076431008245,0.0565999084986059,3.6733600885379132
3.650,1.450,1.5757179109939599,0.0799455427545519,3.6713475623874174
3.750,1.450,1.5732012979690062,0.1122129903326775,3.6730060341977420
3.850,1.450,1.5704576071777954,0.1566990341372655,3.6784397147437233
3.950,1.450,1.5679972128263999,0.2178278483673273,3.6863857478542692
4.050,1.450,1.5672112857461298,0.3016792106364694,3.6922919007666470
4.150,1.450,1.5712318227845679,0.4169286136647397,3.6845220295944654
4.250,1.450,1.5872305238308118,0.5757885481219331,3.6364945494809393
4.350,1.450,1.6324527344066326,0.7946301258844303,3.4883135976036970
4.450,1.450,1.7474518355674733,1.0930289264507591,3.1013192033541124
4.550,1.450,2.0090236162940833,1.4167605526158069,2.1869805474432322
4.650,1.450,2.3649148424421580,1.4775176041013893,0.5620898008392456
0.050,1.550,1.3948960848952674,0.0000090007110468,4.1825788048656607
0.150,1.550,1.3948638065203671,0.0000748979992256,4.1666154724398901
0.250,1.550,1.3947825002280760,0.0001020779214042,4.1507327769219557
0.350,1.550,1.3946749118215500,0.0000903020535649,4.1349019346768987
0.450,1.550,1.3945546906309081,0.0000511403336082,4.1190962006913843
0.550,1.550,1.3944292778899996,-0.0000038687394104,4.1032935263421457
0.650,1.550,1.3943023530766701,-0.0000671218944338,4.0874778438897179
0.750,1.550,1.3941755534456040,-0.0001350747107526,4.0716393257935062
0.850,1.550,1.3940494485585326,-0.0002068482183879,4.0557739536572539
0.950,1.550,1.3939239130270042,-0.0002825389100378,4.0398826797296161
1.050,1.550,1.3937981100413692,-0.0003618436287023,4.0239703979713086
1.150,1.550,1.3936703010690112,-0.0004432402931291,4.0080448764219181
1.250,1.550,1.3935376601505407,-0.0005237416432061,3.9921157462294152
1.350,1.550,1.3933962164921920,-0.0005991139986416,3.9761935991317467
1.450,1.550,1.3932409917621200,-0.0006643951773285,3.9602892152771894
1.550,1.550,1.3930663476438423,-0.0007145311557865,3.9444129259516045
1.650,1.550,1.3928665191595777,-0.0007449606271618,3.9285741088282351
1.750,1.550,1.3926362814747728,-0.0007519961360201,3.9127808140393130
1.850,1.550,1.3923716821035093,-0.0007328708273936,3.8970395248816354
1.950,1.550,1.3920707657019562,-0.0006853364383048,3.8813550646996360
2.050,1.550,1.3917342240901276,-0.0006067096329145,3.8657306691623421
2.150,1.550,1.3913659198529751,-0.0004922703283571,3.8501682488309963
2.250,1.550,1.3909732597634170,-0.0003329172947987,3.8346688688856005
2.350,1.550,1.3905674386802511,-0.0001119817448780,3.8192334693695340
2.450,1.550,1.3901636418497212,0.0001989138106175,3.8038638381153342
2.550,1.550,1.3897813900657279,0.0006450895408784,3.7885638265782129
2.650,1.550,1.3894453405695175,0.0012953133771495,3.7733407619872619
2.750,1.550,1.3891870104235760,0.0022498162291168,3.7582069525098429
2.850,1.550,1.3890480461019545,0.0036501590489093,3.7431811006054492
2.950,1.550,1.3890857773267278,0.0056915031666123,3.7282893303405613
3.050,1.550,1.3893817880222510,0.0086383045692570,3.7135653962830086
3.150,1.550,1.3900540087753426,0.0128454538239276,3.6990494659789701
3.250,1.550,1.3912723043833803,0.0187887322206500,3.6847845881519348
3.350,1.550,1.3932768349342726,0.0271111015377323,3.6708092795124214
3.450,1.550,1.3963984347395484,0.0386933254552842,3.6571425913822910
3.550,1.550,1.4010831154216941,0.0547543907508195,3.6437517856687780
3.650,1.550,1.4079322705335386,0.0769727405601862,3.6304759079073321
3.750,1.550,1.4177881428855930,0.1075955897185748,3.6168392735238362
3.850,1.550,1.4319121329174198,0.1495062561863602,3.6016141707574061
3.950,1.550,1.4523027049139483,0.2063133887211911,3.5818884767561694
4.050,1.550,1.4822094191236899,0.2826218935058370,3.5513013930962272
4.150,1.550,1.5271122500306693,0.3842003427251669,3.4969412742563128
4.250,1.550,1.5968655561909846,0.5168604662265693,3.3936135370872971
4.350,1.550,1.7091179506841012,0.6840833234145556,3.1930638378583178
4.450,1.550,1.8938609624976090,0.8805076419127245,2.8089656017442155
4.550,1.550,2.1873652995445902,1.0585547353208378,2.1188815566520316
4.650,1.550,2.5641066562706656,1.1309676181409538,1.1575229048550149
0.050,1.650,1.1549392903844944,0.0000338848148813,4.1824466763329911
0.150,1.650,1.1548444838448406,0.0001682495042923,4.1664888131714353
0.250,1.650,1.1546997523623304,0.0002305426656755,4.1506289172577109
0.350,1.650,1.1545353192807959,0.0002333583786507,4.1348323667054130
0.450,1.650,1.1543685647065418,0.0001972711615455,4.1190671208785199
0.550,1.650,1.1542084158979409,0.0001395573025211,4.1033065104432502
0.650,1.650,1.1540586714587238,0.0000711475099274,4.0875305923011203
0.750,1.650,1.1539202404137712,-0.0000026070743560,4.0717264394142543
0.850,1.650,1.1537924456756803,-0.0000797918484929,4.0558877101503477
0.950,1.650,1.1536736318247367,-0.0001597117540477,4.0400137855784877
1.050,1.650,1.1535613368240654,-0.0002412238186773,4.0241086959693524
1.150,1.650,1.1534522585538900,-0.0003218279584626,4.0081799917172649
1.250,1.650,1.1533421936524213,-0.0003974801336651,3.9922376561524220
1.350,1.650,1.1532260667896064,-0.0004629627762383,3.9762931118445346
1.450,1.650,1.1530981149768891,-0.0005125956111553,3.9603583390227617
1.550,1.650,1.1529522495918274,-0.0005410661660258,3.9444451038682340
1.650,1.650,1.1527825900120801,-0.0005441807845283,3.9285642837741928
1.750,1.650,1.1525841462152424,-0.0005193677539694,3.9127252737344409
1.850,1.650,1.1523536214036865,-0.0004657943424740,3.8969354601228385
1.950,1.650,1.1520903074306359,-0.0003839845712660,3.8811997525951418
2.050,1.650,1.1517970538075852,-0.0002748439375317,3.8655201691178926
2.150,1.650,1.1514813049839090,-0.0001380130755138,3.8498954707239332
2.250,1.650,1.1511562224787952,0.0000305126700064,3.8343208389365109
2.350,1.650,1.1508419439690498,0.0002415445945165,3.8187875768975630
2.450,1.650,1.1505670903270127,0.0005166725999589,3.8032827911388871
2.550,1.650,1.1503707265280019,0.0008930630004865,3.7877889690733517
2.650,1.650,1.1503051251439083,0.0014290944781541,3.7722832997229139
2.750,1.650,1.1504398760130390,0.0022108725147992,3.7567364812267918
2.850,1.650,1.1508681200862247,0.0033597650070915,3.7411106053245393
2.950,1.650,1.1517159213432997,0.0050413727562191,3.7253554935434474
3.050,1.650,1.1531559622963909,0.0074769684637829,3.7094025745896331
3.150,1.650,1.1554267809527219,0.0109596768229502,3.6931550383405880
3.250,1.650,1.1588586440648736,0.0158797309209159,3.6764725691571831
3.350,1.650,1.1639070761057504,0.0227655918348729,3.6591483142749941
3.450,1.650,1.1711957106624675,0.0323482474695613,3.6408742093401303
3.550,1.650,1.1815727477240470,0.0456491811446876,3.6211860545890606
3.650,1.650,1.1961908449709604,0.0640722874301864,3.5993658065846428
3.750,1.650,1.2166266508081216,0.0894539759694141,3.5742446114102369
3.850,1.650,1.2450560828554282,0.1240388023216362,3.5437900088457859
3.950,1.650,1.2844934051097030,0.1704512276740775,3.5043080880931310
4.050,1.650,1.3391287029698560,0.2317473838065933,3.4491294486451980
4.150,1.650,1.4149356651596054,0.3109754502240794,3.3666491647445556
4.250,1.650,1.5206982505448419,0.4092309632849740,3.2370057850603584
4.350,1.650,1.6686814510948598,0.5236283784079210,3.0272271745197417
4.450,1.650,1.8739407482872041,0.6414169748777552,2.6920864532433626
4.550,1.650,2.1451791843038914,0.7364440099841176,2.1809215655814791
4.650,1.650,2.4636601249825603,0.7672405464950631,1.5303128741923564
0.050,1.750,0.8747754540339581,0.0001060707281908,4.1822647873903920
0.150,1.750,0.8746624606166662,0.0003098039876398,4.1663255862254793
0.250,1.750,0.8745071757391384,0.0003992020701995,4.1504970900724381
0.350,1.750,0.8743437602842326,0.0004049552395293,4.1347398720199111
0.450,1.750,0.8741895296410445,0.0003595566243725,4.1190173151629095
0.550,1.750,0.8740514932303258,0.0002875480731413,4.1032986720401317
0.650,1.750,0.8739309110312256,0.0002039194446808,4.0875605866343028
0.750,1.750,0.8738261951403262,0.0001161094398038,4.0717874751296819
0.850,1.750,0.8737345365679641,0.0000270883110579,4.0559711259307756
0.950,1.750,0.8736526465876154,-0.0000617991755972,4.0401098197688912
1.050,1.750,0.8735769638715374,-0.0001488218681781,4.0242072025867275
1.150,1.750,0.8735036094539110,-0.0002308296483287,4.0082710770688594
1.250,1.750,0.8734282911091725,-0.0003030956162574,3.9923122193075384
1.350,1.750,0.8733462828704560,-0.0003598052120352,3.9763432785539270
1.450,1.750,0.8732525437769298,-0.0003949260003844,3.9603777815305508
1.550,1.750,0.8731419966277848,-0.0004032038765888,3.9444292379532739
1.650,1.750,0.8730099627974550,-0.0003810682323687,3.9285103291885872
1.750,1.750,0.8728527410954450,-0.0003272724754246,3.9126321551507068
1.850,1.750,0.8726683242304411,-0.0002431367018595,3.8968035131018262
1.950,1.750,0.8724572622101486,-0.0001322916844354,3.8810301833345635
2.050,1.750,0.8722237044271272,0.0000001523214825,3.8653141981368138
2.150,1.750,0.8719766780307389,0.0001490688000017,3.8496530692371547
2.250,1.750,0.8717316873993483,0.0003114467526559,3.8340389421058481
2.350,1.750,0.8715127485387910,0.0004892007070165,3.8184576294199983
2.450,1.750,0.8713550076820602,0.0006926307592889,3.8028874458731585
2.550,1.750,0.8713081455563847,0.0009444551590323,3.7872977155063521
2.650,1.750,0.8714408539714502,0.0012842853031284,3.7716467411126944
2.750,1.750,0.8718468099599478,0.0017733817935340,3.7558788996222341
2.850,1.750,0.8726527850977965,0.0024995773255965,3.7399203410329434
2.950,1.750,0.8740298294131039,0.0035824914560041,3.7236725045948131
3.050,1.750,0.8762088698839431,0.0051797893722134,3.7070023154871090
3.150,1.750,0.8795025764921086,0.0074965061141229,3.6897274981413659
3.250,1.750,0.8843360212572390,0.0108014797651978,3.6715949634573595
3.350,1.750,0.8912896026558655,0.0154570607583159,3.6522496377479698
3.450,1.750,0.9011590552756786,0.0219679292192385,3.6311898458286049
3.550,1.750,0.9150388410735601,0.0310468714462020,3.6077012588649136
3.650,1.750,0.9344351150368402,0.0436755515756654,3.5807488390240709
3.750,1.750,0.9614086767689596,0.0611177635703726,3.5487769638352304
3.850,1.750,0.9987331797619126,0.0848653096646282,3.5093275466037541
3.950,1.750,1.0500375000867552,0.1165922828147587,3.4583963128935884
4.050,1.750,1.1199125238558127,0.1581454026877655,3.3896012398434094
4.150,1.750,1.2139985276930241,0.2109231896905779,3.2932660766332709
4.250,1.750,1.3389513805877651,0.2740136314396304,3.1546917362738118
4.350,1.750,1.5018497333835870,0.3431723830536203,2.9516476803208569
4.450,1.750,1.7080227298013884,0.4073966869470885,2.6594282292011489
4.550,1.750,1.9550643731627311,0.4557987392219409,2.2535161289382275
4.650,1.750,2.2292989319559493,0.4594715484361796,1.7513313506896555
0.050,1.850,0.5544450742794015,0.0001551242952000,4.1820504715089681
0.150,1.850,0.5543966688235727,0.0004217781314723,4.1661615044645401
0.250,1.850,0.5543162965401075,0.0005279314313829,4.1503854696761273
0.350,1.850,0.5542357285170305,0.0005276808124846,4.1346803334492748
0.450,1.850,0.5541668267085406,0.0004676121612932,4.1190066669908783
0.550,1.850,0.5541107599403997,0.0003798998699679,4.1033311091948192
0.650,1.850,0.5540639992885577,0.0002830116310866,4.0876281576420350
0.750,1.850,0.5540218499339529,0.0001854834763071,4.0718807104496513
0.850,1.850,0.5539801985848528,0.0000902635437353,4.0560797380167060
0.950,1.850,0.5539360765604517,-0.0000016441695052,4.0402234025939014
1.050,1.850,0.5538875375977392,-0.0000887436023424,4.0243158759882824
1.150,1.850,0.5538332330569333,-0.0001678680768565,4.0083660389019213
1.250,1.850,0.5537719501632730,-0.0002340592558181,3.9923861845500022
1.350,1.850,0.5537022744313467,-0.0002811944680694,3.9763907976682153
1.450,1.850,0.5536224538704291,-0.0003030352264961,3.9603954394693983
1.550,1.850,0.5535304835424429,-0.0002944038103638,3.9444157397048869
1.650,1.850,0.5534243945362720,-0.0002522523188793,3.9284664777102796
1.750,1.850,0.5533027192160566,-0.0001764503988515,3.9125607233550350
1.850,1.850,0.5531651112472322,-0.0000701726111979,3.8967090039050563
1.950,1.850,0.5530131202266475,0.0000601908988835,3.8809184614670555
2.050,1.850,0.5528511519943287,0.0002056463815290,3.8651919653308191
2.150,1.850,0.5526876816216203,0.0003557556131984,3.8495271414509142
2.250,1.850,0.5525368211693781,0.0005003479434977,3.8339152745128691
2.350,1.850,0.5524203737982009,0.0006317667503947,3.8183400228972788
2.450,1.850,0.5523705274815094,0.0007475929360160,3.8027758586458478
2.550,1.850,0.5524333588908530,0.0008537271614302,3.7871860966387141
2.650,1.850,0.5526733444339642,0.0009676283127293,3.7715203002453417
2.750,1.850,0.5531791395636608,0.0011214124550844,3.7557107318043093
2.850,1.850,0.5540710387449316,0.0013644604919610,3.7396673390371307
2.950,1.850,0.5555108419041210,0.0017652673591173,3.7232705152547454
3.050,1.850,0.5577154308500853,0.0024126755169006,3.7063605285055683
3.150,1.850,0.5609763202281558,0.0034176141562201,3.6887220783265433
3.250,1.850,0.5656888857725541,0.0049181283341933,3.6700618930072335
3.350,1.850,0.5723968299569308,0.0070922763958714,3.6499764656663900
3.450,1.850,0.5818592056555847,0.0101832596759894,3.6279051823041746
3.550,1.850,0.5951474327509895,0.0145348935897323,3.6030588079140116
3.650,1.850,0.6137750186015716,0.0206210242527294,3.5742994801796244
3.750,1.850,0.6398489651481772,0.0290416174851928,3.5399221113452315
3.850,1.850,0.6762084992693179,0.0404886480084500,3.4972678027081159
3.950,1.850,0.7264947521625756,0.0557698628850515,3.4421708236118698
4.050,1.850,0.7950944214731713,0.0758995470799051,3.3684757754617691
4.150,1.850,0.8869191826213885,0.1016123030276371,3.2678314967315094
4.250,1.850,1.0070131865834742,0.1317735502718750,3.1287523905570547
4.350,1.850,1.1598427591463014,0.1631399925323324,2.9343258762934941
4.450,1.850,1.3460938256480508,0.1902464638236138,2.6668771779969433
4.550,1.850,1.5586322915789002,0.2102884589555943,2.3131622400774980
4.650,1.850,1.7855340182693111,0.2029623893888600,1.8805274836079795
0.050,1.950,0.1941300338913467,0.0001267884837450,4.1818669644044668
0.150,1.950,0.1941794278952892,0.0004429393672141,4.1660623288173122
0.250,1.950,0.1942106270192933,0.0005556741133875,4.1503565760170078
0.350,1.950,0.1942462394599140,0.0005469227669152,4.1347082745902508
0.450,1.950,0.1942873341124981,0.0004779965468390,4.1190778620676749
0.550,1.950,0.1943257777104578,0.0003872161598455,4.1034316444202847
0.650,1.950,0.1943518241366081,0.0002940524835425,4.0877439673111500
0.750,1.950,0.1943581892650226,0.0002054250668756,4.0719980012201491
0.850,1.950,0.1943416374726680,0.0001217795829503,4.0561855359300925
0.950,1.950,0.1943029458835451,0.0000417995902025,4.0403061219266583
1.050,1.950,0.1942459541293533,-0.0000346179327109,4.0243658326578089
1.150,1.950,0.1941762439140581,-0.0001050319343253,4.0083758567697361
1.250,1.950,0.1940998323815855,-0.0001644385586678,3.9923510676385567
1.350,1.950,0.1940221178560208,-0.0002061417591171,3.9763086624432384
1.450,1.950,0.1939471952692748,-0.0002230983520723,3.9602669172535951
1.550,1.950,0.1938775667425553,-0.0002093844718894,3.9442440693187200
1.650,1.950,0.1938142116210974,-0.0001615147441455,3.9282573127816907
1.750,1.950,0.1937569479485353,-0.0000794310887562,3.9123218782116149
1.850,1.950,0.1937050099136469,0.0000329476442732,3.8964501577460022
1.950,1.950,0.1936577777756888,0.0001676668929406,3.8806508340208716
2.050,1.950,0.1936156217326623,0.0003131811972407,3.8649279700299886
2.150,1.950,0.1935808518673919,0.0004552918498961,3.8492800161217686
2.250,1.950,0.1935587947315862,0.0005785526619285,3.8336986869033463
2.350,1.950,0.1935590351867240,0.0006681056355057,3.8181676519269532
2.450,1.950,0.1935968630714835,0.0007118830056413,3.8026609660278741
2.550,1.950,0.1936949461745257,0.0007030598296187,3.7871411331624820
2.650,1.950,0.1938852229769722,0.0006425465994539,3.7715566446861413
2.750,1.950,0.1942110005852637,0.0005411653075487,3.7558387495430665
2.850,1.950,0.1947293185942812,0.0004209681052627,3.7398970865419003
2.950,1.950,0.1955139073333649,0.0003149984127429,3.7236136200190257
3.050,1.950,0.1966596846309727,0.0002648108069550,3.7068340446059858
3.150,1.950,0.1982908663763212,0.0003155109592864,3.6893554152962578
3.250,1.950,0.2005764771486306,0.0005092009896465,3.6709080860726178
3.350,1.950,0.2037590426099926,0.0008793793473833,3.6511286962050757
3.450,1.950,0.2082034390180778,0.0014498030696975,3.6295177427988614
3.550,1.950,0.2144709227738860,0.0022389747473708,3.6053674155258704
3.650,1.950,0.2234147474959282,0.0032647883179194,3.5776284692346101
3.750,1.950,0.2362757640210532,0.0045432469454166,3.5446597164740736
3.850,1.950,0.2547325221306133,0.0061095292460136,3.5038014106269553
3.950,1.950,0.2808492929794398,0.0081566927316788,3.4508292980138382
4.050,1.950,0.3169076482611415,0.0112614183498559,3.3796265200861648
4.150,1.950,0.3652618184929297,0.0159451481819303,3.2823184649356527
4.250,1.950,0.4286046724157631,0.0209251992676608,3.1486147353897662
4.350,1.950,0.5101620664221668,0.0240613412810539,2.9628963649315883
4.450,1.950,0.6093670478146808,0.0274827526608815,2.7065902310341414
4.550,1.950,0.7190285175876555,0.0324885451362304,2.3692809391666709
4.650,1.950,0.8316941255377164,0.0270356515689313,1.9547582211323276
4.750,0.050,0.9757901201056558,-0.0239714335753979,1.3287321641815759
4.850,0.050,1.0496945088565048,-0.0119660406124008,0.8114049354229848
4.950,0.050,1.0780554916199512,0.0015345307617654,0.3094556905844870
5.050,0.050,1.0594477327480165,0.0153465594181027,-0.1408147493685621
5.150,0.050,1.0026777452170077,0.0210641617233787,-0.5023541578344134
5.250,0.050,0.9180665953440404,0.0222382275628126,-0.7586041427433572
4.750,0.150,2.0580768947587971,-0.1803622740361208,1.2289414394690057
4.850,0.150,2.2437914843535616,-0.1217180593527847,0.6867275779995097
4.950,0.150,2.3685811410201110,-0.0441024537808763,0.1852553529068355
5.050,0.150,2.4205530208407224,0.0331675185173096,-0.2440218770642952
5.150,0.150,2.3953981920465486,0.0972133257683629,-0.5686681087239386
5.250,0.150,2.3052046934345372,0.1391538357414202,-0.7880063954076106
4.750,0.250,2.5669399619572233,-0.4230175307394550,0.9982702540172148
4.850,0.250,2.8133706324680707,-0.3121697340149499,0.3752657780418953
4.950,0.250,2.9875408267427765,-0.1606250512790869,-0.1752978803096577
5.050,0.250,3.0693274605254590,0.0005447314451119,-0.5810613825601149
5.150,0.250,3.0742292856144426,0.1378544740749200,-0.8438933450437928
5.250,0.250,3.0167468146805483,0.2381374713489290,-0.9869056847191313
4.750,0.350,2.8456038180325232,-0.7187615699234347,0.5619062375731760
4.850,0.350,3.0977011952632370,-0.5236952173401975,-0.2447137649014962
4.950,0.350,3.2111929754054409,-0.2637594043097180,-0.8307507324179569
5.050,0.350,3.2354342991396998,-0.0208308591442099,-1.1807591193820668
5.150,0.350,3.1971921169089565,0.1767462652580179,-1.3260708661275480
5.250,0.350,3.1291569443111973,0.3153946502368983,-1.3357893834812717
4.750,0.450,2.8833397790526032,-0.9920485222724308,-0.1670498683716575
4.850,0.450,2.9233175627793249,-0.6102751027268390,-1.1255858395584228
4.950,0.450,2.8595568244207827,-0.2547202026456152,-1.7060558598349316
5.050,0.450,2.7501639142333367,0.0432248698220237,-1.9257983315846905
5.150,0.450,2.6534902290486158,0.2530109870099457,-1.8785417582017907
5.250,0.450,2.5897008091093854,0.3828364882235905,-1.7086414640465430
4.750,0.550,2.1012968494049815,-0.8984750190361001,-0.9892450251704746
4.850,0.550,1.6729849717768293,-0.4077968273830881,-1.9041404728516351
4.950,0.550,1.4091068075880873,-0.0935811524190024,-2.4091421558859119
5.050,0.550,1.3076137395981242,0.1394685409350732,-2.4894921906488587
5.150,0.550,1.3119835753409830,0.2860026667638194,-2.2646260407188321
5.250,0.550,1.3944744364634301,0.3618022368095468,-1.9408069160412709
4.750,0.650,-0.1474217474995997,-0.1424563626159492,-1.3216768660264022
4.850,0.650,-0.5809599599290970,-0.0855630994929994,-2.1159086406291050
4.950,0.650,-0.7235210439678483,-0.0196740100263857,-2.6194797055488306
5.050,0.650,-0.6313095484475197,0.0538650798776128,-2.6933704924498327
5.150,0.650,-0.3547078950806398,0.0928063127571335,-2.4186925947333764
5.250,0.650,-0.0068243717440689,0.1173490653783512,-2.0268300747151651
4.750,1.350,0.0954019430135599,0.1057602171534421,-1.1754310950568463
4.850,1.350,-0.2686875624395506,0.0453187106271347,-1.5113692444992843
4.950,1.350,-0.4221659082388695,0.0208107070906036,-1.8630305190091183
5.050,1.350,-0.4100342135093665,-0.0123756921620836,-2.0852565654856314
5.150,1.350,-0.2650482867383371,-0.0476901750737617,-2.1008619206178043
5.250,1.350,-0.0126623827489979,-0.0781564609943055,-1.9299297092653327
4.750,1.450,2.1857764337863408,0.8083779232827590,-0.7911133645052215
4.850,1.450,1.7727725018234319,0.3640721884110908,-1.3287647592616041
4.950,1.450,1.5271832438852311,0.1308516858041203,-1.6638217236168023
5.050,1.450,1.4162021386803969,-0.0427932220826364,-1.8648708617403014
5.150,1.450,1.3931761842884425,-0.1807920374552111,-1.8878725870024469
5.250,1.450,1.4369381764615499,-0.2765550617610207,-1.7721867443968879
4.750,1.550,2.8498178777694800,0.9104330413822745,0.0920121148200818
4.850,1.550,2.8894624875133585,0.5756728017274786,-0.6853980244533523
4.950,1.550,2.8185145961463407,0.2770897807507233,-1.1645755241242417
5.050,1.550,2.7392706950500982,0.0370922458486686,-1.4342888065284318
5.150,1.550,2.6753853390088103,-0.1498798485773720,-1.5328826549881869
5.250,1.550,2.6298865463871799,-0.2862526049622812,-1.5059228222242997
4.750,1.650,2.7848468812253588,0.6722573848380655,0.7601538485384202
4.850,1.650,3.0061750309818716,0.4928510592035593,0.0730264013753873
4.950,1.650,3.1222639179519649,0.2786470563077456,-0.4574842017374714
5.050,1.650,3.1586633491536866,0.0724566501016918,-0.8233287101695154
5.150,1.650,3.1450717417859457,-0.1019161018534163,-1.0361019230977850
5.250,1.650,3.1014612224906939,-0.2360071514527123,-1.1286950914598242
4.750,1.750,2.5055939320478773,0.4025089569711010,1.1611372245203719
4.850,1.750,2.7327803776347226,0.3005780354752153,0.5858393140005878
4.950,1.750,2.8971980548789800,0.1698952198447649,0.0807087644612786
5.050,1.750,2.9888213043017458,0.0339784523104019,-0.3226453713839335
5.150,1.750,3.0127805693409884,-0.0874751460426179,-0.6106200887072952
5.250,1.750,2.9803484426498237,-0.1830667935934948,-0.7953343183367230
4.750,1.850,2.0025861205219853,0.1720448915542482,1.3791011468937437
4.850,1.850,2.1789142047902454,0.1199868870971200,0.8627531069675322
4.950,1.850,2.3010166050639107,0.0549736296381936,0.3795622493224139
5.050,1.850,2.3571364136312507,-0.0110617811841297,-0.0367375231681196
5.150,1.850,2.3484746189368129,-0.0685506055174044,-0.3652154977562710
5.250,1.850,2.2832606618856861,-0.1109619504038778,-0.6054658730409904
4.750,1.950,0.9291437873432206,0.0225691599583477,1.4750792436054625
4.850,1.950,0.9998029030684544,0.0130094911890546,0.9649175022832857
4.950,1.950,1.0355989033279542,0.0030288212054754,0.4773891307719159
5.050,1.950,1.0322146346838641,-0.0070576438229349,0.0472815924953710
5.150,1.950,0.9951059156187720,-0.0155330909669033,-0.3052754016661123
5.250,1.950,0.9327785138917835,-0.0202416757901126,-0.5737339964904358
5.350,0.050,0.8229551720605375,0.0231015359268738,-0.9198614839963409
5.450,0.050,0.7298854954374414,0.0238447597209262,-1.0102921539882190
5.550,0.050,0.6444363987363741,0.0229754427584411,-1.0513987417116752
5.650,0.050,0.5684850727854053,0.0199986449021092,-1.0585118484552232
5.750,0.050,0.5023263846960467,0.0159350667304231,-1.0425350683758108
5.850,0.050,0.4455804298279404,0.0121181831030170,-1.0118822224093813
5.950,0.050,0.3976970825881360,0.0091787550691771,-0.9732735243814026
6.050,0.050,0.3580569698454794,0.0070869333401112,-0.9318552553367530
6.150,0.050,0.3258751065204979,0.0056104918769820,-0.8912434033105832
6.250,0.050,0.3001844686641871,0.0045784992970703,-0.8537252857550350
6.350,0.050,0.2799478877084394,0.0038940571737938,-0.8205866467313728
6.450,0.050,0.2641989526503310,0.0034662829918701,-0.7924484286290967
6.550,0.050,0.2521224979233694,0.0031794938866644,-0.7695260842570045
6.650,0.050,0.2430557419067531,0.0029151127354225,-0.7517882567072556
6.750,0.050,0.2364446215960357,0.0025898704331336,-0.7390398103511423
6.850,0.050,0.2318008499686177,0.0021756593881698,-0.7309680010762963
6.950,0.050,0.2286841253949405,0.0016919409967531,-0.7271789020905047
7.050,0.050,0.2267067258235183,0.0011824552171609,-0.7272332580771239
7.150,0.050,0.2255444447397100,0.0006924709223321,-0.7306797478157359
7.250,0.050,0.2249409046842145,0.0002556402641775,-0.7370812140145491
7.350,0.050,0.2247019863006884,-0.0001092243901945,-0.7460316957961526
7.450,0.050,0.2246840525218542,-0.0003955444163345,-0.7571649275479331
7.550,0.050,0.2247811273317220,-0.0006046832801468,-0.7701565134361789
7.650,0.050,0.2249143396386520,-0.0007423043634036,-0.7847222180451449
7.750,0.050,0.2250245869093029,-0.0008160391514938,-0.8006143302702760
7.850,0.050,0.2250679226410525,-0.0008342535106965,-0.8176173910417752
7.950,0.050,0.2250127222634346,-0.0008054769915387,-0.8355440047213506
8.050,0.050,0.2248378073320697,-0.0007381445062397,-0.8542310617044949
8.150,0.050,0.2245310072233490,-0.0006404506904991,-0.8735364695718754
8.250,0.050,0.2240878994347764,-0.0005202330838347,-0.8933363748107617
8.350,0.050,0.2235106338744441,-0.0003848635367579,-0.9135228113153524
8.450,0.050,0.2228068260765652,-0.0002411521674230,-0.9340017026505806
8.550,0.050,0.2219885310591290,-0.0000952726798115,-0.9546911520578897
8.650,0.050,0.2210713107291561,0.0000472855921580,-0.9755199663193589
8.750,0.050,0.2200734001835483,0.0001817383962454,-0.9964263716512525
8.850,0.050,0.2190149702331128,0.0003040031788803,-1.0173568897987351
8.950,0.050,0.2179174780160301,0.0004106767166052,-1.0382653500819585
9.050,0.050,0.2168030950570942,0.0004989994134573,-1.0591120185985650
9.150,0.050,0.2156942019365356,0.0005668115321571,-1.0798628296092210
9.250,0.050,0.2146129400077044,0.0006125057528284,-1.1004887067914899
9.350,0.050,0.2135808126099633,0.0006349793993795,-1.1209649639212931
9.450,0.050,0.2126183304298758,0.0006335886339028,-1.1412707759054184
9.550,0.050,0.2117446977287560,0.0006081059987666,-1.1613887121313444
9.650,0.050,0.2109775378830823,0.0005586819311885,-1.1813043249438107
9.750,0.050,0.2103326579842427,0.0004858102972080,-1.2010057867766979
9.850,0.050,0.2098238530893401,0.0003902975825827,-1.2204835701093617
9.950,0.050,0.2094627511233605,0.0002732351184479,-1.2397301650028896
5.350,0.150,2.1687091800796225,0.1600188372288253,-0.9204899939979998
5.450,0.150,2.0064859107343724,0.1647747550598589,-0.9912020792491154
5.550,0.150,1.8354631629681561,0.1582493424044318,-1.0203039199262047
5.650,0.150,1.6672537951303363,0.1446193531105116,-1.0211662828239449
5.750,0.150,1.5088509770214815,0.1277046130206476,-1.0030992411921422
5.850,0.150,1.3642541160660964,0.1101982903198545,-0.9733968526133443
5.950,0.150,1.2356335215469880,0.0934657433559410,-0.9378109961113178
6.050,0.150,1.1237884999836398,0.0781015748401978,-0.9005323298983139
6.150,0.150,1.0284090619183803,0.0644104864865295,-0.8643486350330631
6.250,0.150,0.9484223518155658,0.0525436647317081,-0.8309984929471097
6.350,0.150,0.8823570242104093,0.0424855420467761,-0.8015334343618203
6.450,0.150,0.8285984790764563,0.0340711176544002,-0.7765661227422525
6.550,0.150,0.7855091324162689,0.0270616542277872,-0.7563962226180309
6.650,0.150,0.7514745635373504,0.0212256709460324,-0.7410695563000339
6.750,0.150,0.7249429378717067,0.0163804689297712,-0.7304254516628748
6.850,0.150,0.7044795721504490,0.0123914184002620,-0.7241543104507030
6.950,0.150,0.6888190817021298,0.0091523264851839,-0.7218599279912022
7.050,0.150,0.6768928454645812,0.0065684399145215,-0.7231133863024519
7.150,0.150,0.6678267538453618,0.0045494886787715,-0.7274908092161411
7.250,0.150,0.6609192507904318,0.0030099418803497,-0.7345948629085071
7.350,0.150,0.6556127429588442,0.0018714553785088,-0.7440640886179788
7.450,0.150,0.6514667962305696,0.0010645553382305,-0.7555748356355577
7.550,0.150,0.6481360609057505,0.0005289045123865,-0.7688394793705693
7.650,0.150,0.6453527318044746,0.0002125993439386,-0.7836031972524232
7.750,0.150,0.6429124245763846,0.0000710948038558,-0.7996404751249910
7.850,0.150,0.6406624954102914,0.0000661378743160,-0.8167518406534526
7.950,0.150,0.6384922083357824,0.0001648629080967,-0.8347609707515198
8.050,0.150,0.6363244271918830,0.0003390679208685,-0.8535121688812541
8.150,0.150,0.6341086381684589,0.0005646382651825,-0.8728681589161461
8.250,0.150,0.6318151484760824,0.0008210759612270,-0.8927081375463131
8.350,0.150,0.6294303115195634,0.0010911014927909,-0.9129260375888778
8.450,0.150,0.6269526292205705,0.0013603060868195,-0.9334289671975796
8.550,0.150,0.6243895886632752,0.0016168413449164,-0.9541358003288017
8.650,0.150,0.6217551037280140,0.0018511387983835,-0.9749759010586370
8.750,0.150,0.6190674500430818,0.0020556551818930,-0.9958879689223796
8.850,0.150,0.6163476003933536,0.0022246408433233,-1.0168189951281486
8.950,0.150,0.6136178855186930,0.0023539294181303,-1.0377233209663101
9.050,0.150,0.6109009208328496,0.0024407471433135,-1.0585617905049187
9.150,0.150,0.6082187525506151,0.0024835402300557,-1.0793009900708235
9.250,0.150,0.6055921870416137,0.0024818186961954,-1.0999125672781289
9.350,0.150,0.6030402751886356,0.0024360150501622,-1.1203726226008757
9.450,0.150,0.6005799294721582,0.0023473562469132,-1.1406611667558970
9.550,0.150,0.5982256558060983,0.0022177474125951,-1.1607616374871152
9.650,0.150,0.5959893851655452,0.0020496659547440,-1.1806604697256811
9.750,0.150,0.5938803920897301,0.0018460648298646,-1.2003467135298329
9.850,0.150,0.5919052884814863,0.0016102839178477,-1.2198116946685427
9.950,0.150,0.5900680819831496,0.0013459686403159,-1.2390487131873131
5.350,0.250,2.9137148487383486,0.2991136406774904,-1.0479137936978127
5.450,0.250,2.7794592464907484,0.3272737331015628,-1.0615757071772154
5.550,0.250,2.6252318152474743,0.3308657369246634,-1.0494619182948857
5.650,0.250,2.4599046258475497,0.3177588306768248,-1.0225810456018403
5.750,0.250,2.2908359139658963,0.2945605701835375,-0.9871365848853209
5.850,0.250,2.1244368194714984,0.2658899970763154,-0.9475767320392732
5.950,0.250,1.9660167032235667,0.2347858900758079,-0.9072361077249973
6.050,0.250,1.8194548873128285,0.2034001023298642,-0.8684186412962039
6.150,0.250,1.6871825063308472,0.1732907960663250,-0.8326329883305256
6.250,0.250,1.5704032182817018,0.1454716205345682,-0.8008729255334575
6.350,0.250,1.4693335937219192,0.1204818595147925,-0.7737752796453355
6.450,0.250,1.3833975075993321,0.0985223309668809,-0.7516646327527545
6.550,0.250,1.3114233064011160,0.0795866978659796,-0.7345769388481010
6.650,0.250,1.2518706452047454,0.0635434183114730,-0.7223162739317176
6.750,0.250,1.2030516010257208,0.0501780411296115,-0.7145372036960750
6.850,0.250,1.1632987446453094,0.0392217117671064,-0.7108228792734679
6.950,0.250,1.1310653560878243,0.0303782247077359,-0.7107403950180088
7.050,0.250,1.1049725124841343,0.0233484928322070,-0.7138720039499520
7.150,0.250,1.0838244078625139,0.0178485701158548,-0.7198292099431747
7.250,0.250,1.0666066737531201,0.0136201832544804,-0.7282572975760054
7.350,0.250,1.0524753194668344,0.0104352203597806,-0.7388353925955040
7.450,0.250,1.0407402701662267,0.0080962901997876,-0.7512747367482211
7.550,0.250,1.0308461850698813,0.0064350809916568,-0.7653163723630620
7.650,0.250,1.0223526375137371,0.0053096542507765,-0.7807287095484390
7.750,0.250,1.0149151593966670,0.0046013483278427,-0.7973051520358528
7.850,0.250,1.0082680581163299,0.0042116732383930,-0.8148618478303022
7.950,0.250,1.0022094146357061,0.0040594019917438,-0.8332355895790318
8.050,0.250,0.9965883244709007,0.0040779568413574,-0.8522818709471013
8.150,0.250,0.9912942413314841,0.0042131238004239,-0.8718730950985584
8.250,0.250,0.9862481883531296,0.0044210902397741,-0.8918969259885909
8.350,0.250,0.9813955745961414,0.0046667794546017,-0.9122547712570477
8.450,0.250,0.9767003641178787,0.0049224467142344,-0.9328603859063844
8.550,0.250,0.9721403714679753,0.0051664991457565,-0.9536385874919677
8.650,0.250,0.9677034893054959,0.0053825037458871,-0.9745240753425009
8.750,0.250,0.9633846849898468,0.0055583517667071,-0.9954603478192294
8.850,0.250,0.9591836307859244,0.0056855523590049,-1.0163987125979022
8.950,0.250,0.9551028559120468,0.0057586329258562,-1.0372973854250098
9.050,0.250,0.9511463281242369,0.0057746277605723,-1.0581206728822650
9.150,0.250,0.9473183883449353,0.0057326400730117,-1.0788382345458110
9.250,0.250,0.9436229746062608,0.0056334654334227,-1.0994244196901488
9.350,0.250,0.9400630818754002,0.0054792670353429,-1.1198576734643455
9.450,0.250,0.9366404126869277,0.0052732950752976,-1.1401200073232185
9.550,0.250,0.9333551803612091,0.0050196440475098,-1.1601965284576139
9.650,0.250,0.9302060322937588,0.0047230429296943,-1.1800750230388566
9.750,0.250,0.9271900656323614,0.0043886741543767,-1.1997455882610875
9.850,0.250,0.9243029118253495,0.0040220179713081,-1.2192003084102423
9.950,0.250,0.9215388701766517,0.0036287193532961,-1.2384329704874666
5.350,0.350,3.0495112035162575,0.4008460253323076,-1.2817365063083881
5.450,0.350,2.9634178967310909,0.4464192561394972,-1.2089887268426760
5.550,0.350,2.8694660032855066,0.4635258890640400,-1.1357034755994400
5.650,0.350,2.7652061161639812,0.4605072095502534,-1.0659425365181519
5.750,0.350,2.6502436503621869,0.4431077462232533,-1.0001662626507146
5.850,0.350,2.5267996116733222,0.4152729490318793,-0.9390291657211496
5.950,0.350,2.3987845895380495,0.3802063897773956,-0.8835804537832278
6.050,0.350,2.2706753702455718,0.3408338959782403,-0.8348235350455370
6.150,0.350,2.1466875033064099,0.2997457264149397,-0.7934346304123046
6.250,0.350,2.0302415916845158,0.2590639679794362,-0.7596317243427581
6.350,0.350,1.9236975103226395,0.2203995223444470,-0.7331790978936897
6.450,0.350,1.8283378755574602,0.1848692565321157,-0.7135103607548123
6.550,0.350,1.7445228513639783,0.1531403438798960,-0.6998934008407096
6.650,0.350,1.6719164677489340,0.1254970148249985,-0.6915630583193292
6.750,0.350,1.6097161874842441,0.1019248100352082,-0.6877971416765146
6.850,0.350,1.5568530942651586,0.0821995441710327,-0.6879480170493436
6.950,0.350,1.5121493924190725,0.0659682183532436,-0.6914497387253243
7.050,0.350,1.4744303594622057,0.0528144208692567,-0.6978144159901112
7.150,0.350,1.4425952452983299,0.0423061068916149,-0.7066244765645533
7.250,0.350,1.4156557627252004,0.0340271599773481,-0.7175235900314343
7.350,0.350,1.3927516108670579,0.0275958407272077,-0.7302074860118176
7.450,0.350,1.3731511645411338,0.0226736344011953,-0.7444153735966282
7.550,0.350,1.3562434543066986,0.0189676623119966,-0.7599223994035340
7.650,0.350,1.3415256728938438,0.0162291574899892,-0.7765333507860073
7.750,0.350,1.3285889582651471,0.0142498032863240,-0.7940776108103559
7.850,0.350,1.3171041348546531,0.0128571323796488,-0.8124052316321577
7.950,0.350,1.3068083656275729,0.0119097259665331,-0.8313839219238550
8.050,0.350,1.2974931906210665,0.0112926317650302,-0.8508967300919883
8.150,0.350,1.2889941282456381,0.0109132085369442,-0.8708402275799693
8.250,0.350,1.2811818370671109,0.0106974747837562,-0.8911230361041277
8.350,0.350,1.2739547368039530,0.0105869646496420,-0.9116645852192083
8.450,0.350,1.2672329389551265,0.0105360553230071,-0.9323940241461042
8.550,0.350,1.2609533201936505,0.0105097134511178,-0.9532492410111884
8.650,0.350,1.2550655724908437,0.0104816039287669,-0.9741759632306991
8.750,0.350,1.2495290746073446,0.0104325069339801,-0.9951269259572619
8.850,0.350,1.2443104449746800,0.0103489946522741,-1.0160611030673199
8.950,0.350,1.2393816530271866,0.0102223256926332,-1.0369429988557242
9.050,0.350,1.2347185829754059,0.0100475216594225,-1.0577419998665436
9.150,0.350,1.2302999599027769,0.0098225961910041,-1.0784317862036776
9.250,0.350,1.2261065624774188,0.0095479118217519,-1.0989898009603396
9.350,0.350,1.2221206593485887,0.0092256442573265,-1.1193967755336254
9.450,0.350,1.2183256174545398,0.0088593371432687,-1.1396363077980554
9.550,0.350,1.2147056400975891,0.0084535332562497,-1.1596944895131849
9.650,0.350,1.2112456008751240,0.0080134703622050,-1.1795595789657414
9.750,0.350,1.2079309465335066,0.0075448318652580,-1.1992217146807458
9.850,0.350,1.2047476476751429,0.0070535439016261,-1.2186726660422518
9.950,0.350,1.2016821811290510,0.0065456117856014,-1.2379056167998186
5.350,0.450,2.5599398902177608,0.4561143113511044,-1.5220050110550776
5.450,0.450,2.5524528130212736,0.4964829798804076,-1.3630243015360894
5.550,0.450,2.5510044278742892,0.5177624356820911,-1.2349634419762299
5.650,0.450,2.5424119236398206,0.5254374565253677,-1.1272058756196335
5.750,0.450,2.5195293272416133,0.5208545016975314,-1.0313002231274015
5.850,0.450,2.4804299858867518,0.5044620145113375,-0.9445516439146583
5.950,0.450,2.4265246609870301,0.4774603957614510,-0.8678261042436941
6.050,0.450,2.3610626915742494,0.4419789749216441,-0.8027667924286074
6.150,0.450,2.2880763967590827,0.4006700367092856,-0.7502672332214723
6.250,0.450,2.2115936888277061,0.3562847431211549,-0.7101392626821116
6.350,0.450,2.1351103152148969,0.3113488295969471,-0.6813636028428820
6.450,0.450,2.0613300944908080,0.2679408043524590,-0.6624630876431856
6.550,0.450,1.9921173436251502,0.2275794302537092,-0.6518111479200963
6.650,0.450,1.9285790406838741,0.1912158067869305,-0.6478393774830877
6.750,0.450,1.8712078560507417,0.1593029599817834,-0.6491563083388775
6.850,0.450,1.8200407522424789,0.1319056389809166,-0.6545987650576570
6.950,0.450,1.7748066448541706,0.1088178634604441,-0.6632370912009439
7.050,0.450,1.7350495536541830,0.0896675679378994,-0.6743529145942971
7.150,0.450,1.7002226143162853,0.0739991158633718,-0.6874040639381327
7.250,0.450,1.6697541731061663,0.0613323682053101,-0.7019866944055253
7.350,0.450,1.6430903577080553,0.0512012321949262,-0.7178005521121849
7.450,0.450,1.6197196024593070,0.0431761960766542,-0.7346201379692300
7.550,0.450,1.5991843676737634,0.0368753862694417,-0.7522724268411678
7.650,0.450,1.5810844131724053,0.0319679935582233,-0.7706206042717323
7.750,0.450,1.5650749339345102,0.0281730123103031,-0.7895527505487440
7.850,0.450,1.5508618959152261,0.0252553831977868,-0.8089742870296323
7.950,0.450,1.5381961253328582,0.0230209318004860,-0.8288031102582766
8.050,0.450,1.5268671204104278,0.0213109734012368,-0.8489665440059382
8.150,0.450,1.5166971453965459,0.0199970888959374,-0.8693994591130951
8.250,0.450,1.5075358946055388,0.0189763349478360,-0.8900431057087344
8.350,0.450,1.4992558421021940,0.0181669998987488,-0.9108443568652298
8.450,0.450,1.4917482897924967,0.0175049273578814,-0.9317551760412777
8.550,0.450,1.4849200698043801,0.0169403803832997,-0.9527321985493166
8.650,0.450,1.4786908295191905,0.0164353955049064,-0.9737363677223154
8.750,0.450,1.4729908180439746,0.0159615672244758,-0.9947325971634517
8.850,0.450,1.4677590937418239,0.0154982034298902,-1.0156894478539575
8.950,0.450,1.4629420788070655,0.0150307962673870,-1.0365788178154716
9.050,0.450,1.4584923957653486,0.0145497589887365,-1.0573756458871615
9.150,0.450,1.4543679303876293,0.0140493857536733,-1.0780576322487694
9.250,0.450,1.4505310748082352,0.0135269975967425,-1.0986049780145941
9.350,0.450,1.4469481130979851,0.0129822434218937,-1.1190001453725735
9.450,0.450,1.4435887189354686,0.0124165298459330,-1.1392276387973441
9.550,0.450,1.4404255412906339,0.0118325579681047,-1.1592738070421349
9.650,0.450,1.4374338592345843,0.0112339487499330,-1.1791266649907579
9.750,0.450,1.4345912912183394,0.0106249417222572,-1.1987757340348315
9.850,0.450,1.4318775475434493,0.0100101542756331,-1.2182118994054318
9.950,0.450,1.4292742174063271,0.0093943909119339,-1.2374272827939392
5.350,0.550,1.5221728084615793,0.4014873778544276,-1.6580418034447235
5.450,0.550,1.6628508452160298,0.4313718653849828,-1.4525633780551241
5.550,0.550,1.7933987065652142,0.4601114200266525,-1.3021882545114323
5.650,0.550,1.9021890628932043,0.4849269616878601,-1.1775994669378154
5.750,0.550,1.9853408594582036,0.5009104960818670,-1.0633284211972067
5.850,0.550,2.0432445175182647,0.5046909523936853,-0.9563072664632047
5.950,0.550,2.0784356037588090,0.4953118506383701,-0.8592156292153527
6.050,0.550,2.0942242076279420,0.4738673828695386,-0.7758272493388558
6.150,0.550,2.0941094324962362,0.4427140413395121,-0.7087457027032761
6.250,0.550,2.0815837951183918,0.4047775466957841,-0.6586927649070582
6.350,0.550,2.0599797076256983,0.3630495669087492,-0.6246924132657111
6.450,0.550,2.0322964685664888,0.3202324966332828,-0.6046530418216544
6.550,0.550,2.0010635088969093,0.2785152356799263,-0.5959952753256836
6.650,0.550,1.9682799963610704,0.2394776603227870,-0.5961380057853194
6.750,0.550,1.9354293182831415,0.2041048205112087,-0.6027918173475569
6.850,0.550,1.9035435687334483,0.1728739801247033,-0.6140866633265614
6.950,0.550,1.8732899928357196,0.1458744093993090,-0.6285870313961648
7.050,0.550,1.8450585069377947,0.1229287638388500,-0.6452449347575810
7.150,0.550,1.8190386251163926,0.1036977743603731,-0.6633274195144893
7.250,0.550,1.7952813903690938,0.0877610470500674,-0.6823410723174661
7.350,0.550,1.7737463305803469,0.0746739784528632,-0.7019650772853115
7.450,0.550,1.7543355486958050,0.0640044177440383,-0.7219972253122048
7.550,0.550,1.7369176667921244,0.0553538622482536,-0.7423131960194350
7.650,0.550,1.7213441923796147,0.0483677519177253,-0.7628374532734344
7.750,0.550,1.7074604271703748,0.0427386150552688,-0.7835234032863914
7.850,0.550,1.6951125427918983,0.0382048738601417,-0.8043404732493803
7.950,0.550,1.6841520126579907,0.0345472699369317,-0.8252660991663626
8.050,0.550,1.6744382457149263,0.0315841975678058,-0.8462810416494746
8.150,0.550,1.6658400123258195,0.0291667412091579,-0.8673668619102777
8.250,0.550,1.6582360692239939,0.0271738757339884,-0.8885047372170461
8.350,0.550,1.6515152617784457,0.0255080671566444,-0.9096750632289695
8.450,0.550,1.6455762927438746,0.0240913742932401,-0.9308574859202883
8.550,0.550,1.6403272855591848,0.0228620710150122,-0.9520311415549284
8.650,0.550,1.6356852285533134,0.0217717645264549,-0.9731749737949612
8.750,0.550,1.6315753580250667,0.0207829635936999,-0.9942680552854093
8.850,0.550,1.6279305188410103,0.0198670426474911,-1.0152898770987244
8.950,0.550,1.6246905280245592,0.0190025472859778,-1.0362205907730175
9.050,0.550,1.6218015578082938,0.0181737902518867,-1.0570411996528730
9.150,0.550,1.6192155484481543,0.0173696922757826,-1.0777337024399489
9.250,0.550,1.6168896568529072,0.0165828280154316,-1.0982811946400612
9.350,0.550,1.6147857441574998,0.0158086430092206,-1.1186679344456210
9.450,0.550,1.6128699033571861,0.0150448127715636,-1.1388793794321423
9.550,0.550,1.6111120267435448,0.0142907197606575,-1.1589021998140752
9.650,0.550,1.6094854119555992,0.0135470279237898,-1.1787242732038621
9.750,0.550,1.6079664048490465,0.0128153379080419,-1.1983346650090971
9.850,0.550,1.6065340770042285,0.0120979088754883,-1.2177235978637118
9.950,0.550,1.6051699354750582,0.0113974352500686,-1.2368824128492015
5.350,0.650,0.3358427761055436,0.1543567934188081,-1.7019161752694194
5.450,0.650,0.6432895441574498,0.2111991918507534,-1.4849805452888047
5.550,0.650,0.8963459336051516,0.2785329397471648,-1.3353859181174119
5.650,0.650,1.0974191157694142,0.3405850178277431,-1.2091818999452688
5.750,0.650,1.2589491185131791,0.3884000554048080,-1.0867314575394362
5.850,0.650,1.3902878017724472,0.4189446902812924,-0.9662550910703533
5.950,0.650,1.4971826517912790,0.4322309888343508,-0.8531781626945896
6.050,0.650,1.5834051799963396,0.4300208195919965,-0.7539596968899144
6.150,0.650,1.6516693010512593,0.4150178095349430,-0.6732928253649855
6.250,0.650,1.7042063523891946,0.3903182934923840,-0.6131697896654709
6.350,0.650,1.7431218353710733,0.3590617198177306,-0.5730505693573880
6.450,0.650,1.7705226767564299,0.3241715084937246,-0.5506097765227130
6.550,0.650,1.7884815973708477,0.2881486515591863,-0.5426207410044490
6.650,0.650,1.7989424498741897,0.2529414257405727,-0.5456891290049929
6.750,0.650,1.8036394519278913,0.2199107380967726,-0.5567267530396812
6.850,0.650,1.8040562821553223,0.1898792337793267,-0.5731811341345254
6.950,0.650,1.8014211370668145,0.1632313148376375,-0.5930897153442435
7.050,0.650,1.7967242052816814,0.1400296405847403,-0.6150319549326484
7.150,0.650,1.7907455158787673,0.1201236760079392,-0.6380355808341615
7.250,0.650,1.7840856209671392,0.1032380088946644,-0.6614727269760954
7.350,0.650,1.7771952976768324,0.0890374101774430,-0.6849650087442912
7.450,0.650,1.7704026473194585,0.0771708761782223,-0.7083054350407660
7.550,0.650,1.7639370330950761,0.0672990058827984,-0.7313985683626359
7.650,0.650,1.7579497615612241,0.0591092894880870,-0.7542171169755307
7.750,0.650,1.7525316177266337,0.0523232250694631,-0.7767719156589761
7.850,0.650,1.7477274684005009,0.0466982598192640,-0.7990921148995851
7.950,0.650,1.7435482104917155,0.0420266818174738,-0.8212127720721658
8.050,0.650,1.7399803759364596,0.0381328852081844,-0.8431675863125037
8.150,0.650,1.7369937171569638,0.0348699130218066,-0.8649850676278551
8.250,0.650,1.7345470900733717,0.0321158223037005,-0.8866869041451625
8.350,0.650,1.7325929305602359,0.0297701786069057,-0.9082876668994578
8.450,0.650,1.7310805901135511,0.0277508363704153,-0.9297952733096184
8.550,0.650,1.7299587620539381,0.0259910702531397,-0.9512118332930366
8.650,0.650,1.7291771944376402,0.0244370695737750,-0.9725346430922376
8.750,0.650,1.7286878524180387,0.0230457793542495,-0.9937571871735265
8.850,0.650,1.7284456625354785,0.0217830575823468,-1.0148700710377543
8.950,0.650,1.7284089449872198,0.0206221130813601,-1.0358618474839323
9.050,0.650,1.7285396174953929,0.0195421879772502,-1.0567197231642320
9.150,0.650,1.7288032357708754,0.0185274508629858,-1.0774301464113738
9.250,0.650,1.7291689204050509,0.0175660700071679,-1.0979792849392351
9.350,0.650,1.7296092078666594,0.0166494395638101,-1.1183534055703082
9.450,0.650,1.7300998536775327,0.0157715352950087,-1.1385391692539528
9.550,0.650,1.7306196083517251,0.0149283796125373,-1.1585238543569638
9.650,0.650,1.7311499809130937,0.0141175986930112,-1.1782955201965390
9.750,0.650,1.7316750004141828,0.0133380570053412,-1.1978431214505914
9.850,0.650,1.7321809825758838,0.0125895568239460,-1.2171565826619051
9.950,0.650,1.7326563062138998,0.0118725922173875,-1.2362268406834147
5.350,0.750,0.0258923204531984,-0.0491728753254239,-1.5556349377192140
5.450,0.750,0.1514451404695409,-0.0176629138228815,-1.4261459892495154
5.550,0.750,0.3054903613131363,0.0771852510285156,-1.3227361386229726
5.650,0.750,0.4583418443923633,0.1672239469308847,-1.2138473510407142
5.750,0.750,0.6054755461559140,0.2376453935303239,-1.0934044097924667
5.850,0.750,0.7454241293613580,0.2871547574086402,-0.9673008829842032
5.950,0.750,0.8769345563867319,0.3171823100806113,-0.8450958166322902
6.050,0.750,0.9988444201925651,0.3303961059810246,-0.7357539895756858
6.150,0.750,1.1101056354231054,0.3299630407960264,-0.6456542124187216
6.250,0.750,1.2098757331351395,0.3190287335256492,-0.5779237650043200
6.350,0.750,1.2976982666937085,0.3005198539334571,-0.5326537775435831
6.450,0.750,1.3736359126840847,0.2770865461824755,-0.5076700125798146
6.550,0.750,1.4382646652907201,0.2510384666286145,-0.4995092394117470
6.650,0.750,1.4925505232616700,0.2242637922713297,-0.5043016588043332
6.750,0.750,1.5376831129634028,0.1981783664517141,-0.5183964207417440
6.850,0.750,1.5749271678179113,0.1737343526727426,-0.5387048284228731
6.950,0.750,1.6055171929221277,0.1514821711562685,-0.5628181287919511
7.050,0.750,1.6305945976731306,0.1316604542754840,-0.5889814382595333
7.150,0.750,1.6511763809081335,0.1142889699731374,-0.6159953316101401
7.250,0.750,1.6681441461967228,0.0992487769777393,-0.6430944850869909
7.350,0.750,1.6822452707661721,0.0863435465560642,-0.6698316079409196
7.450,0.750,1.6941010451709488,0.0753423758809425,-0.6959795177785841
7.550,0.750,1.7042186130332786,0.0660073935142586,-0.7214548306230645
7.650,0.750,1.7130047091375649,0.0581101546912301,-0.7462618733502495
7.750,0.750,1.7207798674969161,0.0514403874602670,-0.7704534312364040
7.850,0.750,1.7277922014487512,0.0458098358790373,-0.7941045358639723
7.950,0.750,1.7342301718829034,0.0410531393794857,-0.8172958456880454
8.050,0.750,1.7402340047619478,0.0370270350876305,-0.8401037941839273
8.150,0.750,1.7459056085301630,0.0336086962104543,-0.8625953334278822
8.250,0.750,1.7513169803982909,0.0306936984006458,-0.8848256765998121
8.350,0.750,1.7565171832215598,0.0281938986222192,-0.9068379072298198
8.450,0.750,1.7615380295508227,0.0260353822047605,-0.9286636773660986
8.550,0.750,1.7663986353816321,0.0241565563689232,-0.9503244768551045
8.650,0.750,1.7711090117561303,0.0225064234860261,-0.9718331409060121
8.750,0.750,1.7756728549708394,0.0210430420823555,-0.9931953912195310
8.850,0.750,1.7800896813261440,0.0197321700929239,-1.0144112924159276
8.950,0.750,1.7843564341210412,0.0185460781707644,-1.0354765622591890
9.050,0.750,1.7884686715984128,0.0174625180041820,-1.0563837102571132
9.150,0.750,1.7924214263935456,0.0164638298494388,-1.0771230012116857
9.250,0.750,1.7962098106064948,0.0155361738540693,-1.0976832529036311
9.350,0.750,1.7998294262855921,0.0146688706661102,-1.1180524836104018
9.450,0.750,1.8032766289426509,0.0138538379883168,-1.1382184278328185
9.550,0.750,1.8065486816067990,0.0130851109773064,-1.1581689389618657
9.650,0.750,1.8096438286551315,0.0123584356175613,-1.1778922966532952
9.750,0.750,1.8125613119908821,0.0116709253745345,-1.1973774350380746
9.850,0.750,1.8153013468249952,0.0110207725279344,-1.2166141059825082
9.950,0.750,1.8178650701235026,0.0104070065964277,-1.2355929896644919
5.350,0.850,-0.0032838384438145,-0.0795228588028462,-1.3740649647134482
5.450,0.850,-0.0152395226081750,-0.0866551672156371,-1.3459559975702147
5.550,0.850,0.0017419842067675,-0.0175400905751265,-1.2858637199165981
5.650,0.850,0.0571474161452179,0.0557609052504883,-1.1957722170480418
5.750,0.850,0.1427201732779284,0.1155676079794762,-1.0825468601281250
5.850,0.850,0.2499193104071012,0.1598969074135600,-0.9570437883010656
5.950,0.850,0.3705491930694237,0.1895424080207731,-0.8319681833204564
6.050,0.850,0.4975682993098857,0.2061458716809873,-0.7184446217934727
6.150,0.850,0.6255097449919664,0.2120060343285138,-0.6240963716427982
6.250,0.850,0.7501954321522714,0.2095681395098801,-0.5527295491548377
6.350,0.850,0.8684633548156355,0.2010428747238337,-0.5048399571998973
6.450,0.850,0.9781028991920147,0.1883209089339336,-0.4784709904330546
6.550,0.850,1.0778348640942312,0.1730117915363082,-0.4701863684320012
6.650,0.850,1.1672062895919513,0.1564649011455281,-0.4759707192281117
6.750,0.850,1.2463994435955845,0.1397534854688096,-0.4919161220261586
6.850,0.850,1.3160168600325539,0.1236596301132438,-0.5146394076906828
6.950,0.850,1.3768959501725802,0.1086882501174324,-0.5414579429206736
7.050,0.850,1.4299742846137575,0.0951108147806820,-0.5703951568424483
7.150,0.850,1.4762023210501396,0.0830239568757853,-0.6000912587583237
7.250,0.850,1.5164911067453137,0.0724073118317931,-0.6296772600354956
7.350,0.850,1.5516828748322942,0.0631711396717796,-0.6586482299349378
7.450,0.850,1.5825360314231380,0.0551907971482951,-0.6867535280063449
7.550,0.850,1.6097193231124609,0.0483292277866553,-0.7139098980296849
7.650,0.850,1.6338120581070341,0.0424502904701101,-0.7401368710386013
7.750,0.850,1.6553083550957906,0.0374258564511353,-0.7655111225886090
7.850,0.850,1.6746239565274303,0.0331390360552880,-0.7901356939771900
7.950,0.850,1.6921044807627728,0.0294851877055838,-0.8141202532957803
8.050,0.850,1.7080342492986238,0.0263717574427958,-0.8375692198671519
8.150,0.850,1.7226450567994807,0.0237175629423843,-0.8605752877056683
8.250,0.850,1.7361244556369841,0.0214518564525366,-0.8832165213395005
8.350,0.850,1.7486232959774972,0.0195133354729370,-0.9055557157235099
8.450,0.850,1.7602623933892050,0.0178491788649839,-0.9276411101691769
8.550,0.850,1.7711382900830086,0.0164141395452290,-0.9495078407539589
8.650,0.850,1.7813281385465327,0.0151697031409467,-0.9711797274857251
8.750,0.850,1.7908937742063600,0.0140833129675781,-0.9926711412866477
8.850,0.850,1.7998850634434944,0.0131276586678848,-1.0139887981018134
8.950,0.850,1.8083426204178736,0.0122800253033608,-1.0351333960869589
9.050,0.850,1.8162999851435040,0.0115216999212793,-1.0561010566984206
9.150,0.850,1.8237853493543386,0.0108374329263103,-1.0768845588398841
9.250,0.850,1.8308229081974210,0.0102149517359207,-1.0974743722593652
9.350,0.850,1.8374339062200493,0.0096445241772376,-1.1178595058739957
9.450,0.850,1.8436374364621539,0.0091185689472407,-1.1380281912541907
9.550,0.850,1.8494510423136581,0.0086313102770446,-1.1579684229367140
9.650,0.850,1.8548911634706187,0.0081784737699316,-1.1776683767938065
9.750,0.850,1.8599734599670308,0.0077570202572775,-1.1971167261853395
9.850,0.850,1.8647130419010514,0.0073649144541332,-1.2163028736013710
9.950,0.850,1.8691246270761241,0.0070009252011190,-1.2352171133013838
5.350,0.950,-0.0090664078610353,-0.0454361151744732,-1.2897047451149175
5.450,0.950,-0.0796737816019261,-0.0423490584596056,-1.2948004905822237
5.550,0.950,-0.1342767450189152,-0.0150773071621272,-1.2535436194772842
5.650,0.950,-0.1413660211192865,0.0149845899878195,-1.1743358684583936
5.750,0.950,-0.1026360042126205,0.0394622589814230,-1.0669443335334707
5.850,0.950,-0.0264111723272180,0.0576272648020082,-0.9440536593580077
5.950,0.950,0.0773233351133381,0.0703435899282256,-0.8196419267305833
6.050,0.950,0.1988402195649418,0.0779173182089227,-0.7058435107026501
6.150,0.950,0.3299804337944513,0.0809451893771545,-0.6108795901762767
6.250,0.950,0.4643255789524668,0.0804502153378882,-0.5388225391482012
6.350,0.950,0.5969261469101227,0.0774632803211594,-0.4903231449494297
6.450,0.950,0.7240908531471907,0.0727845161984695,-0.4635745181690417
6.550,0.950,0.8432790240095233,0.0670061933282376,-0.4552659993482066
6.650,0.950,0.9529887321602117,0.0606080928603840,-0.4614386463901961
6.750,0.950,1.0525829806714535,0.0540047772279516,-0.4781598505526405
6.850,0.950,1.1420717450447149,0.0475389262306402,-0.5019625825507060
6.950,0.950,1.2218967488707690,0.0414601093492450,-0.5300548093747115
7.050,0.950,1.2927538839835173,0.0359179709387837,-0.5603528750383820
7.150,0.950,1.3554643745255377,0.0309751843222512,-0.5914082576635136
7.250,0.950,1.4108891995893194,0.0266317634383044,-0.6222872570609795
7.350,0.950,1.4598754610826379,0.0228504705652957,-0.6524434038787404
7.450,0.950,1.5032242193575496,0.0195770203950389,-0.6816037941672218
7.550,0.950,1.5416722982243620,0.0167532398218890,-0.7096774692040245
7.650,0.950,1.5758832655019530,0.0143240964079171,-0.7366864329049432
7.750,0.950,1.6064445786176575,0.0122404963425929,-0.7627163922784195
7.850,0.950,1.6338689041525605,0.0104596684040647,-0.7878831990757564
7.950,0.950,1.6585981925535465,0.0089444509279704,-0.8123110773092383
8.050,0.950,1.6810094465097105,0.0076622719383484,-0.8361193218549974
8.150,0.950,1.7014213830065701,0.0065842132661069,-0.8594148684368836
8.250,0.950,1.7201014010773457,0.0056842996123804,-0.8822887932095405
8.350,0.950,1.7372724426126638,0.0049390214749903,-0.9048153412222185
8.450,0.950,1.7531194748438559,0.0043270451068754,-0.9270525010866874
8.550,0.950,1.7677954321842311,0.0038290493218209,-0.9490434536912375
8.650,0.950,1.7814265355796954,0.0034276354627444,-0.9708184472315160
8.750,0.950,1.7941169642177004,0.0031072702012431,-0.9923968096602325
8.850,0.950,1.8059528924782848,0.0028542345226185,-1.0137889200270833
8.950,0.950,1.8170059290385123,0.0026565635840698,-1.0349980354847812
9.050,0.950,1.8273360089270740,0.0025039704471249,-1.0560219210573671
9.150,0.950,1.8369937960856144,0.0023877522270388,-1.0768542620142256
9.250,0.950,1.8460226558851678,0.0023006805407887,-1.0974858592347774
9.350,0.950,1.8544602557178596,0.0022368798730982,-1.1179056201305302
9.450,0.950,1.8623398484173888,0.0021916981333907,-1.1381013642461884
9.550,0.950,1.8696912886967862,0.0021615736460463,-1.1580604655145716
9.650,0.950,1.8765418276209520,0.0021439023918220,-1.1777703536354192
9.750,0.950,1.8829167247670335,0.0021369086991153,-1.1972188961115313
9.850,0.950,1.8888397124508316,0.0021395219003602,-1.2163946807364547
9.950,0.950,1.8943333413990704,0.0021512608016979,-1.2352872162037376
5.350,1.050,-0.0177389163704719,0.0059817753014847,-1.2918410324035061
5.450,1.050,-0.0881522913664004,0.0365296594626565,-1.2963353927947150
5.550,1.050,-0.1462305911941811,0.0248640537387426,-1.2528745324342536
5.650,1.050,-0.1575723615928508,0.0045985339360266,-1.1733531807243354
5.750,1.050,-0.1215047982785588,-0.0150803646856813,-1.0659834066332472
5.850,1.050,-0.0466659383486266,-0.0313677555243661,-0.9429072684942228
5.950,1.050,0.0566948447492520,-0.0426341623732931,-0.8182816851617281
6.050,1.050,0.1786799349230912,-0.0496277468005524,-0.7044028481467470
6.150,1.050,0.3108399552889411,-0.0536162920681854,-0.6094950425883798
6.250,1.050,0.4465441510858210,-0.0552780373538428,-0.5375422134090854
6.350,1.050,0.5807445033574858,-0.0549643330601119,-0.4891091128852854
6.450,1.050,0.7096936081466393,-0.0530875720178072,-0.4623547270601209
6.550,1.050,0.8307876305244501,-0.0501684619526185,-0.4539850672815510
6.650,1.050,0.9424440511015919,-0.0467050879006750,-0.4600828112209017
6.750,1.050,1.0439411638905429,-0.0430673899215824,-0.4767561954962451
6.850,1.050,1.1352195798829277,-0.0394789328528000,-0.5005639116423125
6.950,1.050,1.2166790330161281,-0.0360550386202074,-0.5287215871210572
7.050,1.050,1.2890009334647676,-0.0328510258668860,-0.5591390129898292
7.150,1.050,1.3530113868440639,-0.0298954028435086,-0.5903529359812639
7.250,1.050,1.4095853913022980,-0.0272047219046817,-0.6214121787999438
7.350,1.050,1.4595853073945664,-0.0247869131991597,-0.6517538143564047
7.450,1.050,1.5038245857088670,-0.0226405364096667,-0.6810915737368997
7.550,1.050,1.5430486664581118,-0.0207542990164584,-0.7093250091591790
7.650,1.050,1.5779269186470239,-0.0191081928583486,-0.7364704682363949
7.750,1.050,1.6090513817634426,-0.0176759369921238,-0.7626113404266397
7.850,1.050,1.6369395324766225,-0.0164279122761227,-0.7878638100487158
7.950,1.050,1.6620393041317101,-0.0153338895107217,-0.8123543568615899
8.050,1.050,1.6847352417599613,-0.0143651589449537,-0.8362057763063094
8.150,1.050,1.7053550928538790,-0.0134959437256250,-0.8595291630262407
8.250,1.050,1.7241764001401187,-0.0127041544170656,-0.8824199333562505
8.350,1.050,1.7414328335341225,-0.0119716224804537,-0.9049564884973810
8.450,1.050,1.7573201093329849,-0.0112839679373016,-0.9272005293500521
8.550,1.050,1.7720014168421914,-0.0106302398813970,-0.9491983393736817
8.650,1.050,1.7856123193342326,-0.0100024388045286,-0.9709825734671353
8.750,1.050,1.7982651260732430,-0.0093949987787865,-0.9925742485349744
8.850,1.050,1.8100527507996997,-0.0088042809218762,-1.0139847418549284
8.950,1.050,1.8210520833843058,-0.0082281089682216,-1.0352176796833814
9.050,1.050,1.8313269079000745,-0.0076653629485911,-1.0562706505249202
9.150,1.050,1.8409304038207204,-0.0071156369426809,-1.0771367122912268
9.250,1.050,1.8499072685198132,-0.0065789604568308,-1.0978056853107432
9.350,1.050,1.8582954994000922,-0.0060555791612284,-1.1182652374753284
9.450,1.050,1.8661278732434061,-0.0055457886796754,-1.1385017763154086
9.550,1.050,1.8734331589980526,-0.0050498142553580,-1.1585011673205097
9.650,1.050,1.8802370983773107,-0.0045677289908539,-1.1782492996721963
9.750,1.050,1.8865631864507995,-0.0040994036874436,-1.1977325206569733
9.850,1.050,1.8924332819633349,-0.0036444818921787,-1.2169379590312868
9.950,1.050,1.8978680744994250,-0.0032023744725694,-1.2358537559771041
5.350,1.150,-0.0051929539460727,0.0499048138249054,-1.3712129506037432
5.450,1.150,-0.0382294299539058,0.0902043526826226,-1.3468432321603570
5.550,1.150,-0.0344504770510856,0.0351237454415071,-1.2859768355796735
5.650,1.150,0.0126252653335890,-0.0308595652603888,-1.1951321855571515
5.750,1.150,0.0932756644831199,-0.0882082268922379,-1.0811754632886632
5.850,1.150,0.1979555736339104,-0.1322228779365607,-0.9547967525271530
5.950,1.150,0.3181347926463134,-0.1619860961980008,-0.8287909518861372
6.050,1.150,0.4467416349739433,-0.1794057508124033,-0.7145606525048139
6.150,1.150,0.5778417771891527,-0.1871249828650374,-0.6198536046467414
6.250,1.150,0.7065839340222624,-0.1873416136015535,-0.5483770495301721
6.350,1.150,0.8293716831536330,-0.1818070054056496,-0.5004727027071029
6.450,1.150,0.9438267485965908,-0.1721180162605323,-0.4740972111541976
6.550,1.150,1.0485736311572749,-0.1597947320694200,-0.4658061777163156
6.650,1.150,1.1430151467659995,-0.1461691027681367,-0.4716175074730999
6.750,1.150,1.2271495402842127,-0.1322695419029445,-0.4876624755846380
6.850,1.150,1.3014122680592972,-0.1187955662456995,-0.5105834153337050
6.950,1.150,1.3665310492083544,-0.1061685430670562,-0.5377033240777627
7.050,1.150,1.4233981507752009,-0.0946091296996095,-0.5670332898163717
7.150,1.150,1.4729673925577087,-0.0842062831200947,-0.5971888417033258
7.250,1.150,1.5161794821295420,-0.0749662164520101,-0.6272704256033370
7.350,1.150,1.5539142799113519,-0.0668436454066522,-0.6567422601211628
7.450,1.150,1.5869652154616105,-0.0597615199816189,-0.6853265948207713
7.550,1.150,1.6160298067596659,-0.0536242689275539,-0.7129191645255011
7.650,1.150,1.6417105635705997,-0.0483273849419718,-0.7395255301679552
7.750,1.150,1.6645217211770733,-0.0437645984251352,-0.7652153157262281
7.850,1.150,1.6848986197520903,-0.0398331284721595,-0.7900906146514314
7.950,1.150,1.7032077461833195,-0.0364372667576961,-0.8142650498958581
8.050,1.150,1.7197563490710692,-0.0334905395020354,-0.8378505482899203
8.150,1.150,1.7348011264051788,-0.0309167271999013,-0.8609495340709249
8.250,1.150,1.7485558333068136,-0.0286500322892686,-0.8836508259297509
8.350,1.150,1.7611978394740622,-0.0266346617010748,-0.9060279935559230
8.450,1.150,1.7728737458009329,-0.0248240463393167,-0.9281392918582294
8.550,1.150,1.7837041921369143,-0.0231798675875328,-0.9500285591357119
8.650,1.150,1.7937879821821954,-0.0216710121393445,-0.9717266590703109
8.750,1.150,1.8032056339805236,-0.0202725358890707,-0.9932531838564610
8.850,1.150,1.8120224444327477,-0.0189646866263558,-1.0146182322257955
8.950,1.150,1.8202911380048568,-0.0177320130800670,-1.0358241432462596
9.050,1.150,1.8280541549554128,-0.0165625727976038,-1.0568671132007144
9.150,1.150,1.8353456231656073,-0.0154472416337856,-1.0777386547698100
9.250,1.150,1.8421930495727745,-0.0143791216870171,-1.0984268795150167
9.350,1.150,1.8486187616062280,-0.0133530411297899,-1.1189175993121832
9.450,1.150,1.8546411252093640,-0.0123651376435002,-1.1391952520257915
9.550,1.150,1.8602755634058892,-0.0114125164714654,-1.1592436627994827
9.650,1.150,1.8655353974650177,-0.0104929740453388,-1.1790466558951043
9.750,1.150,1.8704325312097521,-0.0096047784611666,-1.1985885337718722
9.850,1.150,1.8749779976795462,-0.0087464986207059,-1.2178544405901179
9.950,1.150,1.8791823860806391,-0.0079168745107750,-1.2368306269430414
5.350,1.250,0.0025841988678844,0.0501583573619424,-1.5622651918264394
5.450,1.250,0.1062370938484120,0.0384159779416956,-1.4358687495551055
5.550,1.250,0.2483033274362617,-0.0486005572029501,-1.3283986712663896
5.650,1.250,0.3941242773423497,-0.1364291444241279,-1.2161153562054987
5.750,1.250,0.5389233083917844,-0.2076471171405047,-1.0931361078487976
5.850,1.250,0.6793198187891467,-0.2592925513002016,-0.9648675017166374
5.950,1.250,0.8134728131551213,-0.2916880510318366,-0.8407702067951743
6.050,1.250,0.9398024326217017,-0.3074811577734261,-0.7299315828720887
6.150,1.250,1.0566291646843400,-0.3099870216113454,-0.6387669335847386
6.250,1.250,1.1626012521795059,-0.3022619678668375,-0.5703342087880858
6.350,1.250,1.2569698830228215,-0.2870433469627305,-0.5246667447509940
6.450,1.250,1.3396270874906266,-0.2668306818132612,-0.4995733086018879
6.550,1.250,1.4110032789009381,-0.2438349968902024,-0.4915710646694018
6.650,1.250,1.4718967375246428,-0.2198710461869368,-0.4967423707460641
6.750,1.250,1.5233129752152779,-0.1962945096681137,-0.5113729305459137
6.850,1.250,1.5663537113630874,-0.1740157379390068,-0.5323171993311014
6.950,1.250,1.6021457587985521,-0.1535700576092394,-0.5571262672180596
7.050,1.250,1.6317884339677526,-0.1352094720499822,-0.5840191388283869
7.150,1.250,1.6563104943440710,-0.1189891878256675,-0.6117771025153723
7.250,1.250,1.6766379626532617,-0.1048371972917341,-0.6396168197594666
7.350,1.250,1.6935756666454451,-0.0926055737159740,-0.6670722423069155
7.450,1.250,1.7078023853880659,-0.0821065113406709,-0.6938974040588983
7.550,1.250,1.7198766898822682,-0.0731368451347219,-0.7199920324991380
7.650,1.250,1.7302494745722228,-0.0654941616876402,-0.7453473732694847
7.750,1.250,1.7392795098881624,-0.0589868352782547,-0.7700081952206300
7.850,1.250,1.7472493384224814,-0.0534397238757611,-0.7940470009174500
7.950,1.250,1.7543799019746744,-0.0486968358346249,-0.8175470907762842
8.050,1.250,1.7608431384795662,-0.0446219633640610,-0.8405918698942038
8.150,1.250,1.7667723580890269,-0.0410980287026441,-0.8632584577787005
8.250,1.250,1.7722705342511538,-0.0380256844081468,-0.8856142040192952
8.350,1.250,1.7774167984306193,-0.0353215442888479,-0.9077151257858728
8.450,1.250,1.7822714715551151,-0.0329162934089793,-0.9296055852547515
8.550,1.250,1.7868799501270431,-0.0307528305959248,-0.9513187406525102
8.650,1.250,1.7912757220561601,-0.0287845298662394,-0.9728774555640672
8.750,1.250,1.7954827354571883,-0.0269736624145238,-0.9942954553869973
8.850,1.250,1.7995172930047596,-0.0252899926912630,-1.0155785910367119
8.950,1.250,1.8033895997357627,-0.0237095457722321,-1.0367261183140473
9.050,1.250,1.8071050552339112,-0.0222135347857363,-1.0577319339822915
9.150,1.250,1.8106653521336362,-0.0207874336698761,-1.0785857316530045
9.250,1.250,1.8140694212520785,-0.0194201798863088,-1.0992740555580536
9.350,1.250,1.8173142484317071,-0.0181034925173264,-1.1197812405621261
9.450,1.250,1.8203955782288568,-0.0168312925451846,-1.1400902339194032
9.550,1.250,1.8233085137584308,-0.0155992135625128,-1.1601832993209045
9.650,1.250,1.8260480191962158,-0.0144041924545018,-1.1800426073645887
9.750,1.250,1.8286093306506515,-0.0132441306534547,-1.1996507191146812
9.850,1.250,1.8309882815037770,-0.0121176174102654,-1.2189909711544338
9.950,1.250,1.8331815492247510,-0.0110237072119661,-1.2380477716426681
5.350,1.350,0.2885963286995888,-0.1208203165387467,-1.6967043072458716
5.450,1.350,0.5820564314872023,-0.1778126797878485,-1.4992712858090254
5.550,1.350,0.8328578894513565,-0.2450865220809531,-1.3467576507454766
5.650,1.350,1.0360398850994383,-0.3092664858138428,-1.2141360046364471
5.750,1.350,1.2009975061756606,-0.3601700316766902,-1.0861490136631227
5.850,1.350,1.3364625844663651,-0.3943089272892126,-0.9616505095355976
5.950,1.350,1.4483635847707523,-0.4114258601563913,-0.8458626660384753
6.050,1.350,1.5406313804569607,-0.4129793060959933,-0.7448107078094908
6.150,1.350,1.6157428492579009,-0.4016258598428103,-0.6628608278153070
6.250,1.350,1.6755360833510908,-0.3805112362756282,-0.6018923435564626
6.350,1.350,1.7218345688912087,-0.3527192788763357,-0.5613708061177208
6.450,1.350,1.7565482720354773,-0.3210356416461274,-0.5389738351059060
6.550,1.350,1.7815341400638134,-0.2878407078914185,-0.5314256873050891
6.650,1.350,1.7985069745364199,-0.2550207103220505,-0.5352404495049762
6.750,1.350,1.8090282978514598,-0.2239237341993453,-0.5472246190764785
6.850,1.350,1.8145023755308620,-0.1953934147551048,-0.5647313313475436
6.950,1.350,1.8161583104278605,-0.1698600149076681,-0.5857272391543044
7.050,1.350,1.8150361827265218,-0.1474478866337039,-0.6087455265322591
7.150,1.350,1.8119885344882407,-0.1280727023646615,-0.6327860631822934
7.250,1.350,1.8076944078448525,-0.1115198109187650,-0.6572039570394668
7.350,1.350,1.8026796736334190,-0.0975036748376818,-0.6816090373097901
7.450,1.350,1.7973395275571085,-0.0857106704091204,-0.7057850409604702
7.550,1.350,1.7919610272573452,-0.0758279885319584,-0.7296292124077663
7.650,1.350,1.7867443810298733,-0.0675615130758892,-0.7531093848858823
7.750,1.350,1.7818220751556340,-0.0606454886844303,-0.7762346216633695
7.850,1.350,1.7772752844974540,-0.0548464800623978,-0.7990357656823289
7.950,1.350,1.7731473843542385,-0.0499636515115415,-0.8215529512864446
8.050,1.350,1.7694546867937859,-0.0458268834714565,-0.8438278734084926
8.150,1.350,1.7661947150472421,-0.0422937826069890,-0.8658992370900348
8.250,1.350,1.7633524115444390,-0.0392462741453546,-0.8878002913305554
8.350,1.350,1.7609046807762145,-0.0365871943969959,-0.9095577008594725
8.450,1.350,1.7588236311887453,-0.0342371143621203,-0.9311912553967966
8.550,1.350,1.7570788259820649,-0.0321315030933924,-0.9527140854841731
8.650,1.350,1.7556387962045874,-0.0302182639742045,-0.9741331691099218
8.750,1.350,1.7544720183110467,-0.0284556335388569,-0.9954499906573022
8.850,1.350,1.7535475148711599,-0.0268104098893477,-1.0166612650324354
8.950,1.350,1.7528352012837751,-0.0252564683701501,-1.0377596734763364
9.050,1.350,1.7523060720222914,-0.0237735206614173,-1.0587345792689100
9.150,1.350,1.7519322957900387,-0.0223460763596661,-1.0795727052321515
9.250,1.350,1.7516872689091969,-0.0209625711957289,-1.1002587633407128
9.350,1.350,1.7515456595714809,-0.0196146318913742,-1.1207760317097042
9.450,1.350,1.7514834618371200,-0.0182964534294145,-1.1411068770294410
9.550,1.350,1.7514780672985426,-0.0170042697210185,-1.1612332220257315
9.650,1.350,1.7515083540449079,-0.0157359030518164,-1.1811369583267703
9.750,1.350,1.7515547868861019,-0.0144903811890243,-1.2008003055900474
9.850,1.350,1.7515995195510616,-0.0132676136563315,-1.2202061181118011
9.950,1.350,1.7516264884789288,-0.0120681205234854,-1.2393381405247319
5.350,1.450,1.5292833604265526,-0.3392027455291265,-1.6029421527660648
5.450,1.450,1.6475161464710646,-0.3850059814093533,-1.4396602967624370
5.550,1.450,1.7681505950660421,-0.4235606521477378,-1.2981949548997811
5.650,1.450,1.8744322395458819,-0.4552605125911783,-1.1724473508630526
5.750,1.450,1.9591126107769967,-0.4767030177683466,-1.0553392214727080
5.850,1.450,2.0211110052460484,-0.4853571541844201,-0.9456366722611803
5.950,1.450,2.0619167404249517,-0.4806802679658592,-0.8463128230226712
6.050,1.450,2.0841534582413739,-0.4637197308233721,-0.7612149837163862
6.150,1.450,2.0909899820919229,-0.4366636199102213,-0.6929972889275789
6.250,1.450,2.0856137227547840,-0.4023862467149984,-0.6424541768292472
6.350,1.450,2.0709533526345845,-0.3638912342776826,-0.6086397069314818
6.450,1.450,2.0496515044699626,-0.3238427574083710,-0.5893689870549117
6.550,1.450,2.0240387907400863,-0.2843474914242773,-0.5818667740020400
6.650,1.450,1.9960339976084225,-0.2469433684917535,-0.5833497288392135
6.750,1.450,1.9670865582242147,-0.2126615608185563,-0.5913939183204098
6.850,1.450,1.9382309466991015,-0.1820883779379005,-0.6040699699612587
6.950,1.450,1.9101945939195868,-0.1554324503369613,-0.6199247563075642
7.050,1.450,1.8834815857563658,-0.1326133473526469,-0.6379012518506942
7.150,1.450,1.8584175828156257,-0.1133604222879765,-0.6572514866963476
7.250,1.450,1.8351797379186010,-0.0972998269106126,-0.6774613629734195
7.350,1.450,1.8138281087485766,-0.0840183445490950,-0.6981892803086281
7.450,1.450,1.7943387756178728,-0.0731048275258045,-0.7192169246095582
7.550,1.450,1.7766334543447271,-0.0641746715854608,-0.7404108336284292
7.650,1.450,1.7606024826158104,-0.0568825746928856,-0.7616935101592636
7.750,1.450,1.7461209878741841,-0.0509275092887459,-0.7830226116158980
7.850,1.450,1.7330594929782399,-0.0460527428297564,-0.8043765608268956
7.950,1.450,1.7212904786766143,-0.0420429530121955,-0.8257449786805325
8.050,1.450,1.7106921902010348,-0.0387198737971467,-0.8471225726447453
8.150,1.450,1.7011506441369020,-0.0359374218872323,-0.8685054116520055
8.250,1.450,1.6925605022667904,-0.0335768821537979,-0.8898887984907694
8.350,1.450,1.6848252590110950,-0.0315424671037789,-0.9112661813663437
8.450,1.450,1.6778570312940448,-0.0297573922309159,-0.9326287208670081
8.550,1.450,1.6715761306643282,-0.0281605035800624,-0.9539652543459840
8.650,1.450,1.6659105249185293,-0.0267034349681529,-0.9752624875326462
8.750,1.450,1.6607952502458336,-0.0253482433262273,-0.9965053032580750
8.850,1.450,1.6561718071468212,-0.0240654596438837,-1.0176771177471449
8.950,1.450,1.6519875580553871,-0.0228324921376989,-1.0387602420808819
9.050,1.450,1.6481951372264645,-0.0216323226153714,-1.0597362244632587
9.150,1.450,1.6447518807897530,-0.0204524436560316,-1.0805861607782594
9.250,1.450,1.6416192846072768,-0.0192839915423976,-1.1012909685744883
9.350,1.450,1.6387624981357831,-0.0181210370112926,-1.1218316243883091
9.450,1.450,1.6361498628621458,-0.0169600024397064,-1.1421893670974170
9.550,1.450,1.6337525034649494,-0.0157991799082997,-1.1623458713890473
9.650,1.450,1.6315439784135419,-0.0146383296627647,-1.1822833958558181
9.750,1.450,1.6294999942748416,-0.0134783428590315,-1.2019849100108020
9.850,1.450,1.6275981847907046,-0.0123209561792709,-1.2214342038835153
9.950,1.450,1.6258179521846723,-0.0111685089882539,-1.2406159830123074
5.350,1.550,2.6030206563043405,-0.3782141954187576,-1.4135689503535096
5.450,1.550,2.5892554006623354,-0.4371834680275125,-1.3030960915325100
5.550,1.550,2.5793586861193201,-0.4732601781098331,-1.1965346236258183
5.650,1.550,2.5644904232682326,-0.4921802291956666,-1.0978665684618636
5.750,1.550,2.5388863336849075,-0.4965422554057249,-1.0057767771188182
5.850,1.550,2.5004384926178789,-0.4877892457092447,-0.9206155524718508
5.950,1.550,2.4498121602270957,-0.4674595864052881,-0.8446144729580816
6.050,1.550,2.3893357484856819,-0.4376382943561598,-0.7800448024933688
6.150,1.550,2.3220818033200423,-0.4009257044438261,-0.7281207941050307
6.250,1.550,2.2512485745657935,-0.3601284130529523,-0.6888564278274992
6.350,1.550,2.1797626374227517,-0.3178828991699938,-0.6613458863910365
6.450,1.550,2.1100115192194102,-0.2763862168613562,-0.6441112209939176
6.550,1.550,2.0437371930084312,-0.2372729551153696,-0.6354090028804404
6.650,1.550,1.9820863904928125,-0.2016047515415961,-0.6334878788714382
6.750,1.550,1.9257118067778778,-0.1699410101068504,-0.6367862002733723
6.850,1.550,1.8748458391876999,-0.1424576637708652,-0.6440430110610521
6.950,1.550,1.8293716655708308,-0.1190666821292125,-0.6543123126949655
7.050,1.550,1.7889336477689137,-0.0995043542158388,-0.6669075248111748
7.150,1.550,1.7530639389910889,-0.0833927832971553,-0.6813239774249910
7.250,1.550,1.7212744783861580,-0.0702921775665368,-0.6971763054469881
7.350,1.550,1.6930992055016387,-0.0597482940662104,-0.7141614407874455
7.450,1.550,1.6681057347252268,-0.0513288177982738,-0.7320398737020209
7.550,1.550,1.6458976541567174,-0.0446448415257319,-0.7506246557062025
7.650,1.550,1.6261162447652235,-0.0393595109228260,-0.7697720814323149
7.750,1.550,1.6084421758176641,-0.0351883632446298,-0.7893724881312564
7.850,1.550,1.5925958827612601,-0.0318953120388821,-0.8093416365947166
7.950,1.550,1.5783360749615869,-0.0292868292132929,-0.8296133766554158
8.050,1.550,1.5654566619944428,-0.0272057438287145,-0.8501339178724461
8.150,1.550,1.5537827318311523,-0.0255253712678419,-0.8708576522749130
8.250,1.550,1.5431661994885078,-0.0241442843283416,-0.8917442778134889
8.350,1.550,1.5334815829765589,-0.0229818182250474,-0.9127569183629946
8.450,1.550,1.5246221818600572,-0.0219742885365463,-0.9338609616794473
8.550,1.550,1.5164967854745639,-0.0210718498531751,-0.9550233909591940
8.650,1.550,1.5090269353986427,-0.0202359059414258,-0.9762124420841958
8.750,1.550,1.5021447052748849,-0.0194369829855867,-0.9973974665359424
8.850,1.550,1.4957909301595316,-0.0186529861684429,-1.0185489168521265
8.950,1.550,1.4899138070047309,-0.0178677711977559,-1.0396383984227420
9.050,1.550,1.4844677894777667,-0.0170699737306156,-1.0606387504685146
9.150,1.550,1.4794127083695501,-0.0162520498468193,-1.0815241322955913
9.250,1.550,1.4747130596808971,-0.0154094894047018,-1.1022701000788131
9.350,1.550,1.4703374139522412,-0.0145401712762852,-1.1228536657600932
9.450,1.550,1.4662579113688927,-0.0136438352553101,-1.1432533340504503
9.550,1.550,1.4624498170693634,-0.0127216500646911,-1.1634491165961034
9.650,1.550,1.4588911196650423,-0.0117758605665750,-1.1834225245041814
9.750,1.550,1.4555621631473701,-0.0108095001920793,-1.2031565418709949
9.850,1.550,1.4524453080706099,-0.0098261569318198,-1.2226355838712664
9.950,1.550,1.4495246221330147,-0.0088297831119692,-1.2418454434481911
5.350,1.650,3.0396604854083518,-0.3298416214127732,-1.1430856063446595
5.450,1.650,2.9657279303808495,-0.3886772895847245,-1.1154912744375869
5.550,1.650,2.8813034738737269,-0.4198513216029370,-1.0686849238629794
5.650,1.650,2.7863019965922446,-0.4298364617549755,-1.0142644796794404
5.750,1.650,2.6811604219200675,-0.4235638560445023,-0.9576275080056206
5.850,1.650,2.5676415676496593,-0.4048932375509477,-0.9019909195873069
5.950,1.650,2.4487794055950527,-0.3770639549920767,-0.8501005094033617
6.050,1.650,2.3283195304423354,-0.3430525719708316,-0.8041807640093495
6.150,1.650,2.2100852730236893,-0.3056457683066744,-0.7655335232302112
6.250,1.650,2.0974549820837871,-0.2672952634663220,-0.7345143932017976
6.350,1.650,1.9929748418265678,-0.2299727131027115,-0.7108199685216547
6.450,1.650,1.8982161278000829,-0.1950995438496011,-0.6938146860005272
6.550,1.650,1.8138736194718585,-0.1635547032629605,-0.6827483323281812
6.650,1.650,1.7399467162686493,-0.1357581658642404,-0.6768559944772317
6.750,1.650,1.6759057531216699,-0.1117953633684513,-0.6753957876076836
6.850,1.650,1.6208667737282505,-0.0915288015131240,-0.6776755245399314
6.950,1.650,1.5737776026347492,-0.0746777569904776,-0.6830846734366428
7.050,1.650,1.5335566387853592,-0.0608816302338385,-0.6911185753661272
7.150,1.650,1.4991633789867462,-0.0497530121222407,-0.7013780287812189
7.250,1.650,1.4696390468108971,-0.0409104191086423,-0.7135447459353361
7.350,1.650,1.4441423054058302,-0.0339909290672754,-0.7273499282649899
7.450,1.650,1.4219691040016005,-0.0286558345977983,-0.7425529352271902
7.550,1.650,1.4025468827882945,-0.0245977691131103,-0.7589344260068912
7.650,1.650,1.3854121568221665,-0.0215479660564389,-0.7762980903806852
7.750,1.650,1.3701860395965284,-0.0192798877042841,-0.7944736005537828
7.850,1.650,1.3565555231765103,-0.0176081704030639,-0.8133170282937353
7.950,1.650,1.3442611827524815,-0.0163842316456282,-0.8327084748066239
8.050,1.650,1.3330890375209852,-0.0154904396659036,-0.8525481543097437
8.150,1.650,1.3228643356697876,-0.0148342592016944,-0.8727521879913266
8.250,1.650,1.3134459989638840,-0.0143431131719087,-0.8932488653876488
8.350,1.650,1.3047213016161849,-0.0139601986937052,-0.9139756624309677
8.450,1.650,1.2966008104573605,-0.0136412167150827,-0.9348770221146103
8.550,1.650,1.2890137578215017,-0.0133518597315594,-0.9559027788327141
8.650,1.650,1.2819039983601130,-0.0130658817526959,-0.9770070767684192
8.750,1.650,1.2752266240552625,-0.0127635972628200,-0.9981476456650442
8.850,1.650,1.2689452358323758,-0.0124306910808745,-1.0192853246360689
8.950,1.650,1.2630298169770076,-0.0120572542872616,-1.0403837525235407
9.050,1.650,1.2574551251898591,-0.0116369876746630,-1.0614091665838117
9.150,1.650,1.2521995109993549,-0.0111665330471603,-1.0823302689860645
9.250,1.650,1.2472440733938968,-0.0106449054648609,-1.1031181334083826
9.350,1.650,1.2425720731248420,-0.0100730078840051,-1.1237461330016356
9.450,1.650,1.2381685361831667,-0.0094532150186376,-1.1441898772078998
9.550,1.650,1.2340199921137340,-0.0087890167125650,-1.1644271492079781
9.650,1.650,1.2301143029338371,-0.0080847133729472,-1.1844378387548260
9.750,1.650,1.2264405480566989,-0.0073451575278556,-1.2042038672659043
9.850,1.650,1.2229889388001565,-0.0065755365975521,-1.2237091035961083
9.950,1.650,1.2197507429948540,-0.0057811926687655,-1.2429392700898978
5.350,1.750,2.9034962258522996,-0.2488833441083129,-0.8995143148566164
5.450,1.750,2.7933657548508011,-0.2868481164367089,-0.9478863913459508
5.550,1.750,2.6597019000738293,-0.3019095226039598,-0.9600733992257915
5.650,1.750,2.5108368027986168,-0.2998439893543235,-0.9499177248066109
5.750,1.750,2.3541401394281287,-0.2858264749149484,-0.9267004820936325
5.850,1.750,2.1961983223436463,-0.2640557793917861,-0.8965214525687027
5.950,1.750,2.0426995823967244,-0.2377959381964327,-0.8635202375456656
6.050,1.750,1.8982084166785680,-0.2095427794062023,-0.8306316969405533
6.150,1.750,1.7659592906509172,-0.1812001676181658,-0.7999156136334895
6.250,1.750,1.6478264828724540,-0.1541541966152061,-0.7727140285931030
6.350,1.750,1.5444907625290891,-0.1292965191836750,-0.7497858386546855
6.450,1.750,1.4556898134326060,-0.1070952554046779,-0.7314436597705218
6.550,1.750,1.3804753451417469,-0.0877143769109341,-0.7176841865548784
6.650,1.750,1.3174730744647281,-0.0711221550996840,-0.7083047705995816
6.750,1.750,1.2651300618301899,-0.0571589842356421,-0.7029971272883841
6.850,1.750,1.2218941053968240,-0.0455832227359287,-0.7014086844651652
6.950,1.750,1.1862989328614617,-0.0361167061976583,-0.7031722182608759
7.050,1.750,1.1569979687716363,-0.0284829333244732,-0.7079181968349144
7.150,1.750,1.1327952041904197,-0.0224242600021861,-0.7152865391919120
7.250,1.750,1.1126692141022587,-0.0177043756124902,-0.7249419140608907
7.350,1.750,1.0957708687476337,-0.0141089808717269,-0.7365842336709838
7.450,1.750,1.0814046462580413,-0.0114459718775042,-0.7499478186453501
7.550,1.750,1.0690122558413060,-0.0095425358401893,-0.7647933699358582
7.650,1.750,1.0581590570242305,-0.0082419829460256,-0.7809014890749898
7.750,1.750,1.0485154226736120,-0.0074038379923842,-0.7980716718144327
7.850,1.750,1.0398326406212210,-0.0069065055350150,-0.8161246059867404
7.950,1.750,1.0319195065292950,-0.0066495879389522,-0.8349040796289033
8.050,1.750,1.0246248328657224,-0.0065539640320378,-0.8542766692534618
8.150,1.750,1.0178269467348586,-0.0065595824184325,-0.8741294121859383
8.250,1.750,1.0114283087328011,-0.0066219572427313,-0.8943664910810886
8.350,1.750,1.0053526971535625,-0.0067084511665582,-0.9149058532706926
8.450,1.750,0.9995430808963897,-0.0067950555216373,-0.9356762809296485
8.550,1.750,0.9939592875645501,-0.0068639450528197,-0.9566150805129455
8.650,1.750,0.9885752968397328,-0.0069017867088248,-0.9776663617586452
8.750,1.750,0.9833763422494394,-0.0068986430928451,-0.9987797974749483
8.850,1.750,0.9783560872060679,-0.0068472839020778,-1.0199097433422679
8.950,1.750,0.9735140881979140,-0.0067427472020105,-1.0410146136494209
9.050,1.750,0.9688536653614875,-0.0065820376995661,-1.0620564330894244
9.150,1.750,0.9643802174744708,-0.0063638911781782,-1.0830005071628042
9.250,1.750,0.9600999611678440,-0.0060885658036757,-1.1038151714382622
9.350,1.750,0.9560190425685314,-0.0057576417457007,-1.1244715927984381
9.450,1.750,0.9521429572041975,-0.0053738227409061,-1.1449436047292276
9.550,1.750,0.9484762137006372,-0.0049407395456519,-1.1652075647243805
9.650,1.750,0.9450221828846679,-0.0044627579408980,-1.1852422258531856
9.750,1.750,0.9417830825232060,-0.0039447946659956,-1.2050286171415545
9.850,1.750,0.9387600568013852,-0.0033921443996745,-1.2245499291149220
9.950,1.750,0.9359533176154960,-0.0028103202768903,-1.2437914019659242
5.350,1.850,2.1741746062460430,-0.1364297988728573,-0.7663835933811963
5.450,1.850,2.0360828247840512,-0.1472943472768338,-0.8641386332513989
5.550,1.850,1.8832279910942784,-0.1470861370938639,-0.9153989994559192
5.650,1.850,1.7270796771003682,-0.1393903617310880,-0.9341959461817064
5.750,1.850,1.5758127929758310,-0.1272367954770184,-0.9312281398840806
5.850,1.850,1.4347342161412315,-0.1129188136515432,-0.9143021515344305
5.950,1.850,1.3069459215871491,-0.0980395203152213,-0.8891808491536228
6.050,1.850,1.1939393715258129,-0.0836196050614362,-0.8602137560214149
6.150,1.850,1.0960306475261916,-0.0702593621264917,-0.8306249988434923
6.250,1.850,1.0126853350506264,-0.0582866653718885,-0.8026649428679959
6.350,1.850,0.9428112863494436,-0.0478362762279398,-0.7777761162425594
6.450,1.850,0.8850266171140698,-0.0388886546168218,-0.7567839245776105
6.550,1.850,0.8378554447645573,-0.0313154412271752,-0.7400731146791856
6.650,1.850,0.7998234766550095,-0.0249428100438843,-0.7277257562461070
6.750,1.850,0.7694881482412564,-0.0196093369606399,-0.7196198198476992
6.850,1.850,0.7454739289844975,-0.0151893613080089,-0.7154990452209937
6.950,1.850,0.7265446872080340,-0.0115781557317381,-0.7150257890842687
7.050,1.850,0.7116657562303010,-0.0086687926560806,-0.7178238396780927
7.150,1.850,0.6999930945007365,-0.0063528274821009,-0.7235124197162800
7.250,1.850,0.6908096830147754,-0.0045402080371548,-0.7317298706444475
7.350,1.850,0.6834893766509142,-0.0031679368889850,-0.7421467306750612
7.450,1.850,0.6775125681248413,-0.0021872513954699,-0.7544698594130027
7.550,1.850,0.6724839719502157,-0.0015475879599708,-0.7684397029128053
7.650,1.850,0.6681176919992250,-0.0011919494720909,-0.7838235526753576
7.750,1.850,0.6642056257568267,-0.0010606833981334,-0.8004091771431485
7.850,1.850,0.6605941477029240,-0.0010960612192068,-0.8180023570543515
7.950,1.850,0.6571730067185408,-0.0012451038520083,-0.8364281782296222
8.050,1.850,0.6538679893352918,-0.0014614962849189,-0.8555331917910114
8.150,1.850,0.6506318731319771,-0.0017072218143364,-0.8751859242779149
8.250,1.850,0.6474346107400912,-0.0019535235452618,-0.8952751672307003
8.350,1.850,0.6442558105092144,-0.0021806678013105,-0.9157068649673998
8.450,1.850,0.6410809507343482,-0.0023765458637267,-0.9364006823404976
8.550,1.850,0.6379006213090652,-0.0025346481647288,-0.9572869705205616
8.650,1.850,0.6347111808406711,-0.0026520335475141,-0.9783044061513848
8.750,1.850,0.6315154622179187,-0.0027277077062669,-0.9993982920154065
8.850,1.850,0.6283228349207109,-0.0027615529441458,-1.0205193856626924
8.950,1.850,0.6251485131788447,-0.0027537577570156,-1.0416231031331484
9.050,1.850,0.6220123138233932,-0.0027046082277676,-1.0626689699842633
9.150,1.850,0.6189371558508728,-0.0026144944793202,-1.0836202274128732
9.250,1.850,0.6159475545250408,-0.0024840150288867,-1.1044435326357087
9.350,1.850,0.6130682785601311,-0.0023141013064716,-1.1251087158304807
9.450,1.850,0.6103232565500669,-0.0021061191762079,-1.1455885713696545
9.550,1.850,0.6077347570625794,-0.0018619291610575,-1.1658586706932847
9.650,1.850,0.6053228282511300,-0.0015839024895022,-1.1858971898513717
9.750,1.850,0.6031049630912050,-0.0012748982530130,-1.2056847479573125
9.850,1.850,0.6010959494424010,-0.0009382103134884,-1.2252042545289608
9.950,1.850,0.5993078648260550,-0.0005774931129506,-1.2444407645845847
5.350,1.950,0.8554259577342009,-0.0217043247145278,-0.7599043639553931
5.450,1.950,0.7728013302213762,-0.0217328158324951,-0.8765166203108837
5.550,1.950,0.6920657533554746,-0.0208483125703402,-0.9401033006099293
5.650,1.950,0.6172802649628941,-0.0191073148253325,-0.9658409183471248
5.750,1.950,0.5502669409117250,-0.0167397764144993,-0.9657146615528203
5.850,1.950,0.4915522248771848,-0.0141057247429771,-0.9486744901548205
5.950,1.950,0.4409442344117994,-0.0115495410864683,-0.9214722714762389
6.050,1.950,0.3978947897706319,-0.0093024505252453,-0.8892908175610855
6.150,1.950,0.3617333424001126,-0.0074629333238670,-0.8560100416610540
6.250,1.950,0.3317728081114135,-0.0060342802591302,-0.8243433742260879
6.350,1.950,0.3073268949521049,-0.0049678022985040,-0.7960142128843106
6.450,1.950,0.2877053790745123,-0.0041891794753063,-0.7719814466680935
6.550,1.950,0.2722273670162523,-0.0036122439557874,-0.7526618789560183
6.650,1.950,0.2602519096018264,-0.0031486885879668,-0.7381126714047205
6.750,1.950,0.2512021997620673,-0.0027194727331566,-0.7281652275198367
6.850,1.950,0.2445634693008018,-0.0022697695583621,-0.7225173853255772
6.950,1.950,0.2398598070264237,-0.0017821818552972,-0.7207945606303399
7.050,1.950,0.2366404557451894,-0.0012769466812715,-0.7225894571089577
7.150,1.950,0.2345020152840032,-0.0007929537558673,-0.7274881956946442
7.250,1.950,0.2331312028605431,-0.0003608443239934,-0.7350889427995522
7.350,1.950,0.2323163756661730,0.0000090109771075,-0.7450166832061131
7.450,1.950,0.2319023150155415,0.0003148831573554,-0.7569347650521963
7.550,1.950,0.2317318906681621,0.0005463518527363,-0.7705515329025682
7.650,1.950,0.2316373198018384,0.0006836269123242,-0.7856199587824644
7.750,1.950,0.2314833940808066,0.0007134781177763,-0.8019300753051102
7.850,1.950,0.2312065319532026,0.0006435469816706,-0.8192975675880678
7.950,1.950,0.2308065950779654,0.0005015966800859,-0.8375542741761155
8.050,1.950,0.2303048100848053,0.0003227665189787,-0.8565445389188400
8.150,1.950,0.2297095714265941,0.0001368768187608,-0.8761267052568397
8.250,1.950,0.2290112489271944,-0.0000366302174568,-0.8961760699458624
8.350,1.950,0.2281956589707723,-0.0001872270232697,-0.9165862019002947
8.450,1.950,0.2272572448325700,-0.0003099403624493,-0.9372677977074790
8.550,1.950,0.2262032320472764,-0.0004029701311720,-0.9581458940241910
8.650,1.950,0.2250507432434857,-0.0004665926743357,-0.9791566441069517
8.750,1.950,0.2238220240546179,-0.0005026256543106,-1.0002444965316235
8.850,1.950,0.2225410463868287,-0.0005139156659495,-1.0213601055324579
8.950,1.950,0.2212321530518558,-0.0005037464706677,-1.0424589546104788
9.050,1.950,0.2199200336248638,-0.0004752894014904,-1.0635005246296028
9.150,1.950,0.2186301208707895,-0.0004312221800043,-1.0844478169849203
9.250,1.950,0.2173888252554255,-0.0003735605131296,-1.1052670794882937
9.350,1.950,0.2162234039503600,-0.0003036732528729,-1.1259276322508194
9.450,1.950,0.2151615033845838,-0.0002224171827368,-1.1464017329735767
9.550,1.950,0.2142305118929543,-0.0001303256417161,-1.1666644504747665
9.650,1.950,0.2134568636181927,-0.0000278003973656,-1.1866935333143276
9.750,1.950,0.2128653985058001,0.0000847243630384,-1.2064692702152677
9.850,1.950,0.2124788390806335,0.0002066602651301,-1.2259743436363737
9.950,1.950,0.2123174081576930,0.0003371877830679,-1.2451936795526781
